{"behaviors": {"static": {}, "dynamic": {"host": [{"tid": 318, "procname": "hone.MiniPlayer", "class": "ACCESS PERSONAL INFO", "subclass": "PHONE", "low": [{"method_name": "com.android.internal.telephony.IPhoneSubInfo.getDeviceId()()", "type": "BINDER", "id": 1842, "ts": 0}]}, {"tid": 318, "procname": "hone.MiniPlayer", "class": "ACCESS PERSONAL INFO", "subclass": "PHONE", "low": [{"method_name": "com.android.internal.telephony.IPhoneSubInfo.getSubscriberId()()", "type": "BINDER", "id": 1857, "ts": 0}]}, {"tid": 318, "procname": "hone.MiniPlayer", "class": "FS ACCESS", "low": [{"sysname": "open", "blob": "{'flags': 131138, 'mode': 420, 'filename': u'/data/data/com.ophone.MiniPlayer/databases/css_db\\x00'}", "type": "SYSCALL", "id": 1906, "ts": 0}, {"sysname": "write", "xref": 1906, "ts": 0, "blob": "{'filename': u'/data/data/com.ophone.MiniPlayer/databases/css_db'}", "type": "SYSCALL", "id": 1973}, {"sysname": "write", "xref": 1906, "ts": 0, "blob": "{'filename': u'/data/data/com.ophone.MiniPlayer/databases/css_db'}", "type": "SYSCALL", "id": 1975}, {"sysname": "write", "xref": 1906, "ts": 0, "blob": "{'filename': u'/data/data/com.ophone.MiniPlayer/databases/css_db'}", "type": "SYSCALL", "id": 1977}, {"sysname": "write", "xref": 1906, "ts": 0, "blob": "{'filename': u'/data/data/com.ophone.MiniPlayer/databases/css_db'}", "type": "SYSCALL", "id": 2044}, {"sysname": "write", "xref": 1906, "ts": 0, "blob": "{'filename': u'/data/data/com.ophone.MiniPlayer/databases/css_db'}", "type": "SYSCALL", "id": 2046}, {"sysname": "write", "xref": 1906, "ts": 0, "blob": "{'filename': u'/data/data/com.ophone.MiniPlayer/databases/css_db'}", "type": "SYSCALL", "id": 2132}, {"sysname": "write", "xref": 1906, "ts": 0, "blob": "{'filename': u'/data/data/com.ophone.MiniPlayer/databases/css_db'}", "type": "SYSCALL", "id": 2134}, {"sysname": "write", "xref": 1906, "ts": 0, "blob": "{'filename': u'/data/data/com.ophone.MiniPlayer/databases/css_db'}", "type": "SYSCALL", "id": 2136}, {"sysname": "write", "xref": 1906, "ts": 0, "blob": "{'filename': u'/data/data/com.ophone.MiniPlayer/databases/css_db'}", "type": "SYSCALL", "id": 2138}, {"sysname": "write", "xref": 1906, "ts": 0, "blob": "{'filename': u'/data/data/com.ophone.MiniPlayer/databases/css_db'}", "type": "SYSCALL", "id": 2140}]}, {"tid": 318, "procname": "hone.MiniPlayer", "class": "FS ACCESS", "low": [{"sysname": "open", "blob": "{'flags': 131649, 'mode': 384, 'filename': u'/data/data/com.ophone.MiniPlayer/shared_prefs/update_flag.xml\\x00'}", "type": "SYSCALL", "id": 2361, "ts": 0}, {"sysname": "write", "xref": 2361, "ts": 0, "blob": "{'filename': u'/data/data/com.ophone.MiniPlayer/shared_prefs/update_flag.xml'}", "type": "SYSCALL", "id": 2362}]}, {"tid": 326, "procname": "Thread-9", "class": "NETWORK ACCESS", "subclass": "DNS", "low": [{"sysname": "connect", "blob": "{'host': '10.0.2.3', 'retval': 0, 'port': 53}", "type": "SYSCALL", "id": 2962, "ts": 0}, {"sysname": "sendto", "xref": 2962, "ts": 0, "blob": "{'query_data': 'adrd.taxuan.net. 1 1'}", "type": "SYSCALL", "id": 2963}]}, {"tid": 328, "procname": "d.process.acore", "class": "ACCESS PERSONAL INFO", "subclass": "ACCOUNT", "low": [{"method_name": "android.accounts.IAccountManager.TRANSACTION_getAccounts()", "type": "BINDER", "id": 3863, "ts": 0}]}, {"tid": 332, "procname": "Binder Thread #", "class": "ACCESS PERSONAL INFO", "subclass": "ACCOUNT", "low": [{"method_name": "android.accounts.IAccountManager.TRANSACTION_getAccountsByFeatures()", "type": "BINDER", "id": 4471, "ts": 0}]}, {"tid": 318, "procname": "hone.MiniPlayer", "class": "ACCESS PERSONAL INFO", "subclass": "SMS", "low": [{"method_name": "android.app.IActivityManager.GET_CONTENT_PROVIDER_TRANSACTION()", "type": "BINDER", "id": 4649, "ts": 0}]}]}}, "userid": "joystick", "country": "UNAVAILABLE", "date_end": "N/A", "date_start": "N/A", "date_submitted": "2012-11-19 18:48:09", "static": "/copperdroid/reports//ADRD_genome_stimulated/09b143b430e836c513279c0209b7229a4d29a18c.apk.log", "submitter_ip": "127.0.0.1", "pcap": "/copperdroid/reports//ADRD_genome_stimulated/09b143b430e836c513279c0209b7229a4d29a18c.apk.pcap", "md5": "c05c25b769919fd7f1b12b4800e374b5"}