{"behaviors": {"static": {}, "dynamic": {"host": [{"tid": 318, "procname": "hone.MiniPlayer", "class": "ACCESS PERSONAL INFO", "subclass": "PHONE", "low": [{"method_name": "com.android.internal.telephony.IPhoneSubInfo.getDeviceId()()", "type": "BINDER", "id": 1870, "ts": 0}]}, {"tid": 318, "procname": "hone.MiniPlayer", "class": "ACCESS PERSONAL INFO", "subclass": "PHONE", "low": [{"method_name": "com.android.internal.telephony.IPhoneSubInfo.getSubscriberId()()", "type": "BINDER", "id": 1895, "ts": 0}]}, {"tid": 318, "procname": "hone.MiniPlayer", "class": "FS ACCESS", "low": [{"sysname": "open", "blob": "{'flags': 131138, 'mode': 420, 'filename': u'/data/data/com.ophone.MiniPlayer/databases/css_db\\x00'}", "type": "SYSCALL", "id": 1956, "ts": 0}, {"sysname": "write", "xref": 1956, "ts": 0, "blob": "{'filename': u'/data/data/com.ophone.MiniPlayer/databases/css_db'}", "type": "SYSCALL", "id": 2026}, {"sysname": "write", "xref": 1956, "ts": 0, "blob": "{'filename': u'/data/data/com.ophone.MiniPlayer/databases/css_db'}", "type": "SYSCALL", "id": 2028}, {"sysname": "write", "xref": 1956, "ts": 0, "blob": "{'filename': u'/data/data/com.ophone.MiniPlayer/databases/css_db'}", "type": "SYSCALL", "id": 2030}, {"sysname": "write", "xref": 1956, "ts": 0, "blob": "{'filename': u'/data/data/com.ophone.MiniPlayer/databases/css_db'}", "type": "SYSCALL", "id": 2091}, {"sysname": "write", "xref": 1956, "ts": 0, "blob": "{'filename': u'/data/data/com.ophone.MiniPlayer/databases/css_db'}", "type": "SYSCALL", "id": 2093}, {"sysname": "write", "xref": 1956, "ts": 0, "blob": "{'filename': u'/data/data/com.ophone.MiniPlayer/databases/css_db'}", "type": "SYSCALL", "id": 2191}, {"sysname": "write", "xref": 1956, "ts": 0, "blob": "{'filename': u'/data/data/com.ophone.MiniPlayer/databases/css_db'}", "type": "SYSCALL", "id": 2193}, {"sysname": "write", "xref": 1956, "ts": 0, "blob": "{'filename': u'/data/data/com.ophone.MiniPlayer/databases/css_db'}", "type": "SYSCALL", "id": 2195}, {"sysname": "write", "xref": 1956, "ts": 0, "blob": "{'filename': u'/data/data/com.ophone.MiniPlayer/databases/css_db'}", "type": "SYSCALL", "id": 2197}, {"sysname": "write", "xref": 1956, "ts": 0, "blob": "{'filename': u'/data/data/com.ophone.MiniPlayer/databases/css_db'}", "type": "SYSCALL", "id": 2199}]}, {"tid": 318, "procname": "hone.MiniPlayer", "class": "FS ACCESS", "low": [{"sysname": "open", "blob": "{'flags': 131649, 'mode': 384, 'filename': u'/data/data/com.ophone.MiniPlayer/shared_prefs/update_flag.xml\\x00'}", "type": "SYSCALL", "id": 2401, "ts": 0}, {"sysname": "write", "xref": 2401, "ts": 0, "blob": "{'filename': u'/data/data/com.ophone.MiniPlayer/shared_prefs/update_flag.xml'}", "type": "SYSCALL", "id": 2402}]}, {"tid": 326, "procname": "Thread-9", "class": "NETWORK ACCESS", "subclass": "DNS", "low": [{"sysname": "connect", "blob": "{'host': '10.0.2.3', 'retval': 0, 'port': 53}", "type": "SYSCALL", "id": 3022, "ts": 0}, {"sysname": "sendto", "xref": 3022, "ts": 0, "blob": "{'query_data': 'adrd.taxuan.net. 1 1'}", "type": "SYSCALL", "id": 3023}]}, {"tid": 328, "procname": "d.process.acore", "class": "ACCESS PERSONAL INFO", "subclass": "ACCOUNT", "low": [{"method_name": "android.accounts.IAccountManager.TRANSACTION_getAccounts()", "type": "BINDER", "id": 3910, "ts": 0}]}, {"tid": 332, "procname": "Binder Thread #", "class": "ACCESS PERSONAL INFO", "subclass": "ACCOUNT", "low": [{"method_name": "android.accounts.IAccountManager.TRANSACTION_getAccountsByFeatures()", "type": "BINDER", "id": 4480, "ts": 0}]}, {"tid": 318, "procname": "hone.MiniPlayer", "class": "ACCESS PERSONAL INFO", "subclass": "SMS", "low": [{"method_name": "android.app.IActivityManager.GET_CONTENT_PROVIDER_TRANSACTION()", "type": "BINDER", "id": 4670, "ts": 0}]}]}}, "userid": "joystick", "country": "UNAVAILABLE", "date_end": "N/A", "date_start": "N/A", "date_submitted": "2012-11-19 18:48:18", "static": "/copperdroid/reports//ADRD_genome_stimulated/32cd5dbef434b926ce34e89f0d185fe8d1b5fdfb.apk.log", "submitter_ip": "127.0.0.1", "pcap": "/copperdroid/reports//ADRD_genome_stimulated/32cd5dbef434b926ce34e89f0d185fe8d1b5fdfb.apk.pcap", "md5": "39c1bfbb62687e1b1d2bc4d273600448"}