{"behaviors": {"static": {}, "dynamic": {"host": [{"tid": 318, "procname": "hone.MiniPlayer", "class": "ACCESS PERSONAL INFO", "subclass": "PHONE", "low": [{"method_name": "com.android.internal.telephony.IPhoneSubInfo.getDeviceId()()", "type": "BINDER", "id": 2061, "ts": 0}]}, {"tid": 318, "procname": "hone.MiniPlayer", "class": "ACCESS PERSONAL INFO", "subclass": "PHONE", "low": [{"method_name": "com.android.internal.telephony.IPhoneSubInfo.getSubscriberId()()", "type": "BINDER", "id": 2086, "ts": 0}]}, {"tid": 318, "procname": "hone.MiniPlayer", "class": "FS ACCESS", "low": [{"sysname": "open", "blob": "{'flags': 131138, 'mode': 420, 'filename': u'/data/data/com.ophone.MiniPlayer/databases/css_db\\x00'}", "type": "SYSCALL", "id": 2138, "ts": 0}, {"sysname": "write", "xref": 2138, "ts": 0, "blob": "{'filename': u'/data/data/com.ophone.MiniPlayer/databases/css_db'}", "type": "SYSCALL", "id": 2203}, {"sysname": "write", "xref": 2138, "ts": 0, "blob": "{'filename': u'/data/data/com.ophone.MiniPlayer/databases/css_db'}", "type": "SYSCALL", "id": 2205}, {"sysname": "write", "xref": 2138, "ts": 0, "blob": "{'filename': u'/data/data/com.ophone.MiniPlayer/databases/css_db'}", "type": "SYSCALL", "id": 2207}, {"sysname": "write", "xref": 2138, "ts": 0, "blob": "{'filename': u'/data/data/com.ophone.MiniPlayer/databases/css_db'}", "type": "SYSCALL", "id": 2265}, {"sysname": "write", "xref": 2138, "ts": 0, "blob": "{'filename': u'/data/data/com.ophone.MiniPlayer/databases/css_db'}", "type": "SYSCALL", "id": 2267}, {"sysname": "write", "xref": 2138, "ts": 0, "blob": "{'filename': u'/data/data/com.ophone.MiniPlayer/databases/css_db'}", "type": "SYSCALL", "id": 2362}, {"sysname": "write", "xref": 2138, "ts": 0, "blob": "{'filename': u'/data/data/com.ophone.MiniPlayer/databases/css_db'}", "type": "SYSCALL", "id": 2364}, {"sysname": "write", "xref": 2138, "ts": 0, "blob": "{'filename': u'/data/data/com.ophone.MiniPlayer/databases/css_db'}", "type": "SYSCALL", "id": 2366}, {"sysname": "write", "xref": 2138, "ts": 0, "blob": "{'filename': u'/data/data/com.ophone.MiniPlayer/databases/css_db'}", "type": "SYSCALL", "id": 2368}, {"sysname": "write", "xref": 2138, "ts": 0, "blob": "{'filename': u'/data/data/com.ophone.MiniPlayer/databases/css_db'}", "type": "SYSCALL", "id": 2370}]}, {"tid": 318, "procname": "hone.MiniPlayer", "class": "FS ACCESS", "low": [{"sysname": "open", "blob": "{'flags': 131649, 'mode': 384, 'filename': u'/data/data/com.ophone.MiniPlayer/shared_prefs/update_flag.xml\\x00'}", "type": "SYSCALL", "id": 2587, "ts": 0}, {"sysname": "write", "xref": 2587, "ts": 0, "blob": "{'filename': u'/data/data/com.ophone.MiniPlayer/shared_prefs/update_flag.xml'}", "type": "SYSCALL", "id": 2588}]}, {"tid": 77, "procname": "ActivityManager", "class": "ACCESS PERSONAL INFO", "subclass": "SMS", "low": [{"recv by": "com.ophone.MiniPlayer", "intent": "android.provider.Telephony.SMS_RECEIVED", "type": "INTENT", "id": 3199, "ts": 0}]}, {"tid": 326, "procname": "Thread-9", "class": "NETWORK ACCESS", "subclass": "DNS", "low": [{"sysname": "connect", "blob": "{'host': '10.0.2.3', 'retval': 0, 'port': 53}", "type": "SYSCALL", "id": 3362, "ts": 0}, {"sysname": "sendto", "xref": 3362, "ts": 0, "blob": "{'query_data': 'adrd.taxuan.net. 1 1'}", "type": "SYSCALL", "id": 3363}]}, {"tid": 318, "procname": "hone.MiniPlayer", "class": "ACCESS PERSONAL INFO", "subclass": "PHONE", "low": [{"method_name": "com.android.internal.telephony.ITelephony.TRANSACTION_getActivePhoneType()", "type": "BINDER", "id": 3479, "ts": 0}]}, {"tid": 65, "procname": "system_server", "class": "ACCESS PERSONAL INFO", "subclass": "SMS", "low": [{"recv by": "com.ophone.MiniPlayer", "intent": "android.provider.Telephony.SMS_RECEIVED", "type": "INTENT", "id": 4072, "ts": 0}]}, {"tid": 318, "procname": "hone.MiniPlayer", "class": "ACCESS PERSONAL INFO", "subclass": "PHONE", "low": [{"method_name": "com.android.internal.telephony.ITelephony.TRANSACTION_getActivePhoneType()", "type": "BINDER", "id": 4703, "ts": 0}]}, {"tid": 328, "procname": "d.process.acore", "class": "ACCESS PERSONAL INFO", "subclass": "ACCOUNT", "low": [{"method_name": "android.accounts.IAccountManager.TRANSACTION_getAccounts()", "type": "BINDER", "id": 5646, "ts": 0}]}, {"tid": 333, "procname": "Binder Thread #", "class": "ACCESS PERSONAL INFO", "subclass": "ACCOUNT", "low": [{"method_name": "android.accounts.IAccountManager.TRANSACTION_getAccountsByFeatures()", "type": "BINDER", "id": 6219, "ts": 0}]}, {"tid": 318, "procname": "hone.MiniPlayer", "class": "ACCESS PERSONAL INFO", "subclass": "SMS", "low": [{"method_name": "android.app.IActivityManager.GET_CONTENT_PROVIDER_TRANSACTION()", "type": "BINDER", "id": 6406, "ts": 0}]}]}}, "userid": "joystick", "country": "UNAVAILABLE", "date_end": "N/A", "date_start": "N/A", "date_submitted": "2012-11-19 18:48:05", "static": "/copperdroid/reports//ADRD_genome_stimulated/40156a176bb4554853f767bb6647fd0ac1925eac.apk.log", "submitter_ip": "127.0.0.1", "pcap": "/copperdroid/reports//ADRD_genome_stimulated/40156a176bb4554853f767bb6647fd0ac1925eac.apk.pcap", "md5": "5239221623bf45f742aab926273df4eb"}