{"behaviors": {"static": {}, "dynamic": {"host": [{"tid": 335, "procname": "paper.dandelion", "class": "ACCESS PERSONAL INFO", "subclass": "PHONE", "low": [{"method_name": "com.android.internal.telephony.IPhoneSubInfo.getDeviceId()()", "type": "BINDER", "id": 2635, "ts": 0}]}, {"tid": 335, "procname": "paper.dandelion", "class": "ACCESS PERSONAL INFO", "subclass": "PHONE", "low": [{"method_name": "com.android.internal.telephony.IPhoneSubInfo.getSubscriberId()()", "type": "BINDER", "id": 2647, "ts": 0}]}, {"tid": 335, "procname": "paper.dandelion", "class": "FS ACCESS", "low": [{"sysname": "open", "blob": "{'flags': 131649, 'mode': 384, 'filename': u'/data/data/com.tat.livewallpaper.dandelion/shared_prefs/update_flag.xml\\x00'}", "type": "SYSCALL", "id": 2713, "ts": 0}, {"sysname": "write", "xref": 2713, "ts": 0, "blob": "{'filename': u'/data/data/com.tat.livewallpaper.dandelion/shared_prefs/update_flag.xml'}", "type": "SYSCALL", "id": 2714}]}, {"tid": 342, "procname": "Thread-8", "class": "NETWORK ACCESS", "subclass": "DNS", "low": [{"sysname": "connect", "blob": "{'host': '10.0.2.3', 'retval': 0, 'port': 53}", "type": "SYSCALL", "id": 2986, "ts": 0}, {"sysname": "sendto", "xref": 2986, "ts": 0, "blob": "{'query_data': 'adrd.taxuan.net. 1 1'}", "type": "SYSCALL", "id": 2987}]}, {"tid": 77, "procname": "ActivityManager", "class": "ACCESS PERSONAL INFO", "subclass": "CALL", "low": [{"recv by": "com.tat.livewallpaper.dandelion", "intent": "android.intent.action.PHONE_STATE", "type": "INTENT", "id": 3021, "ts": 0}]}, {"tid": 77, "procname": "ActivityManager", "class": "ACCESS PERSONAL INFO", "subclass": "CALL", "low": [{"recv by": "com.tat.livewallpaper.dandelion", "intent": "android.intent.action.PHONE_STATE", "type": "INTENT", "id": 3093, "ts": 0}]}, {"tid": 77, "procname": "ActivityManager", "class": "ACCESS PERSONAL INFO", "subclass": "CALL", "low": [{"recv by": "com.tat.livewallpaper.dandelion", "intent": "android.intent.action.PHONE_STATE", "type": "INTENT", "id": 3207, "ts": 0}]}, {"tid": 335, "procname": "paper.dandelion", "class": "FS ACCESS", "low": [{"sysname": "open", "blob": "{'flags': 131649, 'mode': 384, 'filename': u'/data/data/com.tat.livewallpaper.dandelion/shared_prefs/phone_start.xml\\x00'}", "type": "SYSCALL", "id": 3245, "ts": 0}, {"sysname": "write", "xref": 3245, "ts": 0, "blob": "{'filename': u'/data/data/com.tat.livewallpaper.dandelion/shared_prefs/phone_start.xml'}", "type": "SYSCALL", "id": 3250}]}]}}, "userid": "joystick", "country": "UNAVAILABLE", "date_end": "N/A", "date_start": "N/A", "date_submitted": "2012-11-19 18:47:43", "static": "/copperdroid/reports//ADRD_genome_stimulated/53dc08f08005f374a957afa44607ab52f205b684.apk.log", "submitter_ip": "127.0.0.1", "pcap": "/copperdroid/reports//ADRD_genome_stimulated/53dc08f08005f374a957afa44607ab52f205b684.apk.pcap", "md5": "5192ad05597e7a148f642be43f6441f6"}