{"behaviors": {"static": {}, "dynamic": {"host": [{"tid": 319, "procname": "hone.MiniPlayer", "class": "ACCESS PERSONAL INFO", "subclass": "PHONE", "low": [{"method_name": "com.android.internal.telephony.IPhoneSubInfo.getDeviceId()()", "type": "BINDER", "id": 1852, "ts": 0}]}, {"tid": 319, "procname": "hone.MiniPlayer", "class": "ACCESS PERSONAL INFO", "subclass": "PHONE", "low": [{"method_name": "com.android.internal.telephony.IPhoneSubInfo.getSubscriberId()()", "type": "BINDER", "id": 1867, "ts": 0}]}, {"tid": 319, "procname": "hone.MiniPlayer", "class": "FS ACCESS", "low": [{"sysname": "open", "blob": "{'flags': 131138, 'mode': 420, 'filename': u'/data/data/com.ophone.MiniPlayer/databases/css_db\\x00'}", "type": "SYSCALL", "id": 1928, "ts": 0}, {"sysname": "write", "xref": 1928, "ts": 0, "blob": "{'filename': u'/data/data/com.ophone.MiniPlayer/databases/css_db'}", "type": "SYSCALL", "id": 1995}, {"sysname": "write", "xref": 1928, "ts": 0, "blob": "{'filename': u'/data/data/com.ophone.MiniPlayer/databases/css_db'}", "type": "SYSCALL", "id": 1997}, {"sysname": "write", "xref": 1928, "ts": 0, "blob": "{'filename': u'/data/data/com.ophone.MiniPlayer/databases/css_db'}", "type": "SYSCALL", "id": 1999}, {"sysname": "write", "xref": 1928, "ts": 0, "blob": "{'filename': u'/data/data/com.ophone.MiniPlayer/databases/css_db'}", "type": "SYSCALL", "id": 2060}, {"sysname": "write", "xref": 1928, "ts": 0, "blob": "{'filename': u'/data/data/com.ophone.MiniPlayer/databases/css_db'}", "type": "SYSCALL", "id": 2062}, {"sysname": "write", "xref": 1928, "ts": 0, "blob": "{'filename': u'/data/data/com.ophone.MiniPlayer/databases/css_db'}", "type": "SYSCALL", "id": 2155}, {"sysname": "write", "xref": 1928, "ts": 0, "blob": "{'filename': u'/data/data/com.ophone.MiniPlayer/databases/css_db'}", "type": "SYSCALL", "id": 2157}, {"sysname": "write", "xref": 1928, "ts": 0, "blob": "{'filename': u'/data/data/com.ophone.MiniPlayer/databases/css_db'}", "type": "SYSCALL", "id": 2159}, {"sysname": "write", "xref": 1928, "ts": 0, "blob": "{'filename': u'/data/data/com.ophone.MiniPlayer/databases/css_db'}", "type": "SYSCALL", "id": 2161}, {"sysname": "write", "xref": 1928, "ts": 0, "blob": "{'filename': u'/data/data/com.ophone.MiniPlayer/databases/css_db'}", "type": "SYSCALL", "id": 2163}]}, {"tid": 319, "procname": "hone.MiniPlayer", "class": "FS ACCESS", "low": [{"sysname": "open", "blob": "{'flags': 131649, 'mode': 384, 'filename': u'/data/data/com.ophone.MiniPlayer/shared_prefs/update_flag.xml\\x00'}", "type": "SYSCALL", "id": 2384, "ts": 0}, {"sysname": "write", "xref": 2384, "ts": 0, "blob": "{'filename': u'/data/data/com.ophone.MiniPlayer/shared_prefs/update_flag.xml'}", "type": "SYSCALL", "id": 2385}]}, {"tid": 327, "procname": "Thread-9", "class": "NETWORK ACCESS", "subclass": "DNS", "low": [{"sysname": "connect", "blob": "{'host': '10.0.2.3', 'retval': 0, 'port': 53}", "type": "SYSCALL", "id": 3036, "ts": 0}, {"sysname": "sendto", "xref": 3036, "ts": 0, "blob": "{'query_data': 'adrd.taxuan.net. 1 1'}", "type": "SYSCALL", "id": 3037}]}, {"tid": 77, "procname": "ActivityManager", "class": "ACCESS PERSONAL INFO", "subclass": "SMS", "low": [{"recv by": "com.ophone.MiniPlayer", "intent": "android.provider.Telephony.SMS_RECEIVED", "type": "INTENT", "id": 3076, "ts": 0}]}, {"tid": 319, "procname": "hone.MiniPlayer", "class": "ACCESS PERSONAL INFO", "subclass": "PHONE", "low": [{"method_name": "com.android.internal.telephony.ITelephony.TRANSACTION_getActivePhoneType()", "type": "BINDER", "id": 3272, "ts": 0}]}, {"tid": 164, "procname": "Binder Thread #", "class": "ACCESS PERSONAL INFO", "subclass": "SMS", "low": [{"recv by": "com.ophone.MiniPlayer", "intent": "android.provider.Telephony.SMS_RECEIVED", "type": "INTENT", "id": 3862, "ts": 0}]}, {"tid": 319, "procname": "hone.MiniPlayer", "class": "ACCESS PERSONAL INFO", "subclass": "PHONE", "low": [{"method_name": "com.android.internal.telephony.ITelephony.TRANSACTION_getActivePhoneType()", "type": "BINDER", "id": 4344, "ts": 0}]}, {"tid": 329, "procname": "d.process.acore", "class": "ACCESS PERSONAL INFO", "subclass": "ACCOUNT", "low": [{"method_name": "android.accounts.IAccountManager.TRANSACTION_getAccounts()", "type": "BINDER", "id": 5409, "ts": 0}]}, {"tid": 334, "procname": "Binder Thread #", "class": "ACCESS PERSONAL INFO", "subclass": "ACCOUNT", "low": [{"method_name": "android.accounts.IAccountManager.TRANSACTION_getAccountsByFeatures()", "type": "BINDER", "id": 6009, "ts": 0}]}, {"tid": 319, "procname": "hone.MiniPlayer", "class": "ACCESS PERSONAL INFO", "subclass": "SMS", "low": [{"method_name": "android.app.IActivityManager.GET_CONTENT_PROVIDER_TRANSACTION()", "type": "BINDER", "id": 6157, "ts": 0}]}]}}, "userid": "joystick", "country": "UNAVAILABLE", "date_end": "N/A", "date_start": "N/A", "date_submitted": "2012-11-19 18:48:27", "static": "/copperdroid/reports//ADRD_genome_stimulated/657d6567d102d4d2185a4d9a9874d460bfb052c6.apk.log", "submitter_ip": "127.0.0.1", "pcap": "/copperdroid/reports//ADRD_genome_stimulated/657d6567d102d4d2185a4d9a9874d460bfb052c6.apk.pcap", "md5": "e0f9b0fc7b27b3804dc5be4b197f0677"}