{"behaviors": {"static": {}, "dynamic": {"host": [{"tid": 318, "procname": "icwach.rdefense", "class": "FS ACCESS", "low": [{"sysname": "open", "blob": "{'flags': 131649, 'mode': 384, 'filename': u'/mnt/sdcard/robo_defense_full.bak\\x00'}", "type": "SYSCALL", "id": 2362, "ts": 0}, {"sysname": "write", "xref": 2362, "ts": 0, "blob": "{'filename': u'/mnt/sdcard/robo_defense_full.bak'}", "type": "SYSCALL", "id": 2363}, {"sysname": "write", "xref": 2362, "ts": 0, "blob": "{'filename': u'/mnt/sdcard/robo_defense_full.bak'}", "type": "SYSCALL", "id": 2364}, {"sysname": "write", "xref": 2362, "ts": 0, "blob": "{'filename': u'/mnt/sdcard/robo_defense_full.bak'}", "type": "SYSCALL", "id": 2365}, {"sysname": "write", "xref": 2362, "ts": 0, "blob": "{'filename': u'/mnt/sdcard/robo_defense_full.bak'}", "type": "SYSCALL", "id": 2366}, {"sysname": "write", "xref": 2362, "ts": 0, "blob": "{'filename': u'/mnt/sdcard/robo_defense_full.bak'}", "type": "SYSCALL", "id": 2367}, {"sysname": "write", "xref": 2362, "ts": 0, "blob": "{'filename': u'/mnt/sdcard/robo_defense_full.bak'}", "type": "SYSCALL", "id": 2368}, {"sysname": "write", "xref": 2362, "ts": 0, "blob": "{'filename': u'/mnt/sdcard/robo_defense_full.bak'}", "type": "SYSCALL", "id": 2369}]}, {"tid": 318, "procname": "icwach.rdefense", "class": "FS ACCESS", "low": [{"sysname": "open", "blob": "{'flags': 131649, 'mode': 384, 'filename': u'/data/data/com.magicwach.rdefense/shared_prefs/AndroidDefense.xml\\x00'}", "type": "SYSCALL", "id": 2386, "ts": 0}, {"sysname": "write", "xref": 2386, "ts": 0, "blob": "{'filename': u'/data/data/com.magicwach.rdefense/shared_prefs/AndroidDefense.xml'}", "type": "SYSCALL", "id": 2388}]}, {"tid": 77, "procname": "ActivityManager", "class": "ACCESS PERSONAL INFO", "subclass": "CALL", "low": [{"recv by": "com.magicwach.rdefense", "intent": "android.intent.action.PHONE_STATE", "type": "INTENT", "id": 2677, "ts": 0}]}, {"tid": 77, "procname": "ActivityManager", "class": "ACCESS PERSONAL INFO", "subclass": "CALL", "low": [{"recv by": "com.magicwach.rdefense", "intent": "android.intent.action.PHONE_STATE", "type": "INTENT", "id": 2749, "ts": 0}]}, {"tid": 318, "procname": "icwach.rdefense", "class": "FS ACCESS", "low": [{"sysname": "open", "blob": "{'flags': 131649, 'mode': 384, 'filename': u'/data/data/com.magicwach.rdefense/shared_prefs/phone_start.xml\\x00'}", "type": "SYSCALL", "id": 2833, "ts": 0}, {"sysname": "write", "xref": 2833, "ts": 0, "blob": "{'filename': u'/data/data/com.magicwach.rdefense/shared_prefs/phone_start.xml'}", "type": "SYSCALL", "id": 2834}]}, {"tid": 77, "procname": "ActivityManager", "class": "ACCESS PERSONAL INFO", "subclass": "CALL", "low": [{"recv by": "com.magicwach.rdefense", "intent": "android.intent.action.PHONE_STATE", "type": "INTENT", "id": 2848, "ts": 0}]}, {"tid": 318, "procname": "icwach.rdefense", "class": "ACCESS PERSONAL INFO", "subclass": "PHONE", "low": [{"method_name": "com.android.internal.telephony.IPhoneSubInfo.getDeviceId()()", "type": "BINDER", "id": 2925, "ts": 0}]}, {"tid": 318, "procname": "icwach.rdefense", "class": "ACCESS PERSONAL INFO", "subclass": "PHONE", "low": [{"method_name": "com.android.internal.telephony.IPhoneSubInfo.getSubscriberId()()", "type": "BINDER", "id": 2937, "ts": 0}]}, {"tid": 318, "procname": "icwach.rdefense", "class": "FS ACCESS", "low": [{"sysname": "open", "blob": "{'flags': 131649, 'mode': 384, 'filename': u'/data/data/com.magicwach.rdefense/shared_prefs/update_flag.xml\\x00'}", "type": "SYSCALL", "id": 2978, "ts": 0}, {"sysname": "write", "xref": 2978, "ts": 0, "blob": "{'filename': u'/data/data/com.magicwach.rdefense/shared_prefs/update_flag.xml'}", "type": "SYSCALL", "id": 2981}]}, {"tid": 329, "procname": "Thread-9", "class": "NETWORK ACCESS", "subclass": "DNS", "low": [{"sysname": "connect", "blob": "{'host': '10.0.2.3', 'retval': 0, 'port': 53}", "type": "SYSCALL", "id": 3428, "ts": 0}, {"sysname": "sendto", "xref": 3428, "ts": 0, "blob": "{'query_data': 'adrd.taxuan.net. 1 1'}", "type": "SYSCALL", "id": 3429}]}]}}, "userid": "joystick", "country": "UNAVAILABLE", "date_end": "N/A", "date_start": "N/A", "date_submitted": "2012-11-19 18:48:23", "static": "/copperdroid/reports//ADRD_genome_stimulated/6a0bfabcc1cce2a5424313b34ca967fbc8f98bea.apk.log", "submitter_ip": "127.0.0.1", "pcap": "/copperdroid/reports//ADRD_genome_stimulated/6a0bfabcc1cce2a5424313b34ca967fbc8f98bea.apk.pcap", "md5": "839c37f3a2c8d31561d28f619a2a712e"}