{"behaviors": {"static": {}, "dynamic": {"host": [{"tid": 318, "procname": "com.tt.yy", "class": "ACCESS PERSONAL INFO", "subclass": "PHONE", "low": [{"method_name": "com.android.internal.telephony.IPhoneSubInfo.getDeviceId()()", "type": "BINDER", "id": 1445, "ts": 0}]}, {"tid": 318, "procname": "com.tt.yy", "class": "ACCESS PERSONAL INFO", "subclass": "PHONE", "low": [{"method_name": "com.android.internal.telephony.IPhoneSubInfo.getSubscriberId()()", "type": "BINDER", "id": 1457, "ts": 0}]}, {"tid": 318, "procname": "com.tt.yy", "class": "FS ACCESS", "low": [{"sysname": "open", "blob": "{'flags': 131138, 'mode': 420, 'filename': u'/data/data/com.tt.yy/databases/css_db\\x00'}", "type": "SYSCALL", "id": 1489, "ts": 0}, {"sysname": "write", "xref": 1489, "ts": 0, "blob": "{'filename': u'/data/data/com.tt.yy/databases/css_db'}", "type": "SYSCALL", "id": 1551}, {"sysname": "write", "xref": 1489, "ts": 0, "blob": "{'filename': u'/data/data/com.tt.yy/databases/css_db'}", "type": "SYSCALL", "id": 1553}, {"sysname": "write", "xref": 1489, "ts": 0, "blob": "{'filename': u'/data/data/com.tt.yy/databases/css_db'}", "type": "SYSCALL", "id": 1555}, {"sysname": "write", "xref": 1489, "ts": 0, "blob": "{'filename': u'/data/data/com.tt.yy/databases/css_db'}", "type": "SYSCALL", "id": 1609}, {"sysname": "write", "xref": 1489, "ts": 0, "blob": "{'filename': u'/data/data/com.tt.yy/databases/css_db'}", "type": "SYSCALL", "id": 1611}, {"sysname": "write", "xref": 1489, "ts": 0, "blob": "{'filename': u'/data/data/com.tt.yy/databases/css_db'}", "type": "SYSCALL", "id": 1686}, {"sysname": "write", "xref": 1489, "ts": 0, "blob": "{'filename': u'/data/data/com.tt.yy/databases/css_db'}", "type": "SYSCALL", "id": 1688}, {"sysname": "write", "xref": 1489, "ts": 0, "blob": "{'filename': u'/data/data/com.tt.yy/databases/css_db'}", "type": "SYSCALL", "id": 1690}, {"sysname": "write", "xref": 1489, "ts": 0, "blob": "{'filename': u'/data/data/com.tt.yy/databases/css_db'}", "type": "SYSCALL", "id": 1692}, {"sysname": "write", "xref": 1489, "ts": 0, "blob": "{'filename': u'/data/data/com.tt.yy/databases/css_db'}", "type": "SYSCALL", "id": 1694}]}, {"tid": 325, "procname": "Thread-8", "class": "NETWORK ACCESS", "subclass": "DNS", "low": [{"sysname": "connect", "blob": "{'host': '10.0.2.3', 'retval': 0, 'port': 53}", "type": "SYSCALL", "id": 2327, "ts": 0}, {"sysname": "sendto", "xref": 2327, "ts": 0, "blob": "{'query_data': 'adrd.taxuan.net. 1 1'}", "type": "SYSCALL", "id": 2328}]}, {"tid": 318, "procname": "com.tt.yy", "class": "ACCESS PERSONAL INFO", "subclass": "SMS", "low": [{"method_name": "android.app.IActivityManager.GET_CONTENT_PROVIDER_TRANSACTION()", "type": "BINDER", "id": 2779, "ts": 0}]}]}}, "userid": "joystick", "country": "UNAVAILABLE", "date_end": "N/A", "date_start": "N/A", "date_submitted": "2012-11-19 18:48:14", "static": "/copperdroid/reports//ADRD_genome_stimulated/730fed46dc7f13691906f46111ee5e05aa1b854e.apk.log", "submitter_ip": "127.0.0.1", "pcap": "/copperdroid/reports//ADRD_genome_stimulated/730fed46dc7f13691906f46111ee5e05aa1b854e.apk.pcap", "md5": "c8dd6167c9e61bd7a277de708139aa55"}