{"behaviors": {"static": {}, "dynamic": {"host": [{"tid": 318, "procname": "catgames.Xplore", "class": "ACCESS PERSONAL INFO", "subclass": "PHONE", "low": [{"method_name": "com.android.internal.telephony.IPhoneSubInfo.getDeviceId()()", "type": "BINDER", "id": 1700, "ts": 0}]}, {"tid": 318, "procname": "catgames.Xplore", "class": "FS ACCESS", "low": [{"sysname": "open", "blob": "{'flags': 131649, 'mode': 438, 'filename': u'/data/data/com.lonelycatgames.Xplore/Explorer/config.txt\\x00'}", "type": "SYSCALL", "id": 1777, "ts": 0}, {"sysname": "write", "xref": 1777, "ts": 0, "blob": "{'filename': u'/data/data/com.lonelycatgames.Xplore/Explorer/config.txt'}", "type": "SYSCALL", "id": 1781}]}, {"tid": 318, "procname": "catgames.Xplore", "class": "FS ACCESS", "low": [{"sysname": "open", "blob": "{'flags': 131649, 'mode': 438, 'filename': u'/data/data/com.lonelycatgames.Xplore/cnt\\x00'}", "type": "SYSCALL", "id": 2091, "ts": 0}, {"sysname": "write", "xref": 2091, "ts": 0, "blob": "{'filename': u'/data/data/com.lonelycatgames.Xplore/cnt'}", "type": "SYSCALL", "id": 2095}]}, {"tid": 318, "procname": "catgames.Xplore", "class": "FS ACCESS", "low": [{"sysname": "open", "blob": "{'flags': 131649, 'mode': 438, 'filename': u'/data/data/com.lonelycatgames.Xplore/reginf.dat\\x00'}", "type": "SYSCALL", "id": 2188, "ts": 0}, {"sysname": "write", "xref": 2188, "ts": 0, "blob": "{'filename': u'/data/data/com.lonelycatgames.Xplore/reginf.dat'}", "type": "SYSCALL", "id": 2192}]}, {"tid": 318, "procname": "catgames.Xplore", "class": "FS ACCESS", "low": [{"sysname": "open", "blob": "{'flags': 131649, 'mode': 438, 'filename': u'/data/data/com.lonelycatgames.Xplore/Explorer/config.txt\\x00'}", "type": "SYSCALL", "id": 2364, "ts": 0}, {"sysname": "write", "xref": 2364, "ts": 0, "blob": "{'filename': u'/data/data/com.lonelycatgames.Xplore/Explorer/config.txt'}", "type": "SYSCALL", "id": 2368}]}, {"tid": 77, "procname": "ActivityManager", "class": "ACCESS PERSONAL INFO", "subclass": "CALL", "low": [{"recv by": "com.lonelycatgames.Xplore", "intent": "android.intent.action.PHONE_STATE", "type": "INTENT", "id": 3792, "ts": 0}]}, {"tid": 77, "procname": "ActivityManager", "class": "ACCESS PERSONAL INFO", "subclass": "CALL", "low": [{"recv by": "com.lonelycatgames.Xplore", "intent": "android.intent.action.PHONE_STATE", "type": "INTENT", "id": 4863, "ts": 0}]}, {"tid": 77, "procname": "ActivityManager", "class": "ACCESS PERSONAL INFO", "subclass": "CALL", "low": [{"recv by": "com.lonelycatgames.Xplore", "intent": "android.intent.action.PHONE_STATE", "type": "INTENT", "id": 5340, "ts": 0}]}, {"tid": 318, "procname": "catgames.Xplore", "class": "FS ACCESS", "low": [{"sysname": "open", "blob": "{'flags': 131649, 'mode': 384, 'filename': u'/data/data/com.lonelycatgames.Xplore/shared_prefs/phone_start.xml\\x00'}", "type": "SYSCALL", "id": 5445, "ts": 0}, {"sysname": "write", "xref": 5445, "ts": 0, "blob": "{'filename': u'/data/data/com.lonelycatgames.Xplore/shared_prefs/phone_start.xml'}", "type": "SYSCALL", "id": 5492}]}, {"tid": 318, "procname": "catgames.Xplore", "class": "ACCESS PERSONAL INFO", "subclass": "PHONE", "low": [{"method_name": "com.android.internal.telephony.IPhoneSubInfo.getDeviceId()()", "type": "BINDER", "id": 5973, "ts": 0}]}, {"tid": 318, "procname": "catgames.Xplore", "class": "ACCESS PERSONAL INFO", "subclass": "PHONE", "low": [{"method_name": "com.android.internal.telephony.IPhoneSubInfo.getSubscriberId()()", "type": "BINDER", "id": 6026, "ts": 0}]}, {"tid": 318, "procname": "catgames.Xplore", "class": "FS ACCESS", "low": [{"sysname": "open", "blob": "{'flags': 131649, 'mode': 384, 'filename': u'/data/data/com.lonelycatgames.Xplore/shared_prefs/update_flag.xml\\x00'}", "type": "SYSCALL", "id": 6154, "ts": 0}, {"sysname": "write", "xref": 6154, "ts": 0, "blob": "{'filename': u'/data/data/com.lonelycatgames.Xplore/shared_prefs/update_flag.xml'}", "type": "SYSCALL", "id": 6176}]}, {"tid": 335, "procname": "Thread-12", "class": "NETWORK ACCESS", "subclass": "DNS", "low": [{"sysname": "connect", "blob": "{'host': '10.0.2.3', 'retval': 0, 'port': 53}", "type": "SYSCALL", "id": 8332, "ts": 0}, {"sysname": "sendto", "xref": 8332, "ts": 0, "blob": "{'query_data': 'adrd.taxuan.net. 1 1'}", "type": "SYSCALL", "id": 8333}]}]}}, "userid": "joystick", "country": "UNAVAILABLE", "date_end": "N/A", "date_start": "N/A", "date_submitted": "2012-11-19 18:47:54", "static": "/copperdroid/reports//ADRD_genome_stimulated/744c0c7091630fc5a999277b95dc0b1cf3b68153.apk.log", "submitter_ip": "127.0.0.1", "pcap": "/copperdroid/reports//ADRD_genome_stimulated/744c0c7091630fc5a999277b95dc0b1cf3b68153.apk.pcap", "md5": "d54207189a5227f08765f6c8d3b080ab"}