{"behaviors": {"static": {}, "dynamic": {"host": [{"tid": 318, "procname": "m.olivephone.cu", "class": "ACCESS PERSONAL INFO", "subclass": "PHONE", "low": [{"method_name": "com.android.internal.telephony.IPhoneSubInfo.getDeviceId()()", "type": "BINDER", "id": 2215, "ts": 0}]}, {"tid": 327, "procname": "Thread-11", "class": "NETWORK ACCESS", "subclass": "DNS", "low": [{"sysname": "connect", "blob": "{'host': '10.0.2.3', 'retval': 0, 'port': 53}", "type": "SYSCALL", "id": 2224, "ts": 0}, {"sysname": "sendto", "xref": 2224, "ts": 0, "blob": "{'query_data': 'webservice.webxml.com.cn. 1 1'}", "type": "SYSCALL", "id": 2225}]}, {"tid": 318, "procname": "m.olivephone.cu", "class": "ACCESS PERSONAL INFO", "subclass": "PHONE", "low": [{"method_name": "com.android.internal.telephony.IPhoneSubInfo.getSubscriberId()()", "type": "BINDER", "id": 2233, "ts": 0}]}, {"tid": 326, "procname": "Thread-10", "class": "NETWORK ACCESS", "subclass": "DNS", "low": [{"sysname": "connect", "blob": "{'host': '10.0.2.3', 'retval': 0, 'port': 53}", "type": "SYSCALL", "id": 2295, "ts": 0}, {"sysname": "sendto", "xref": 2295, "ts": 0, "blob": "{'query_data': 'webservice.webxml.com.cn. 1 1'}", "type": "SYSCALL", "id": 2296}]}, {"tid": 327, "procname": "Thread-11", "class": "NETWORK ACCESS", "subclass": "HTTP", "low": [{"sysname": "connect", "blob": "{'host': '::ffff:61.147.124.120', 'retval': -115, 'port': 80}", "type": "SYSCALL", "id": 2324, "ts": 0}, {"sysname": "sendto", "xref": 2324, "ts": 0, "blob": "=GET+%2FWebServices%2FIpAddressSearchWebService.asmx%2FgetGeoIPContext+HTTP%2F1.1%0D%0AHost%3A+webservice.webxml.com.cn%0D%0AUser-Agent%3A+Dalvik%2F1.2.0+%28Linux%3B+U%3B+Android+2.2.3%3B+generic+Build%2FFRK76C%29%0D%0AConnection%3A+Keep-Alive%0D%0A", "type": "SYSCALL", "id": 2483}, {"sysname": "sendto", "xref": 2324, "ts": 0, "blob": "=GET+%2FWebServices%2FIpAddressSearchWebService.asmx%2FgetGeoIPContext+HTTP%2F1.1%0D%0AHost%3A+webservice.webxml.com.cn%0D%0AUser-Agent%3A+Dalvik%2F1.2.0+%28Linux%3B+U%3B+Android+2.2.3%3B+generic+Build%2FFRK76C%29%0D%0AConnection%3A+Keep-Alive%0D%0A", "type": "SYSCALL", "id": 4385}]}, {"tid": 326, "procname": "Thread-10", "class": "NETWORK ACCESS", "subclass": "HTTP", "low": [{"sysname": "connect", "blob": "{'host': '::ffff:61.147.124.120', 'retval': -115, 'port': 80}", "type": "SYSCALL", "id": 2328, "ts": 0}, {"sysname": "sendto", "xref": 2328, "ts": 0, "blob": "=GET+%2FWebServices%2FIpAddressSearchWebService.asmx%2FgetGeoIPContext+HTTP%2F1.1%0D%0AHost%3A+webservice.webxml.com.cn%0D%0AUser-Agent%3A+Dalvik%2F1.2.0+%28Linux%3B+U%3B+Android+2.2.3%3B+generic+Build%2FFRK76C%29%0D%0AConnection%3A+Keep-Alive%0D%0A", "type": "SYSCALL", "id": 2556}, {"sysname": "sendto", "xref": 2328, "ts": 0, "blob": "=GET+%2FWebServices%2FIpAddressSearchWebService.asmx%2FgetGeoIPContext+HTTP%2F1.1%0D%0AHost%3A+webservice.webxml.com.cn%0D%0AUser-Agent%3A+Dalvik%2F1.2.0+%28Linux%3B+U%3B+Android+2.2.3%3B+generic+Build%2FFRK76C%29%0D%0AConnection%3A+Keep-Alive%0D%0A", "type": "SYSCALL", "id": 4267}]}, {"tid": 318, "procname": "m.olivephone.cu", "class": "FS ACCESS", "low": [{"sysname": "open", "blob": "{'flags': 131649, 'mode': 384, 'filename': u'/data/data/com.olivephone.cu/shared_prefs/update_flag.xml\\x00'}", "type": "SYSCALL", "id": 2345, "ts": 0}, {"sysname": "write", "xref": 2345, "ts": 0, "blob": "{'filename': u'/data/data/com.olivephone.cu/shared_prefs/update_flag.xml'}", "type": "SYSCALL", "id": 2350}]}, {"tid": 318, "procname": "m.olivephone.cu", "class": "ACCESS PERSONAL INFO", "subclass": "PHONE", "low": [{"method_name": "com.android.internal.telephony.IPhoneSubInfo.getDeviceId()()", "type": "BINDER", "id": 2498, "ts": 0}]}, {"tid": 318, "procname": "m.olivephone.cu", "class": "ACCESS PERSONAL INFO", "subclass": "PHONE", "low": [{"method_name": "com.android.internal.telephony.IPhoneSubInfo.getSubscriberId()()", "type": "BINDER", "id": 2516, "ts": 0}]}, {"tid": 318, "procname": "m.olivephone.cu", "class": "NETWORK ACCESS", "low": [{"sysname": "connect", "blob": "{'host': '::ffff:211.137.43.190', 'retval': -115, 'port': 80}", "type": "SYSCALL", "id": 2570, "ts": 0}]}, {"tid": 327, "procname": "Thread-11", "class": "ACCESS PERSONAL INFO", "subclass": "PHONE", "low": [{"method_name": "com.android.internal.telephony.IPhoneSubInfo.getDeviceId()()", "type": "BINDER", "id": 3251, "ts": 0}]}, {"tid": 327, "procname": "Thread-11", "class": "ACCESS PERSONAL INFO", "subclass": "PHONE", "low": [{"method_name": "com.android.internal.telephony.IPhoneSubInfo.getSubscriberId()()", "type": "BINDER", "id": 3266, "ts": 0}]}, {"tid": 326, "procname": "Thread-10", "class": "ACCESS PERSONAL INFO", "subclass": "PHONE", "low": [{"method_name": "com.android.internal.telephony.IPhoneSubInfo.getDeviceId()()", "type": "BINDER", "id": 3283, "ts": 0}]}, {"tid": 326, "procname": "Thread-10", "class": "ACCESS PERSONAL INFO", "subclass": "PHONE", "low": [{"method_name": "com.android.internal.telephony.IPhoneSubInfo.getSubscriberId()()", "type": "BINDER", "id": 3293, "ts": 0}]}, {"tid": 327, "procname": "Thread-11", "class": "NETWORK ACCESS", "low": [{"sysname": "connect", "blob": "{'host': '::ffff:211.137.43.190', 'retval': -115, 'port': 80}", "type": "SYSCALL", "id": 3314, "ts": 0}]}, {"tid": 326, "procname": "Thread-10", "class": "NETWORK ACCESS", "low": [{"sysname": "connect", "blob": "{'host': '::ffff:211.137.43.190', 'retval': -115, 'port': 80}", "type": "SYSCALL", "id": 3327, "ts": 0}]}, {"tid": 77, "procname": "ActivityManager", "class": "ACCESS PERSONAL INFO", "subclass": "CALL", "low": [{"recv by": "com.olivephone.cu", "intent": "android.intent.action.PHONE_STATE", "type": "INTENT", "id": 3501, "ts": 0}]}, {"tid": 328, "procname": "Thread-12", "class": "NETWORK ACCESS", "subclass": "DNS", "low": [{"sysname": "connect", "blob": "{'host': '10.0.2.3', 'retval': 0, 'port': 53}", "type": "SYSCALL", "id": 5332, "ts": 0}, {"sysname": "sendto", "xref": 5332, "ts": 0, "blob": "{'query_data': 'adrd.taxuan.net. 1 1'}", "type": "SYSCALL", "id": 5333}]}, {"tid": 326, "procname": "Thread-10", "class": "ACCESS PERSONAL INFO", "subclass": "PHONE", "low": [{"method_name": "com.android.internal.telephony.IPhoneSubInfo.getDeviceId()()", "type": "BINDER", "id": 5437, "ts": 0}]}, {"tid": 326, "procname": "Thread-10", "class": "ACCESS PERSONAL INFO", "subclass": "PHONE", "low": [{"method_name": "com.android.internal.telephony.IPhoneSubInfo.getSubscriberId()()", "type": "BINDER", "id": 5462, "ts": 0}]}, {"tid": 327, "procname": "Thread-11", "class": "ACCESS PERSONAL INFO", "subclass": "PHONE", "low": [{"method_name": "com.android.internal.telephony.IPhoneSubInfo.getDeviceId()()", "type": "BINDER", "id": 5472, "ts": 0}]}, {"tid": 327, "procname": "Thread-11", "class": "ACCESS PERSONAL INFO", "subclass": "PHONE", "low": [{"method_name": "com.android.internal.telephony.IPhoneSubInfo.getSubscriberId()()", "type": "BINDER", "id": 5488, "ts": 0}]}, {"tid": 327, "procname": "Thread-11", "class": "NETWORK ACCESS", "low": [{"sysname": "connect", "blob": "{'host': '::ffff:211.137.43.190', 'retval': -115, 'port': 80}", "type": "SYSCALL", "id": 5527, "ts": 0}]}, {"tid": 318, "procname": "m.olivephone.cu", "class": "FS ACCESS", "low": [{"sysname": "open", "blob": "{'flags': 131649, 'mode': 384, 'filename': u'/data/data/com.olivephone.cu/shared_prefs/menu_height.xml\\x00'}", "type": "SYSCALL", "id": 5562, "ts": 0}, {"sysname": "write", "xref": 5562, "ts": 0, "blob": "{'filename': u'/data/data/com.olivephone.cu/shared_prefs/menu_height.xml'}", "type": "SYSCALL", "id": 5569}]}, {"tid": 318, "procname": "m.olivephone.cu", "class": "FS ACCESS", "low": [{"sysname": "open", "blob": "{'flags': 131649, 'mode': 384, 'filename': u'/data/data/com.olivephone.cu/shared_prefs/phone_start.xml\\x00'}", "type": "SYSCALL", "id": 5752, "ts": 0}, {"sysname": "write", "xref": 5752, "ts": 0, "blob": "{'filename': u'/data/data/com.olivephone.cu/shared_prefs/phone_start.xml'}", "type": "SYSCALL", "id": 5761}]}, {"tid": 318, "procname": "m.olivephone.cu", "class": "ACCESS PERSONAL INFO", "subclass": "PHONE", "low": [{"method_name": "com.android.internal.telephony.IPhoneSubInfo.getDeviceId()()", "type": "BINDER", "id": 6034, "ts": 0}]}, {"tid": 318, "procname": "m.olivephone.cu", "class": "ACCESS PERSONAL INFO", "subclass": "PHONE", "low": [{"method_name": "com.android.internal.telephony.IPhoneSubInfo.getSubscriberId()()", "type": "BINDER", "id": 6056, "ts": 0}]}]}}, "userid": "joystick", "country": "UNAVAILABLE", "date_end": "N/A", "date_start": "N/A", "date_submitted": "2012-11-19 18:48:00", "static": "/copperdroid/reports//ADRD_genome_stimulated/7ded7bb7041acce78e85e811c0ac048338bdc2d9.apk.log", "submitter_ip": "127.0.0.1", "pcap": "/copperdroid/reports//ADRD_genome_stimulated/7ded7bb7041acce78e85e811c0ac048338bdc2d9.apk.pcap", "md5": "2a70bc8bc8be7fb5c3667e1aaa71d4b0"}