{"behaviors": {"static": {}, "dynamic": {"host": [{"tid": 325, "procname": "Thread-9", "class": "NETWORK ACCESS", "subclass": "DNS", "low": [{"sysname": "connect", "blob": "{'host': '10.0.2.3', 'retval': 0, 'port': 53}", "type": "SYSCALL", "id": 1794, "ts": 0}, {"sysname": "sendto", "xref": 1794, "ts": 0, "blob": "{'query_data': 'gw.youmi.net. 1 1'}", "type": "SYSCALL", "id": 1796}]}, {"tid": 325, "procname": "Thread-9", "class": "NETWORK ACCESS", "low": [{"sysname": "connect", "blob": "{'host': '::ffff:58.63.244.77', 'retval': -115, 'port': 80}", "type": "SYSCALL", "id": 1837, "ts": 0}]}, {"tid": 77, "procname": "ActivityManager", "class": "ACCESS PERSONAL INFO", "subclass": "CALL", "low": [{"recv by": "com.znzn.apps.camerashow", "intent": "android.intent.action.PHONE_STATE", "type": "INTENT", "id": 1996, "ts": 0}]}, {"tid": 77, "procname": "ActivityManager", "class": "ACCESS PERSONAL INFO", "subclass": "CALL", "low": [{"recv by": "com.znzn.apps.camerashow", "intent": "android.intent.action.PHONE_STATE", "type": "INTENT", "id": 2129, "ts": 0}]}, {"tid": 77, "procname": "ActivityManager", "class": "ACCESS PERSONAL INFO", "subclass": "CALL", "low": [{"recv by": "com.znzn.apps.camerashow", "intent": "android.intent.action.PHONE_STATE", "type": "INTENT", "id": 2327, "ts": 0}]}, {"tid": 318, "procname": "apps.camerashow", "class": "FS ACCESS", "low": [{"sysname": "open", "blob": "{'flags': 131649, 'mode': 384, 'filename': u'/data/data/com.znzn.apps.camerashow/shared_prefs/phone_start.xml\\x00'}", "type": "SYSCALL", "id": 2347, "ts": 0}, {"sysname": "write", "xref": 2347, "ts": 0, "blob": "{'filename': u'/data/data/com.znzn.apps.camerashow/shared_prefs/phone_start.xml'}", "type": "SYSCALL", "id": 2351}]}, {"tid": 327, "procname": "Thread-10", "class": "NETWORK ACCESS", "low": [{"sysname": "connect", "blob": "{'host': '::ffff:58.63.244.77', 'retval': -115, 'port': 80}", "type": "SYSCALL", "id": 2379, "ts": 0}]}, {"tid": 318, "procname": "apps.camerashow", "class": "ACCESS PERSONAL INFO", "subclass": "PHONE", "low": [{"method_name": "com.android.internal.telephony.IPhoneSubInfo.getDeviceId()()", "type": "BINDER", "id": 2512, "ts": 0}]}, {"tid": 318, "procname": "apps.camerashow", "class": "ACCESS PERSONAL INFO", "subclass": "PHONE", "low": [{"method_name": "com.android.internal.telephony.IPhoneSubInfo.getSubscriberId()()", "type": "BINDER", "id": 2536, "ts": 0}]}, {"tid": 318, "procname": "apps.camerashow", "class": "FS ACCESS", "low": [{"sysname": "open", "blob": "{'flags': 131649, 'mode': 384, 'filename': u'/data/data/com.znzn.apps.camerashow/shared_prefs/update_flag.xml\\x00'}", "type": "SYSCALL", "id": 2601, "ts": 0}, {"sysname": "write", "xref": 2601, "ts": 0, "blob": "{'filename': u'/data/data/com.znzn.apps.camerashow/shared_prefs/update_flag.xml'}", "type": "SYSCALL", "id": 2606}]}, {"tid": 331, "procname": "Thread-11", "class": "NETWORK ACCESS", "subclass": "DNS", "low": [{"sysname": "connect", "blob": "{'host': '10.0.2.3', 'retval': 0, 'port': 53}", "type": "SYSCALL", "id": 3173, "ts": 0}, {"sysname": "sendto", "xref": 3173, "ts": 0, "blob": "{'query_data': 'adrd.taxuan.net. 1 1'}", "type": "SYSCALL", "id": 3174}]}, {"tid": 337, "procname": "Thread-12", "class": "NETWORK ACCESS", "subclass": "HTTP", "low": [{"sysname": "connect", "blob": "{'host': '::ffff:58.63.244.77', 'retval': -115, 'port': 80}", "type": "SYSCALL", "id": 3268, "ts": 0}, {"sysname": "sendto", "xref": 3268, "ts": 0, "blob": "=GET+%2Freqad%3Faid%3D5d91d78946f81b00%26da%3D%257B%2522w%2522%253A320%252C%2522dd%2522%253A%2522generic%2522%252C%2522dv%2522%253A%2522generic%2522%252C%2522ts%2522%253A%25220%2522%252C%2522sv%2522%253A%25221.1%2522%252C%2522po%2522%253A%2522android%25202.2.3%2522%252C%2522cid%2522%253A%252208b4e423f3d55bc2efde6af3d56b14d5%2522%252C%2522h%2522%253A480%257D%26out%3D0%26rt%3D2012-07-25%252008%253A56%253A27%26src%3D3%26ver%3D1.0%26sig%3DxlTdQBeMvWgUs3EmToJ9FlwmhsE%253D+HTTP%2F1.1%0D%0AHost%3A+gw.youmi.net%0D%0AUser-Agent%3A+Dalvik%2F1.2.0+%28Linux%3B+U%3B+Android+2.2.3%3B+generic+Build%2FFRK76C%29%0D%0AConnection%3A+Keep-Alive%0D%0A", "type": "SYSCALL", "id": 3274}]}, {"tid": 338, "procname": "Thread-13", "class": "NETWORK ACCESS", "low": [{"sysname": "connect", "blob": "{'host': '::ffff:58.63.244.77', 'retval': -115, 'port': 80}", "type": "SYSCALL", "id": 3548, "ts": 0}]}]}}, "userid": "joystick", "country": "UNAVAILABLE", "date_end": "N/A", "date_start": "N/A", "date_submitted": "2012-11-19 18:21:25", "static": "/copperdroid/reports//ADRD_genome_stimulated/8a15729f0f7fcdb68782fe78429a714225e58610.apk.log", "submitter_ip": "127.0.0.1", "pcap": "/copperdroid/reports//ADRD_genome_stimulated/8a15729f0f7fcdb68782fe78429a714225e58610.apk.pcap", "md5": "a3fec4efca307adab4888d20d786a2a4"}