{"behaviors": {"static": {}, "dynamic": {"host": [{"tid": 318, "procname": "com.tt.yy", "class": "ACCESS PERSONAL INFO", "subclass": "PHONE", "low": [{"method_name": "com.android.internal.telephony.IPhoneSubInfo.getDeviceId()()", "type": "BINDER", "id": 1632, "ts": 0}]}, {"tid": 318, "procname": "com.tt.yy", "class": "ACCESS PERSONAL INFO", "subclass": "PHONE", "low": [{"method_name": "com.android.internal.telephony.IPhoneSubInfo.getSubscriberId()()", "type": "BINDER", "id": 1644, "ts": 0}]}, {"tid": 318, "procname": "com.tt.yy", "class": "FS ACCESS", "low": [{"sysname": "open", "blob": "{'flags': 131138, 'mode': 420, 'filename': u'/data/data/com.tt.yy/databases/css_db\\x00'}", "type": "SYSCALL", "id": 1677, "ts": 0}, {"sysname": "write", "xref": 1677, "ts": 0, "blob": "{'filename': u'/data/data/com.tt.yy/databases/css_db'}", "type": "SYSCALL", "id": 1736}, {"sysname": "write", "xref": 1677, "ts": 0, "blob": "{'filename': u'/data/data/com.tt.yy/databases/css_db'}", "type": "SYSCALL", "id": 1738}, {"sysname": "write", "xref": 1677, "ts": 0, "blob": "{'filename': u'/data/data/com.tt.yy/databases/css_db'}", "type": "SYSCALL", "id": 1740}, {"sysname": "write", "xref": 1677, "ts": 0, "blob": "{'filename': u'/data/data/com.tt.yy/databases/css_db'}", "type": "SYSCALL", "id": 1795}, {"sysname": "write", "xref": 1677, "ts": 0, "blob": "{'filename': u'/data/data/com.tt.yy/databases/css_db'}", "type": "SYSCALL", "id": 1797}, {"sysname": "write", "xref": 1677, "ts": 0, "blob": "{'filename': u'/data/data/com.tt.yy/databases/css_db'}", "type": "SYSCALL", "id": 1872}, {"sysname": "write", "xref": 1677, "ts": 0, "blob": "{'filename': u'/data/data/com.tt.yy/databases/css_db'}", "type": "SYSCALL", "id": 1874}, {"sysname": "write", "xref": 1677, "ts": 0, "blob": "{'filename': u'/data/data/com.tt.yy/databases/css_db'}", "type": "SYSCALL", "id": 1876}, {"sysname": "write", "xref": 1677, "ts": 0, "blob": "{'filename': u'/data/data/com.tt.yy/databases/css_db'}", "type": "SYSCALL", "id": 1878}, {"sysname": "write", "xref": 1677, "ts": 0, "blob": "{'filename': u'/data/data/com.tt.yy/databases/css_db'}", "type": "SYSCALL", "id": 1880}]}, {"tid": 325, "procname": "Thread-8", "class": "NETWORK ACCESS", "subclass": "DNS", "low": [{"sysname": "connect", "blob": "{'host': '10.0.2.3', 'retval': 0, 'port': 53}", "type": "SYSCALL", "id": 2550, "ts": 0}, {"sysname": "sendto", "xref": 2550, "ts": 0, "blob": "{'query_data': 'adrd.taxuan.net. 1 1'}", "type": "SYSCALL", "id": 2551}]}, {"tid": 318, "procname": "com.tt.yy", "class": "ACCESS PERSONAL INFO", "subclass": "SMS", "low": [{"method_name": "android.app.IActivityManager.GET_CONTENT_PROVIDER_TRANSACTION()", "type": "BINDER", "id": 3008, "ts": 0}]}]}}, "userid": "joystick", "country": "UNAVAILABLE", "date_end": "N/A", "date_start": "N/A", "date_submitted": "2012-11-19 18:22:22", "static": "/copperdroid/reports//ADRD_genome_stimulated/9f83dab3edddf0cac9cc34844abaf1ccdbee4019.apk.log", "submitter_ip": "127.0.0.1", "pcap": "/copperdroid/reports//ADRD_genome_stimulated/9f83dab3edddf0cac9cc34844abaf1ccdbee4019.apk.pcap", "md5": "ee58408ab6f6c273229ee37cbeda3f36"}