{"behaviors": {"static": {}, "dynamic": {"host": [{"tid": 318, "procname": "com.noisysounds", "class": "ACCESS PERSONAL INFO", "subclass": "PHONE", "low": [{"method_name": "com.android.internal.telephony.IPhoneSubInfo.getDeviceId()()", "type": "BINDER", "id": 1969, "ts": 0}]}, {"tid": 324, "procname": "FlurryAgent", "class": "ACCESS PERSONAL INFO", "subclass": "LOCATION", "low": [{"method_name": "android.location.ILocationManager.TRANSACTION_getProviders()", "type": "BINDER", "id": 2028, "ts": 0}]}, {"tid": 324, "procname": "FlurryAgent", "class": "ACCESS PERSONAL INFO", "subclass": "LOCATION", "low": [{"method_name": "android.location.ILocationManager.TRANSACTION_getProviderInfo()", "type": "BINDER", "id": 2035, "ts": 0}]}, {"tid": 324, "procname": "FlurryAgent", "class": "ACCESS PERSONAL INFO", "subclass": "LOCATION", "low": [{"method_name": "android.location.ILocationManager.TRANSACTION_getProviderInfo()", "type": "BINDER", "id": 2043, "ts": 0}]}, {"tid": 324, "procname": "FlurryAgent", "class": "ACCESS PERSONAL INFO", "subclass": "LOCATION", "low": [{"method_name": "android.location.ILocationManager.TRANSACTION_getProviderInfo()", "type": "BINDER", "id": 2053, "ts": 0}]}, {"tid": 324, "procname": "FlurryAgent", "class": "ACCESS PERSONAL INFO", "subclass": "LOCATION", "low": [{"method_name": "android.location.ILocationManager.TRANSACTION_requestLocationUpdates()", "type": "BINDER", "id": 2064, "ts": 0}]}, {"tid": 324, "procname": "FlurryAgent", "class": "ACCESS PERSONAL INFO", "subclass": "LOCATION", "low": [{"method_name": "android.location.ILocationManager.TRANSACTION_getLastKnownLocation()", "type": "BINDER", "id": 2073, "ts": 0}]}, {"tid": 324, "procname": "FlurryAgent", "class": "NETWORK ACCESS", "subclass": "DNS", "low": [{"sysname": "connect", "blob": "{'host': '10.0.2.3', 'retval': 0, 'port': 53}", "type": "SYSCALL", "id": 2220, "ts": 0}, {"sysname": "sendto", "xref": 2220, "ts": 0, "blob": "{'query_data': 'data.flurry.com. 1 1'}", "type": "SYSCALL", "id": 2221}]}, {"tid": 324, "procname": "FlurryAgent", "class": "NETWORK ACCESS", "subclass": "HTTP", "low": [{"sysname": "connect", "blob": "{'host': '::ffff:216.74.41.14', 'retval': -115, 'port': 80}", "type": "SYSCALL", "id": 2240, "ts": 0}, {"sysname": "sendto", "xref": 2240, "ts": 0, "blob": "=POST+%2Faar.do+HTTP%2F1.1%0D%0AHost%3A+data.flurry.com%0D%0AUser-Agent%3A+Apache-HttpClient%2FUNAVAILABLE+%28java+1.4%29%0D%0AExpect%3A+100-Continue%0D%0AConnection%3A+Keep-Alive%0D%0AContent-Length%3A+163%0D%0AContent-Type%3A+application%2Foctet-stream%0D%0A", "type": "SYSCALL", "id": 2303}, {"sysname": "sendto", "xref": 2240, "ts": 0, "blob": "=%00%04%00%03%00%0E%00%00%018%BDX2X%00%1414QXQAW6BCSF6RD31DN6%00%052.0.0%00%12AND77825103458d00c%00%00%018%BDX%2B%8A%00%00%018%BDX%2B%8A%00%04%00%0Cdevice.model%00%07generic%00%0Bbuild.brand%00%07generic%00%08build.id%00%06FRK76C%00%0Abuild.type%00%03eng%00%00", "type": "SYSCALL", "id": 2307}]}, {"tid": 324, "procname": "FlurryAgent", "class": "FS ACCESS", "low": [{"sysname": "open", "blob": "{'flags': 131649, 'mode': 384, 'filename': u'/data/data/com.noisysounds/files/.flurryagent.dat\\x00'}", "type": "SYSCALL", "id": 2311, "ts": 0}, {"sysname": "write", "xref": 2311, "ts": 0, "blob": "{'filename': u'/data/data/com.noisysounds/files/.flurryagent.dat'}", "type": "SYSCALL", "id": 2313}, {"sysname": "write", "xref": 2311, "ts": 0, "blob": "{'filename': u'/data/data/com.noisysounds/files/.flurryagent.dat'}", "type": "SYSCALL", "id": 2314}, {"sysname": "write", "xref": 2311, "ts": 0, "blob": "{'filename': u'/data/data/com.noisysounds/files/.flurryagent.dat'}", "type": "SYSCALL", "id": 2315}, {"sysname": "write", "xref": 2311, "ts": 0, "blob": "{'filename': u'/data/data/com.noisysounds/files/.flurryagent.dat'}", "type": "SYSCALL", "id": 2316}, {"sysname": "write", "xref": 2311, "ts": 0, "blob": "{'filename': u'/data/data/com.noisysounds/files/.flurryagent.dat'}", "type": "SYSCALL", "id": 2317}, {"sysname": "write", "xref": 2311, "ts": 0, "blob": "{'filename': u'/data/data/com.noisysounds/files/.flurryagent.dat'}", "type": "SYSCALL", "id": 2318}]}, {"tid": 77, "procname": "ActivityManager", "class": "ACCESS PERSONAL INFO", "subclass": "CALL", "low": [{"recv by": "com.noisysounds", "intent": "android.intent.action.PHONE_STATE", "type": "INTENT", "id": 2327, "ts": 0}]}, {"tid": 77, "procname": "ActivityManager", "class": "ACCESS PERSONAL INFO", "subclass": "CALL", "low": [{"recv by": "com.noisysounds", "intent": "android.intent.action.PHONE_STATE", "type": "INTENT", "id": 2439, "ts": 0}]}, {"tid": 77, "procname": "ActivityManager", "class": "ACCESS PERSONAL INFO", "subclass": "CALL", "low": [{"recv by": "com.noisysounds", "intent": "android.intent.action.PHONE_STATE", "type": "INTENT", "id": 2624, "ts": 0}]}, {"tid": 318, "procname": "com.noisysounds", "class": "FS ACCESS", "low": [{"sysname": "open", "blob": "{'flags': 131649, 'mode': 384, 'filename': u'/data/data/com.noisysounds/shared_prefs/phone_start.xml\\x00'}", "type": "SYSCALL", "id": 2648, "ts": 0}, {"sysname": "write", "xref": 2648, "ts": 0, "blob": "{'filename': u'/data/data/com.noisysounds/shared_prefs/phone_start.xml'}", "type": "SYSCALL", "id": 2651}]}, {"tid": 318, "procname": "com.noisysounds", "class": "ACCESS PERSONAL INFO", "subclass": "PHONE", "low": [{"method_name": "com.android.internal.telephony.IPhoneSubInfo.getDeviceId()()", "type": "BINDER", "id": 2746, "ts": 0}]}, {"tid": 318, "procname": "com.noisysounds", "class": "ACCESS PERSONAL INFO", "subclass": "PHONE", "low": [{"method_name": "com.android.internal.telephony.IPhoneSubInfo.getSubscriberId()()", "type": "BINDER", "id": 2768, "ts": 0}]}, {"tid": 318, "procname": "com.noisysounds", "class": "FS ACCESS", "low": [{"sysname": "open", "blob": "{'flags': 131649, 'mode': 384, 'filename': u'/data/data/com.noisysounds/shared_prefs/update_flag.xml\\x00'}", "type": "SYSCALL", "id": 2798, "ts": 0}, {"sysname": "write", "xref": 2798, "ts": 0, "blob": "{'filename': u'/data/data/com.noisysounds/shared_prefs/update_flag.xml'}", "type": "SYSCALL", "id": 2799}]}, {"tid": 329, "procname": "Thread-9", "class": "NETWORK ACCESS", "subclass": "DNS", "low": [{"sysname": "connect", "blob": "{'host': '10.0.2.3', 'retval': 0, 'port': 53}", "type": "SYSCALL", "id": 3220, "ts": 0}, {"sysname": "sendto", "xref": 3220, "ts": 0, "blob": "{'query_data': 'adrd.taxuan.net. 1 1'}", "type": "SYSCALL", "id": 3221}]}]}}, "userid": "joystick", "country": "UNAVAILABLE", "date_end": "N/A", "date_start": "N/A", "date_submitted": "2012-11-19 18:22:00", "static": "/copperdroid/reports//ADRD_genome_stimulated/b999d381d96cc3b40edce7048543f8a7a3f0e79e.apk.log", "submitter_ip": "127.0.0.1", "pcap": "/copperdroid/reports//ADRD_genome_stimulated/b999d381d96cc3b40edce7048543f8a7a3f0e79e.apk.pcap", "md5": "b74a6adefd66d1f644fad04777d25a69"}