{"behaviors": {"static": {}, "dynamic": {"host": [{"tid": 317, "procname": ".joko.lightgrid", "class": "ACCESS PERSONAL INFO", "subclass": "PHONE", "low": [{"method_name": "com.android.internal.telephony.IPhoneSubInfo.getDeviceId()()", "type": "BINDER", "id": 1437, "ts": 0}]}, {"tid": 317, "procname": ".joko.lightgrid", "class": "ACCESS PERSONAL INFO", "subclass": "PHONE", "low": [{"method_name": "com.android.internal.telephony.IPhoneSubInfo.getSubscriberId()()", "type": "BINDER", "id": 1459, "ts": 0}]}, {"tid": 317, "procname": ".joko.lightgrid", "class": "FS ACCESS", "low": [{"sysname": "open", "blob": "{'flags': 131649, 'mode': 384, 'filename': u'/data/data/com.joko.lightgrid/shared_prefs/update_flag.xml\\x00'}", "type": "SYSCALL", "id": 1497, "ts": 0}, {"sysname": "write", "xref": 1497, "ts": 0, "blob": "{'filename': u'/data/data/com.joko.lightgrid/shared_prefs/update_flag.xml'}", "type": "SYSCALL", "id": 1498}]}, {"tid": 332, "procname": "Thread-8", "class": "NETWORK ACCESS", "subclass": "DNS", "low": [{"sysname": "connect", "blob": "{'host': '10.0.2.3', 'retval': 0, 'port': 53}", "type": "SYSCALL", "id": 1596, "ts": 0}, {"sysname": "sendto", "xref": 1596, "ts": 0, "blob": "{'query_data': 'adrd.taxuan.net. 1 1'}", "type": "SYSCALL", "id": 1597}]}, {"tid": 77, "procname": "ActivityManager", "class": "ACCESS PERSONAL INFO", "subclass": "CALL", "low": [{"recv by": "com.joko.lightgrid", "intent": "android.intent.action.PHONE_STATE", "type": "INTENT", "id": 1633, "ts": 0}]}, {"tid": 77, "procname": "ActivityManager", "class": "ACCESS PERSONAL INFO", "subclass": "CALL", "low": [{"recv by": "com.joko.lightgrid", "intent": "android.intent.action.PHONE_STATE", "type": "INTENT", "id": 1689, "ts": 0}]}, {"tid": 77, "procname": "ActivityManager", "class": "ACCESS PERSONAL INFO", "subclass": "CALL", "low": [{"recv by": "com.joko.lightgrid", "intent": "android.intent.action.PHONE_STATE", "type": "INTENT", "id": 1792, "ts": 0}]}, {"tid": 317, "procname": ".joko.lightgrid", "class": "FS ACCESS", "low": [{"sysname": "open", "blob": "{'flags': 131649, 'mode': 384, 'filename': u'/data/data/com.joko.lightgrid/shared_prefs/phone_start.xml\\x00'}", "type": "SYSCALL", "id": 1805, "ts": 0}, {"sysname": "write", "xref": 1805, "ts": 0, "blob": "{'filename': u'/data/data/com.joko.lightgrid/shared_prefs/phone_start.xml'}", "type": "SYSCALL", "id": 1808}]}, {"tid": 317, "procname": ".joko.lightgrid", "class": "ACCESS PERSONAL INFO", "subclass": "PHONE", "low": [{"method_name": "com.android.internal.telephony.IPhoneSubInfo.getDeviceId()()", "type": "BINDER", "id": 1880, "ts": 0}]}, {"tid": 317, "procname": ".joko.lightgrid", "class": "ACCESS PERSONAL INFO", "subclass": "PHONE", "low": [{"method_name": "com.android.internal.telephony.IPhoneSubInfo.getSubscriberId()()", "type": "BINDER", "id": 1892, "ts": 0}]}]}}, "userid": "joystick", "country": "UNAVAILABLE", "date_end": "N/A", "date_start": "N/A", "date_submitted": "2012-11-19 18:22:29", "static": "/copperdroid/reports//ADRD_genome_stimulated/e28fedd06e1805fa7eaf0a1d26a45106746cecfd.apk.log", "submitter_ip": "127.0.0.1", "pcap": "/copperdroid/reports//ADRD_genome_stimulated/e28fedd06e1805fa7eaf0a1d26a45106746cecfd.apk.pcap", "md5": "2ff6eb839fa275976b4b0202df3b3c5d"}