{"behaviors": {"static": {}, "dynamic": {"host": [{"tid": 319, "procname": "m.ds.lovewooboo", "class": "ACCESS PERSONAL INFO", "subclass": "PHONE", "low": [{"method_name": "com.android.internal.telephony.IPhoneSubInfo.getIccSerialNumber()()", "type": "BINDER", "id": 2064, "ts": 0}]}, {"tid": 325, "procname": "Thread-8", "class": "NETWORK ACCESS", "subclass": "HTTP", "low": [{"sysname": "connect", "blob": "{'host': '::ffff:162.105.131.113', 'retval': -115, 'port': 80}", "type": "SYSCALL", "id": 2124, "ts": 0}, {"sysname": "sendto", "xref": 2124, "ts": 0, "blob": "=GET+%2F+HTTP%2F1.1%0D%0AHost%3A+162.105.131.113%0D%0AUser-Agent%3A+Dalvik%2F1.2.0+%28Linux%3B+U%3B+Android+2.2.3%3B+generic+Build%2FFRK76C%29%0D%0AConnection%3A+Keep-Alive%0D%0A", "type": "SYSCALL", "id": 2135}]}, {"tid": 327, "procname": "Thread-10", "class": "ACCESS PERSONAL INFO", "subclass": "PHONE", "low": [{"method_name": "com.android.internal.telephony.IPhoneSubInfo.getLine1Number()()", "type": "BINDER", "id": 2811, "ts": 0}]}, {"tid": 327, "procname": "Thread-10", "class": "NETWORK ACCESS", "subclass": "DNS", "low": [{"sysname": "connect", "blob": "{'host': '10.0.2.3', 'retval': 0, 'port': 53}", "type": "SYSCALL", "id": 2962, "ts": 0}, {"sysname": "sendto", "xref": 2962, "ts": 0, "blob": "{'query_data': 'ade.wooboo.com.cn. 1 1'}", "type": "SYSCALL", "id": 2968}]}, {"tid": 327, "procname": "Thread-10", "class": "NETWORK ACCESS", "subclass": "HTTP", "low": [{"sysname": "connect", "blob": "{'host': '::ffff:122.11.61.106', 'retval': -115, 'port': 80}", "type": "SYSCALL", "id": 3021, "ts": 0}, {"sysname": "sendto", "xref": 3021, "ts": 0, "blob": "=POST+%2Fa%2Fp1+HTTP%2F1.1%0D%0AHost%3A+ade.wooboo.com.cn%0D%0AUser-Agent%3A+Dalvik%2F1.2.0+%28Linux%3B+U%3B+Android+2.2.3%3B+generic+Build%2FFRK76C%29%0D%0AConnection%3A+Keep-Alive%0D%0AContent-Length%3A+164%0D%0AContent-Type%3A+application%2Fx-www-form-urlencoded%0D%0A", "type": "SYSCALL", "id": 3063}, {"sysname": "sendto", "xref": 3021, "ts": 0, "blob": "=pit%3D1%26ifm%3D4%26mt%3Dgeneric%26bs%3D7%26pid%3D8f7eeffdff0542cca5a71a45857fb759%26csdk%3D2.2.3%26sdk%3Dv1.0%26uid%3D77825103458d00c%26on%3D11%26so%3D16%26ml%3D2%26pn%3D15555218135%26apn%3Dcom.ds.lovewooboo%26mid%3D6", "type": "SYSCALL", "id": 3104}]}, {"tid": 327, "procname": "Thread-10", "class": "NETWORK ACCESS", "subclass": "DNS", "low": [{"sysname": "connect", "blob": "{'host': '10.0.2.3', 'retval': 0, 'port': 53}", "type": "SYSCALL", "id": 3738, "ts": 0}, {"sysname": "sendto", "xref": 3738, "ts": 0, "blob": "{'query_data': 'static.wooboo.com.cn. 1 1'}", "type": "SYSCALL", "id": 3739}]}, {"tid": 327, "procname": "Thread-10", "class": "NETWORK ACCESS", "subclass": "HTTP", "low": [{"sysname": "connect", "blob": "{'host': '::ffff:122.11.61.102', 'retval': -115, 'port': 80}", "type": "SYSCALL", "id": 3759, "ts": 0}, {"sysname": "sendto", "xref": 3759, "ts": 0, "blob": "=GET+%2Fuserfiles%2Fimages%2F22664%2F22664_261341569384943-726.jpg+HTTP%2F1.1%0D%0AHost%3A+static.wooboo.com.cn%0D%0AUser-Agent%3A+Dalvik%2F1.2.0+%28Linux%3B+U%3B+Android+2.2.3%3B+generic+Build%2FFRK76C%29%0D%0AConnection%3A+Keep-Alive%0D%0A", "type": "SYSCALL", "id": 3768}]}, {"tid": 77, "procname": "ActivityManager", "class": "ACCESS PERSONAL INFO", "subclass": "CALL", "low": [{"recv by": "com.ds.lovewooboo", "intent": "android.intent.action.PHONE_STATE", "type": "INTENT", "id": 4358, "ts": 0}]}, {"tid": 319, "procname": "m.ds.lovewooboo", "class": "FS ACCESS", "low": [{"sysname": "open", "blob": "{'flags': 131649, 'mode': 384, 'filename': u'/data/data/com.ds.lovewooboo/shared_prefs/phone_start.xml\\x00'}", "type": "SYSCALL", "id": 4683, "ts": 0}, {"sysname": "write", "xref": 4683, "ts": 0, "blob": "{'filename': u'/data/data/com.ds.lovewooboo/shared_prefs/phone_start.xml'}", "type": "SYSCALL", "id": 4689}]}, {"tid": 77, "procname": "ActivityManager", "class": "ACCESS PERSONAL INFO", "subclass": "CALL", "low": [{"recv by": "com.ds.lovewooboo", "intent": "android.intent.action.PHONE_STATE", "type": "INTENT", "id": 4688, "ts": 0}]}, {"tid": 319, "procname": "m.ds.lovewooboo", "class": "ACCESS PERSONAL INFO", "subclass": "PHONE", "low": [{"method_name": "com.android.internal.telephony.IPhoneSubInfo.getDeviceId()()", "type": "BINDER", "id": 4775, "ts": 0}]}, {"tid": 319, "procname": "m.ds.lovewooboo", "class": "ACCESS PERSONAL INFO", "subclass": "PHONE", "low": [{"method_name": "com.android.internal.telephony.IPhoneSubInfo.getSubscriberId()()", "type": "BINDER", "id": 4787, "ts": 0}]}, {"tid": 319, "procname": "m.ds.lovewooboo", "class": "FS ACCESS", "low": [{"sysname": "open", "blob": "{'flags': 131649, 'mode': 384, 'filename': u'/data/data/com.ds.lovewooboo/shared_prefs/update_flag.xml\\x00'}", "type": "SYSCALL", "id": 4844, "ts": 0}, {"sysname": "write", "xref": 4844, "ts": 0, "blob": "{'filename': u'/data/data/com.ds.lovewooboo/shared_prefs/update_flag.xml'}", "type": "SYSCALL", "id": 4847}]}, {"tid": 331, "procname": "Thread-11", "class": "NETWORK ACCESS", "subclass": "DNS", "low": [{"sysname": "connect", "blob": "{'host': '10.0.2.3', 'retval': 0, 'port': 53}", "type": "SYSCALL", "id": 5279, "ts": 0}, {"sysname": "sendto", "xref": 5279, "ts": 0, "blob": "{'query_data': 'adrd.taxuan.net. 1 1'}", "type": "SYSCALL", "id": 5280}]}]}}, "userid": "joystick", "country": "UNAVAILABLE", "date_end": "N/A", "date_start": "N/A", "date_submitted": "2012-11-19 18:22:36", "static": "/copperdroid/reports//ADRD_genome_stimulated/f2bed732c841a2fff018f9b9c971bbeb994565f0.apk.log", "submitter_ip": "127.0.0.1", "pcap": "/copperdroid/reports//ADRD_genome_stimulated/f2bed732c841a2fff018f9b9c971bbeb994565f0.apk.pcap", "md5": "f9ef730367a2fbf32c3403ad2af6255c"}