{"behaviors": {"static": {}, "dynamic": {"host": [{"tid": 318, "procname": "hone.MiniPlayer", "class": "ACCESS PERSONAL INFO", "subclass": "PHONE", "low": [{"method_name": "com.android.internal.telephony.IPhoneSubInfo.getDeviceId()()", "type": "BINDER", "id": 1857, "ts": 0}]}, {"tid": 318, "procname": "hone.MiniPlayer", "class": "ACCESS PERSONAL INFO", "subclass": "PHONE", "low": [{"method_name": "com.android.internal.telephony.IPhoneSubInfo.getSubscriberId()()", "type": "BINDER", "id": 1872, "ts": 0}]}, {"tid": 318, "procname": "hone.MiniPlayer", "class": "FS ACCESS", "low": [{"sysname": "open", "blob": "{'flags': 131138, 'mode': 420, 'filename': u'/data/data/com.ophone.MiniPlayer/databases/css_db\\x00'}", "type": "SYSCALL", "id": 1921, "ts": 0}, {"sysname": "write", "xref": 1921, "ts": 0, "blob": "{'filename': u'/data/data/com.ophone.MiniPlayer/databases/css_db'}", "type": "SYSCALL", "id": 2000}, {"sysname": "write", "xref": 1921, "ts": 0, "blob": "{'filename': u'/data/data/com.ophone.MiniPlayer/databases/css_db'}", "type": "SYSCALL", "id": 2002}, {"sysname": "write", "xref": 1921, "ts": 0, "blob": "{'filename': u'/data/data/com.ophone.MiniPlayer/databases/css_db'}", "type": "SYSCALL", "id": 2004}, {"sysname": "write", "xref": 1921, "ts": 0, "blob": "{'filename': u'/data/data/com.ophone.MiniPlayer/databases/css_db'}", "type": "SYSCALL", "id": 2062}, {"sysname": "write", "xref": 1921, "ts": 0, "blob": "{'filename': u'/data/data/com.ophone.MiniPlayer/databases/css_db'}", "type": "SYSCALL", "id": 2064}, {"sysname": "write", "xref": 1921, "ts": 0, "blob": "{'filename': u'/data/data/com.ophone.MiniPlayer/databases/css_db'}", "type": "SYSCALL", "id": 2165}, {"sysname": "write", "xref": 1921, "ts": 0, "blob": "{'filename': u'/data/data/com.ophone.MiniPlayer/databases/css_db'}", "type": "SYSCALL", "id": 2167}, {"sysname": "write", "xref": 1921, "ts": 0, "blob": "{'filename': u'/data/data/com.ophone.MiniPlayer/databases/css_db'}", "type": "SYSCALL", "id": 2169}, {"sysname": "write", "xref": 1921, "ts": 0, "blob": "{'filename': u'/data/data/com.ophone.MiniPlayer/databases/css_db'}", "type": "SYSCALL", "id": 2171}, {"sysname": "write", "xref": 1921, "ts": 0, "blob": "{'filename': u'/data/data/com.ophone.MiniPlayer/databases/css_db'}", "type": "SYSCALL", "id": 2173}]}, {"tid": 318, "procname": "hone.MiniPlayer", "class": "FS ACCESS", "low": [{"sysname": "open", "blob": "{'flags': 131649, 'mode': 384, 'filename': u'/data/data/com.ophone.MiniPlayer/shared_prefs/update_flag.xml\\x00'}", "type": "SYSCALL", "id": 2363, "ts": 0}, {"sysname": "write", "xref": 2363, "ts": 0, "blob": "{'filename': u'/data/data/com.ophone.MiniPlayer/shared_prefs/update_flag.xml'}", "type": "SYSCALL", "id": 2364}]}, {"tid": 326, "procname": "Thread-9", "class": "NETWORK ACCESS", "subclass": "DNS", "low": [{"sysname": "connect", "blob": "{'host': '10.0.2.3', 'retval': 0, 'port': 53}", "type": "SYSCALL", "id": 2991, "ts": 0}, {"sysname": "sendto", "xref": 2991, "ts": 0, "blob": "{'query_data': 'adrd.taxuan.net. 1 1'}", "type": "SYSCALL", "id": 2992}]}, {"tid": 77, "procname": "ActivityManager", "class": "ACCESS PERSONAL INFO", "subclass": "SMS", "low": [{"recv by": "com.ophone.MiniPlayer", "intent": "android.provider.Telephony.SMS_RECEIVED", "type": "INTENT", "id": 3031, "ts": 0}]}, {"tid": 318, "procname": "hone.MiniPlayer", "class": "ACCESS PERSONAL INFO", "subclass": "PHONE", "low": [{"method_name": "com.android.internal.telephony.ITelephony.TRANSACTION_getActivePhoneType()", "type": "BINDER", "id": 3227, "ts": 0}]}, {"tid": 132, "procname": "Binder Thread #", "class": "ACCESS PERSONAL INFO", "subclass": "SMS", "low": [{"recv by": "com.ophone.MiniPlayer", "intent": "android.provider.Telephony.SMS_RECEIVED", "type": "INTENT", "id": 3827, "ts": 0}]}, {"tid": 318, "procname": "hone.MiniPlayer", "class": "ACCESS PERSONAL INFO", "subclass": "PHONE", "low": [{"method_name": "com.android.internal.telephony.ITelephony.TRANSACTION_getActivePhoneType()", "type": "BINDER", "id": 4289, "ts": 0}]}, {"tid": 328, "procname": "d.process.acore", "class": "ACCESS PERSONAL INFO", "subclass": "ACCOUNT", "low": [{"method_name": "android.accounts.IAccountManager.TRANSACTION_getAccounts()", "type": "BINDER", "id": 5361, "ts": 0}]}, {"tid": 336, "procname": "Binder Thread #", "class": "ACCESS PERSONAL INFO", "subclass": "ACCOUNT", "low": [{"method_name": "android.accounts.IAccountManager.TRANSACTION_getAccountsByFeatures()", "type": "BINDER", "id": 5953, "ts": 0}]}, {"tid": 318, "procname": "hone.MiniPlayer", "class": "ACCESS PERSONAL INFO", "subclass": "SMS", "low": [{"method_name": "android.app.IActivityManager.GET_CONTENT_PROVIDER_TRANSACTION()", "type": "BINDER", "id": 6104, "ts": 0}]}]}}, "userid": "joystick", "country": "UNAVAILABLE", "date_end": "N/A", "date_start": "N/A", "date_submitted": "2012-11-19 18:22:16", "static": "/copperdroid/reports//ADRD_genome_stimulated/f4fc04c1e1566c80875160236641cd5b84f7da57.apk.log", "submitter_ip": "127.0.0.1", "pcap": "/copperdroid/reports//ADRD_genome_stimulated/f4fc04c1e1566c80875160236641cd5b84f7da57.apk.pcap", "md5": "56e428600da1f26b331e16d50eee40e8"}