{"behaviors": {"static": {}, "dynamic": {"host": [{"tid": 317, "procname": "jkapp.droid1lwp", "class": "ACCESS PERSONAL INFO", "subclass": "PHONE", "low": [{"method_name": "com.android.internal.telephony.IPhoneSubInfo.getDeviceId()()", "type": "BINDER", "id": 2451, "ts": 0}]}, {"tid": 317, "procname": "jkapp.droid1lwp", "class": "ACCESS PERSONAL INFO", "subclass": "PHONE", "low": [{"method_name": "com.android.internal.telephony.IPhoneSubInfo.getSubscriberId()()", "type": "BINDER", "id": 2466, "ts": 0}]}, {"tid": 317, "procname": "jkapp.droid1lwp", "class": "FS ACCESS", "low": [{"sysname": "open", "blob": "{'flags': 131649, 'mode': 384, 'filename': u'/data/data/jp.tjkapp.droid1lwp/shared_prefs/update_flag.xml\\x00'}", "type": "SYSCALL", "id": 2519, "ts": 0}, {"sysname": "write", "xref": 2519, "ts": 0, "blob": "{'filename': u'/data/data/jp.tjkapp.droid1lwp/shared_prefs/update_flag.xml'}", "type": "SYSCALL", "id": 2529}]}, {"tid": 77, "procname": "ActivityManager", "class": "ACCESS PERSONAL INFO", "subclass": "CALL", "low": [{"recv by": "jp.tjkapp.droid1lwp", "intent": "android.intent.action.PHONE_STATE", "type": "INTENT", "id": 2633, "ts": 0}]}]}}, "userid": "joystick", "country": "UNAVAILABLE", "date_end": "N/A", "date_start": "N/A", "date_submitted": "2012-11-19 18:21:31", "static": "/copperdroid/reports//ADRD_genome_stimulated/ffe62967b75aab56710110b26baa69acd47a81dd.apk.log", "submitter_ip": "127.0.0.1", "pcap": "/copperdroid/reports//ADRD_genome_stimulated/ffe62967b75aab56710110b26baa69acd47a81dd.apk.pcap", "md5": "6432fb05527da4f915e582a8ca901003"}