{"behaviors": {"static": {}, "dynamic": {"host": [{"tid": 77, "procname": "ActivityManager", "class": "ACCESS PERSONAL INFO", "subclass": "SMS", "low": [{"recv by": "com.keji.danti590", "intent": "android.provider.Telephony.SMS_RECEIVED", "type": "INTENT", "id": 2045, "ts": 0}]}, {"tid": 154, "procname": "Binder Thread #", "class": "ACCESS PERSONAL INFO", "subclass": "SMS", "low": [{"recv by": "com.keji.danti590", "intent": "android.provider.Telephony.SMS_RECEIVED", "type": "INTENT", "id": 2051, "ts": 0}]}]}}, "userid": "joystick", "country": "UNAVAILABLE", "date_end": "N/A", "date_start": "N/A", "date_submitted": "2012-11-19 18:01:25", "static": "/copperdroid/reports//AnserverBot_genome_stimulated/001fa1574a73e9a8481e26df2aa6104eb2406b57.apk.log", "submitter_ip": "127.0.0.1", "pcap": "/copperdroid/reports//AnserverBot_genome_stimulated/001fa1574a73e9a8481e26df2aa6104eb2406b57.apk.pcap", "md5": "004d3a700ba37a463e4a4b1ab452651a"}