{"behaviors": {"static": {}, "dynamic": {"host": [{"tid": 326, "procname": "Thread-10", "class": "FS ACCESS", "low": [{"sysname": "open", "blob": "{'flags': 131649, 'mode': 384, 'filename': u'/data/data/com.test/files/rmsdir/midamia.dat\\x00'}", "type": "SYSCALL", "id": 2632, "ts": 0}, {"sysname": "write", "xref": 2632, "ts": 0, "blob": "{'filename': u'/data/data/com.test/files/rmsdir/midamia.dat'}", "type": "SYSCALL", "id": 2634}, {"sysname": "write", "xref": 2632, "ts": 0, "blob": "{'filename': u'/data/data/com.test/files/rmsdir/midamia.dat'}", "type": "SYSCALL", "id": 2635}, {"sysname": "write", "xref": 2632, "ts": 0, "blob": "{'filename': u'/data/data/com.test/files/rmsdir/midamia.dat'}", "type": "SYSCALL", "id": 2636}, {"sysname": "write", "xref": 2632, "ts": 0, "blob": "{'filename': u'/data/data/com.test/files/rmsdir/midamia.dat'}", "type": "SYSCALL", "id": 2637}, {"sysname": "write", "xref": 2632, "ts": 0, "blob": "{'filename': u'/data/data/com.test/files/rmsdir/midamia.dat'}", "type": "SYSCALL", "id": 2638}, {"sysname": "write", "xref": 2632, "ts": 0, "blob": "{'filename': u'/data/data/com.test/files/rmsdir/midamia.dat'}", "type": "SYSCALL", "id": 2639}, {"sysname": "write", "xref": 2632, "ts": 0, "blob": "{'filename': u'/data/data/com.test/files/rmsdir/midamia.dat'}", "type": "SYSCALL", "id": 2642}, {"sysname": "write", "xref": 2632, "ts": 0, "blob": "{'filename': u'/data/data/com.test/files/rmsdir/midamia.dat'}", "type": "SYSCALL", "id": 2643}, {"sysname": "write", "xref": 2632, "ts": 0, "blob": "{'filename': u'/data/data/com.test/files/rmsdir/midamia.dat'}", "type": "SYSCALL", "id": 2646}, {"sysname": "write", "xref": 2632, "ts": 0, "blob": "{'filename': u'/data/data/com.test/files/rmsdir/midamia.dat'}", "type": "SYSCALL", "id": 2647}]}, {"tid": 318, "procname": "com.test", "class": "FS ACCESS", "low": [{"sysname": "open", "blob": "{'flags': 131649, 'mode': 384, 'filename': u'/data/data/com.test/shared_prefs/0.xml\\x00'}", "type": "SYSCALL", "id": 2685, "ts": 0}, {"sysname": "write", "xref": 2685, "ts": 0, "blob": "{'filename': u'/data/data/com.test/shared_prefs/0.xml'}", "type": "SYSCALL", "id": 2717}]}, {"tid": 318, "procname": "com.test", "class": "FS ACCESS", "low": [{"sysname": "open", "blob": "{'flags': 131649, 'mode': 384, 'filename': u'/data/data/com.test/shared_prefs/0.xml\\x00'}", "type": "SYSCALL", "id": 2739, "ts": 0}, {"sysname": "write", "xref": 2739, "ts": 0, "blob": "{'filename': u'/data/data/com.test/shared_prefs/0.xml'}", "type": "SYSCALL", "id": 2758}]}, {"tid": 318, "procname": "com.test", "class": "FS ACCESS", "low": [{"sysname": "open", "blob": "{'flags': 131649, 'mode': 384, 'filename': u'/data/data/com.test/shared_prefs/0.xml\\x00'}", "type": "SYSCALL", "id": 2784, "ts": 0}, {"sysname": "write", "xref": 2784, "ts": 0, "blob": "{'filename': u'/data/data/com.test/shared_prefs/0.xml'}", "type": "SYSCALL", "id": 2813}]}, {"tid": 318, "procname": "com.test", "class": "FS ACCESS", "low": [{"sysname": "open", "blob": "{'flags': 131649, 'mode': 384, 'filename': u'/data/data/com.test/files/anservera.db\\x00'}", "type": "SYSCALL", "id": 2870, "ts": 0}, {"sysname": "write", "xref": 2870, "ts": 0, "blob": "{'filename': u'/data/data/com.test/files/anservera.db'}", "type": "SYSCALL", "id": 2881}, {"sysname": "write", "xref": 2870, "ts": 0, "blob": "{'filename': u'/data/data/com.test/files/anservera.db'}", "type": "SYSCALL", "id": 2887}, {"sysname": "write", "xref": 2870, "ts": 0, "blob": "{'filename': u'/data/data/com.test/files/anservera.db'}", "type": "SYSCALL", "id": 2891}, {"sysname": "write", "xref": 2870, "ts": 0, "blob": "{'filename': u'/data/data/com.test/files/anservera.db'}", "type": "SYSCALL", "id": 2897}, {"sysname": "write", "xref": 2870, "ts": 0, "blob": "{'filename': u'/data/data/com.test/files/anservera.db'}", "type": "SYSCALL", "id": 2898}, {"sysname": "write", "xref": 2870, "ts": 0, "blob": "{'filename': u'/data/data/com.test/files/anservera.db'}", "type": "SYSCALL", "id": 2899}, {"sysname": "write", "xref": 2870, "ts": 0, "blob": "{'filename': u'/data/data/com.test/files/anservera.db'}", "type": "SYSCALL", "id": 2904}, {"sysname": "write", "xref": 2870, "ts": 0, "blob": "{'filename': u'/data/data/com.test/files/anservera.db'}", "type": "SYSCALL", "id": 2905}, {"sysname": "write", "xref": 2870, "ts": 0, "blob": "{'filename': u'/data/data/com.test/files/anservera.db'}", "type": "SYSCALL", "id": 2906}, {"sysname": "write", "xref": 2870, "ts": 0, "blob": "{'filename': u'/data/data/com.test/files/anservera.db'}", "type": "SYSCALL", "id": 2911}, {"sysname": "write", "xref": 2870, "ts": 0, "blob": "{'filename': u'/data/data/com.test/files/anservera.db'}", "type": "SYSCALL", "id": 2915}, {"sysname": "write", "xref": 2870, "ts": 0, "blob": "{'filename': u'/data/data/com.test/files/anservera.db'}", "type": "SYSCALL", "id": 2916}, {"sysname": "write", "xref": 2870, "ts": 0, "blob": "{'filename': u'/data/data/com.test/files/anservera.db'}", "type": "SYSCALL", "id": 2917}, {"sysname": "write", "xref": 2870, "ts": 0, "blob": "{'filename': u'/data/data/com.test/files/anservera.db'}", "type": "SYSCALL", "id": 2922}, {"sysname": "write", "xref": 2870, "ts": 0, "blob": "{'filename': u'/data/data/com.test/files/anservera.db'}", "type": "SYSCALL", "id": 2928}, {"sysname": "write", "xref": 2870, "ts": 0, "blob": "{'filename': u'/data/data/com.test/files/anservera.db'}", "type": "SYSCALL", "id": 2929}, {"sysname": "write", "xref": 2870, "ts": 0, "blob": "{'filename': u'/data/data/com.test/files/anservera.db'}", "type": "SYSCALL", "id": 2930}, {"sysname": "write", "xref": 2870, "ts": 0, "blob": "{'filename': u'/data/data/com.test/files/anservera.db'}", "type": "SYSCALL", "id": 2934}, {"sysname": "write", "xref": 2870, "ts": 0, "blob": "{'filename': u'/data/data/com.test/files/anservera.db'}", "type": "SYSCALL", "id": 2935}, {"sysname": "write", "xref": 2870, "ts": 0, "blob": "{'filename': u'/data/data/com.test/files/anservera.db'}", "type": "SYSCALL", "id": 2940}, {"sysname": "write", "xref": 2870, "ts": 0, "blob": "{'filename': u'/data/data/com.test/files/anservera.db'}", "type": "SYSCALL", "id": 2941}, {"sysname": "write", "xref": 2870, "ts": 0, "blob": "{'filename': u'/data/data/com.test/files/anservera.db'}", "type": "SYSCALL", "id": 2946}, {"sysname": "write", "xref": 2870, "ts": 0, "blob": "{'filename': u'/data/data/com.test/files/anservera.db'}", "type": "SYSCALL", "id": 2947}, {"sysname": "write", "xref": 2870, "ts": 0, "blob": "{'filename': u'/data/data/com.test/files/anservera.db'}", "type": "SYSCALL", "id": 2951}, {"sysname": "write", "xref": 2870, "ts": 0, "blob": "{'filename': u'/data/data/com.test/files/anservera.db'}", "type": "SYSCALL", "id": 2952}, {"sysname": "write", "xref": 2870, "ts": 0, "blob": "{'filename': u'/data/data/com.test/files/anservera.db'}", "type": "SYSCALL", "id": 2957}, {"sysname": "write", "xref": 2870, "ts": 0, "blob": "{'filename': u'/data/data/com.test/files/anservera.db'}", "type": "SYSCALL", "id": 2959}, {"sysname": "write", "xref": 2870, "ts": 0, "blob": "{'filename': u'/data/data/com.test/files/anservera.db'}", "type": "SYSCALL", "id": 2966}, {"sysname": "write", "xref": 2870, "ts": 0, "blob": "{'filename': u'/data/data/com.test/files/anservera.db'}", "type": "SYSCALL", "id": 2967}, {"sysname": "write", "xref": 2870, "ts": 0, "blob": "{'filename': u'/data/data/com.test/files/anservera.db'}", "type": "SYSCALL", "id": 2971}, {"sysname": "write", "xref": 2870, "ts": 0, "blob": "{'filename': u'/data/data/com.test/files/anservera.db'}", "type": "SYSCALL", "id": 2972}]}, {"tid": 318, "procname": "com.test", "class": "FS ACCESS", "low": [{"sysname": "open", "blob": "{'flags': 131649, 'mode': 384, 'filename': u'/data/data/com.test/files/anserverb.db\\x00'}", "type": "SYSCALL", "id": 3075, "ts": 0}, {"sysname": "write", "xref": 3075, "ts": 0, "blob": "{'filename': u'/data/data/com.test/files/anserverb.db'}", "type": "SYSCALL", "id": 3080}, {"sysname": "write", "xref": 3075, "ts": 0, "blob": "{'filename': u'/data/data/com.test/files/anserverb.db'}", "type": "SYSCALL", "id": 3085}, {"sysname": "write", "xref": 3075, "ts": 0, "blob": "{'filename': u'/data/data/com.test/files/anserverb.db'}", "type": "SYSCALL", "id": 3086}, {"sysname": "write", "xref": 3075, "ts": 0, "blob": "{'filename': u'/data/data/com.test/files/anserverb.db'}", "type": "SYSCALL", "id": 3097}, {"sysname": "write", "xref": 3075, "ts": 0, "blob": "{'filename': u'/data/data/com.test/files/anserverb.db'}", "type": "SYSCALL", "id": 3104}, {"sysname": "write", "xref": 3075, "ts": 0, "blob": "{'filename': u'/data/data/com.test/files/anserverb.db'}", "type": "SYSCALL", "id": 3106}, {"sysname": "write", "xref": 3075, "ts": 0, "blob": "{'filename': u'/data/data/com.test/files/anserverb.db'}", "type": "SYSCALL", "id": 3107}, {"sysname": "write", "xref": 3075, "ts": 0, "blob": "{'filename': u'/data/data/com.test/files/anserverb.db'}", "type": "SYSCALL", "id": 3108}, {"sysname": "write", "xref": 3075, "ts": 0, "blob": "{'filename': u'/data/data/com.test/files/anserverb.db'}", "type": "SYSCALL", "id": 3116}, {"sysname": "write", "xref": 3075, "ts": 0, "blob": "{'filename': u'/data/data/com.test/files/anserverb.db'}", "type": "SYSCALL", "id": 3117}, {"sysname": "write", "xref": 3075, "ts": 0, "blob": "{'filename': u'/data/data/com.test/files/anserverb.db'}", "type": "SYSCALL", "id": 3125}, {"sysname": "write", "xref": 3075, "ts": 0, "blob": "{'filename': u'/data/data/com.test/files/anserverb.db'}", "type": "SYSCALL", "id": 3126}, {"sysname": "write", "xref": 3075, "ts": 0, "blob": "{'filename': u'/data/data/com.test/files/anserverb.db'}", "type": "SYSCALL", "id": 3127}, {"sysname": "write", "xref": 3075, "ts": 0, "blob": "{'filename': u'/data/data/com.test/files/anserverb.db'}", "type": "SYSCALL", "id": 3129}, {"sysname": "write", "xref": 3075, "ts": 0, "blob": "{'filename': u'/data/data/com.test/files/anserverb.db'}", "type": "SYSCALL", "id": 3132}, {"sysname": "write", "xref": 3075, "ts": 0, "blob": "{'filename': u'/data/data/com.test/files/anserverb.db'}", "type": "SYSCALL", "id": 3133}, {"sysname": "write", "xref": 3075, "ts": 0, "blob": "{'filename': u'/data/data/com.test/files/anserverb.db'}", "type": "SYSCALL", "id": 3141}, {"sysname": "write", "xref": 3075, "ts": 0, "blob": "{'filename': u'/data/data/com.test/files/anserverb.db'}", "type": "SYSCALL", "id": 3142}, {"sysname": "write", "xref": 3075, "ts": 0, "blob": "{'filename': u'/data/data/com.test/files/anserverb.db'}", "type": "SYSCALL", "id": 3143}, {"sysname": "write", "xref": 3075, "ts": 0, "blob": "{'filename': u'/data/data/com.test/files/anserverb.db'}", "type": "SYSCALL", "id": 3148}, {"sysname": "write", "xref": 3075, "ts": 0, "blob": "{'filename': u'/data/data/com.test/files/anserverb.db'}", "type": "SYSCALL", "id": 3152}, {"sysname": "write", "xref": 3075, "ts": 0, "blob": "{'filename': u'/data/data/com.test/files/anserverb.db'}", "type": "SYSCALL", "id": 3153}, {"sysname": "write", "xref": 3075, "ts": 0, "blob": "{'filename': u'/data/data/com.test/files/anserverb.db'}", "type": "SYSCALL", "id": 3158}, {"sysname": "write", "xref": 3075, "ts": 0, "blob": "{'filename': u'/data/data/com.test/files/anserverb.db'}", "type": "SYSCALL", "id": 3163}, {"sysname": "write", "xref": 3075, "ts": 0, "blob": "{'filename': u'/data/data/com.test/files/anserverb.db'}", "type": "SYSCALL", "id": 3170}, {"sysname": "write", "xref": 3075, "ts": 0, "blob": "{'filename': u'/data/data/com.test/files/anserverb.db'}", "type": "SYSCALL", "id": 3171}, {"sysname": "write", "xref": 3075, "ts": 0, "blob": "{'filename': u'/data/data/com.test/files/anserverb.db'}", "type": "SYSCALL", "id": 3173}]}, {"tid": 318, "procname": "com.test", "class": "FS ACCESS", "low": [{"sysname": "open", "blob": "{'flags': 131649, 'mode': 384, 'filename': u'/data/data/com.test/shared_prefs/0.xml\\x00'}", "type": "SYSCALL", "id": 3196, "ts": 0}, {"sysname": "write", "xref": 3196, "ts": 0, "blob": "{'filename': u'/data/data/com.test/shared_prefs/0.xml'}", "type": "SYSCALL", "id": 3225}]}, {"tid": 318, "procname": "com.test", "class": "FS ACCESS", "low": [{"sysname": "open", "blob": "{'flags': 131649, 'mode': 384, 'filename': u'/data/data/com.test/shared_prefs/0.xml\\x00'}", "type": "SYSCALL", "id": 3254, "ts": 0}, {"sysname": "write", "xref": 3254, "ts": 0, "blob": "{'filename': u'/data/data/com.test/shared_prefs/0.xml'}", "type": "SYSCALL", "id": 3283}]}, {"tid": 328, "procname": "dexopt", "class": "FS ACCESS", "low": [{"sysname": "open", "blob": "{'flags': 131138, 'mode': 420, 'filename': u'/data/data/com.test/files/anserverb.dex\\x00'}", "type": "SYSCALL", "id": 4786, "ts": 0}, {"sysname": "write", "xref": 4786, "ts": 0, "blob": "{'filename': u'/data/data/com.test/files/anserverb.dex'}", "type": "SYSCALL", "id": 4790}, {"sysname": "write", "xref": 4786, "ts": 0, "blob": "{'filename': u'/data/data/com.test/files/anserverb.dex'}", "type": "SYSCALL", "id": 4799}, {"sysname": "write", "xref": 4786, "ts": 0, "blob": "{'filename': u'/data/data/com.test/files/anserverb.dex'}", "type": "SYSCALL", "id": 4800}, {"sysname": "write", "xref": 4786, "ts": 0, "blob": "{'filename': u'/data/data/com.test/files/anserverb.dex'}", "type": "SYSCALL", "id": 5570}, {"sysname": "write", "xref": 4786, "ts": 0, "blob": "{'filename': u'/data/data/com.test/files/anserverb.dex'}", "type": "SYSCALL", "id": 5573}, {"sysname": "write", "xref": 4786, "ts": 0, "blob": "{'filename': u'/data/data/com.test/files/anserverb.dex'}", "type": "SYSCALL", "id": 5574}, {"sysname": "write", "xref": 4786, "ts": 0, "blob": "{'filename': u'/data/data/com.test/files/anserverb.dex'}", "type": "SYSCALL", "id": 5575}, {"sysname": "write", "xref": 4786, "ts": 0, "blob": "{'filename': u'/data/data/com.test/files/anserverb.dex'}", "type": "SYSCALL", "id": 5580}]}, {"tid": 328, "procname": "com.test", "class": "EXECUTE", "low": [{"sysname": "execve", "blob": {"executed_file": "/system/bin/dexopt", "args": "[]", "retval": 0}, "type": "SYSCALL", "id": 4827, "ts": 0}]}, {"tid": 318, "procname": "com.test", "class": "FS ACCESS", "low": [{"sysname": "open", "blob": "{'flags': 131649, 'mode': 384, 'filename': u'/data/data/com.test/shared_prefs/0.xml\\x00'}", "type": "SYSCALL", "id": 5660, "ts": 0}, {"sysname": "write", "xref": 5660, "ts": 0, "blob": "{'filename': u'/data/data/com.test/shared_prefs/0.xml'}", "type": "SYSCALL", "id": 5689}]}, {"tid": 77, "procname": "ActivityManager", "class": "ACCESS PERSONAL INFO", "subclass": "SMS", "low": [{"recv by": "com.test", "intent": "android.provider.Telephony.SMS_RECEIVED", "type": "INTENT", "id": 5670, "ts": 0}]}, {"tid": 318, "procname": "com.test", "class": "FS ACCESS", "low": [{"sysname": "open", "blob": "{'flags': 131649, 'mode': 384, 'filename': u'/data/data/com.test/shared_prefs/0.xml\\x00'}", "type": "SYSCALL", "id": 5726, "ts": 0}, {"sysname": "write", "xref": 5726, "ts": 0, "blob": "{'filename': u'/data/data/com.test/shared_prefs/0.xml'}", "type": "SYSCALL", "id": 5750}]}, {"tid": 318, "procname": "com.test", "class": "FS ACCESS", "low": [{"sysname": "open", "blob": "{'flags': 131649, 'mode': 384, 'filename': u'/data/data/com.test/shared_prefs/11.xml\\x00'}", "type": "SYSCALL", "id": 5772, "ts": 0}, {"sysname": "write", "xref": 5772, "ts": 0, "blob": "{'filename': u'/data/data/com.test/shared_prefs/11.xml'}", "type": "SYSCALL", "id": 5783}]}, {"tid": 331, "procname": "Thread-13", "class": "ACCESS PERSONAL INFO", "subclass": "PHONE", "low": [{"method_name": "com.android.internal.telephony.IPhoneSubInfo.getSubscriberId()()", "type": "BINDER", "id": 6512, "ts": 0}]}, {"tid": 331, "procname": "Thread-13", "class": "ACCESS PERSONAL INFO", "subclass": "PHONE", "low": [{"method_name": "com.android.internal.telephony.IPhoneSubInfo.getDeviceId()()", "type": "BINDER", "id": 6699, "ts": 0}]}, {"tid": 331, "procname": "Thread-13", "class": "FS ACCESS", "low": [{"sysname": "open", "blob": "{'flags': 131649, 'mode': 384, 'filename': u'/data/data/com.test/shared_prefs/0.xml\\x00'}", "type": "SYSCALL", "id": 6749, "ts": 0}, {"sysname": "write", "xref": 6749, "ts": 0, "blob": "{'filename': u'/data/data/com.test/shared_prefs/0.xml'}", "type": "SYSCALL", "id": 6785}]}, {"tid": 155, "procname": "Binder Thread #", "class": "ACCESS PERSONAL INFO", "subclass": "SMS", "low": [{"recv by": "com.test", "intent": "android.provider.Telephony.SMS_RECEIVED", "type": "INTENT", "id": 6911, "ts": 0}]}, {"tid": 331, "procname": "Thread-13", "class": "NETWORK ACCESS", "subclass": "DNS", "low": [{"sysname": "connect", "blob": "{'host': '10.0.2.3', 'retval': 0, 'port': 53}", "type": "SYSCALL", "id": 7586, "ts": 0}, {"sysname": "sendto", "xref": 7586, "ts": 0, "blob": "{'query_data': 'b4.cookier.co.cc. 1 1'}", "type": "SYSCALL", "id": 7587}]}, {"tid": 331, "procname": "Thread-13", "class": "NETWORK ACCESS", "low": [{"sysname": "connect", "blob": "{'host': '::ffff:10.10.10.10', 'retval': -115, 'port': 8080}", "type": "SYSCALL", "id": 7622, "ts": 0}]}, {"tid": 331, "procname": "Thread-13", "class": "FS ACCESS", "low": [{"sysname": "open", "blob": "{'flags': 131649, 'mode': 384, 'filename': u'/data/data/com.test/shared_prefs/11.xml\\x00'}", "type": "SYSCALL", "id": 8673, "ts": 0}, {"sysname": "write", "xref": 8673, "ts": 0, "blob": "{'filename': u'/data/data/com.test/shared_prefs/11.xml'}", "type": "SYSCALL", "id": 8736}]}, {"tid": 331, "procname": "Thread-13", "class": "FS ACCESS", "low": [{"sysname": "open", "blob": "{'flags': 131649, 'mode': 384, 'filename': u'/data/data/com.test/shared_prefs/11.xml\\x00'}", "type": "SYSCALL", "id": 8813, "ts": 0}, {"sysname": "write", "xref": 8813, "ts": 0, "blob": "{'filename': u'/data/data/com.test/shared_prefs/11.xml'}", "type": "SYSCALL", "id": 8875}]}, {"tid": 331, "procname": "Thread-13", "class": "FS ACCESS", "low": [{"sysname": "open", "blob": "{'flags': 131649, 'mode': 384, 'filename': u'/data/data/com.test/shared_prefs/11.xml\\x00'}", "type": "SYSCALL", "id": 8926, "ts": 0}, {"sysname": "write", "xref": 8926, "ts": 0, "blob": "{'filename': u'/data/data/com.test/shared_prefs/11.xml'}", "type": "SYSCALL", "id": 8987}]}, {"tid": 335, "procname": "Thread-16", "class": "NETWORK ACCESS", "low": [{"sysname": "connect", "blob": "{'host': '::ffff:10.10.10.10', 'retval': -115, 'port': 8080}", "type": "SYSCALL", "id": 9942, "ts": 0}]}, {"tid": 336, "procname": "dexopt", "class": "FS ACCESS", "low": [{"sysname": "open", "blob": "{'flags': 131138, 'mode': 420, 'filename': u'/data/data/com.test/files/com.test-1.dex\\x00'}", "type": "SYSCALL", "id": 10872, "ts": 0}, {"sysname": "write", "xref": 10872, "ts": 0, "blob": "{'filename': u'/data/data/com.test/files/com.test-1.dex'}", "type": "SYSCALL", "id": 10876}, {"sysname": "write", "xref": 10872, "ts": 0, "blob": "{'filename': u'/data/data/com.test/files/com.test-1.dex'}", "type": "SYSCALL", "id": 10881}, {"sysname": "write", "xref": 10872, "ts": 0, "blob": "{'filename': u'/data/data/com.test/files/com.test-1.dex'}", "type": "SYSCALL", "id": 10884}, {"sysname": "write", "xref": 10872, "ts": 0, "blob": "{'filename': u'/data/data/com.test/files/com.test-1.dex'}", "type": "SYSCALL", "id": 10891}, {"sysname": "write", "xref": 10872, "ts": 0, "blob": "{'filename': u'/data/data/com.test/files/com.test-1.dex'}", "type": "SYSCALL", "id": 10892}, {"sysname": "write", "xref": 10872, "ts": 0, "blob": "{'filename': u'/data/data/com.test/files/com.test-1.dex'}", "type": "SYSCALL", "id": 10893}, {"sysname": "write", "xref": 10872, "ts": 0, "blob": "{'filename': u'/data/data/com.test/files/com.test-1.dex'}", "type": "SYSCALL", "id": 10896}, {"sysname": "write", "xref": 10872, "ts": 0, "blob": "{'filename': u'/data/data/com.test/files/com.test-1.dex'}", "type": "SYSCALL", "id": 10897}, {"sysname": "write", "xref": 10872, "ts": 0, "blob": "{'filename': u'/data/data/com.test/files/com.test-1.dex'}", "type": "SYSCALL", "id": 10898}, {"sysname": "write", "xref": 10872, "ts": 0, "blob": "{'filename': u'/data/data/com.test/files/com.test-1.dex'}", "type": "SYSCALL", "id": 10899}, {"sysname": "write", "xref": 10872, "ts": 0, "blob": "{'filename': u'/data/data/com.test/files/com.test-1.dex'}", "type": "SYSCALL", "id": 10900}, {"sysname": "write", "xref": 10872, "ts": 0, "blob": "{'filename': u'/data/data/com.test/files/com.test-1.dex'}", "type": "SYSCALL", "id": 10901}, {"sysname": "write", "xref": 10872, "ts": 0, "blob": "{'filename': u'/data/data/com.test/files/com.test-1.dex'}", "type": "SYSCALL", "id": 10908}, {"sysname": "write", "xref": 10872, "ts": 0, "blob": "{'filename': u'/data/data/com.test/files/com.test-1.dex'}", "type": "SYSCALL", "id": 10911}, {"sysname": "write", "xref": 10872, "ts": 0, "blob": "{'filename': u'/data/data/com.test/files/com.test-1.dex'}", "type": "SYSCALL", "id": 10914}, {"sysname": "write", "xref": 10872, "ts": 0, "blob": "{'filename': u'/data/data/com.test/files/com.test-1.dex'}", "type": "SYSCALL", "id": 10919}, {"sysname": "write", "xref": 10872, "ts": 0, "blob": "{'filename': u'/data/data/com.test/files/com.test-1.dex'}", "type": "SYSCALL", "id": 10922}, {"sysname": "write", "xref": 10872, "ts": 0, "blob": "{'filename': u'/data/data/com.test/files/com.test-1.dex'}", "type": "SYSCALL", "id": 10923}, {"sysname": "write", "xref": 10872, "ts": 0, "blob": "{'filename': u'/data/data/com.test/files/com.test-1.dex'}", "type": "SYSCALL", "id": 10924}, {"sysname": "write", "xref": 10872, "ts": 0, "blob": "{'filename': u'/data/data/com.test/files/com.test-1.dex'}", "type": "SYSCALL", "id": 10925}, {"sysname": "write", "xref": 10872, "ts": 0, "blob": "{'filename': u'/data/data/com.test/files/com.test-1.dex'}", "type": "SYSCALL", "id": 10932}, {"sysname": "write", "xref": 10872, "ts": 0, "blob": "{'filename': u'/data/data/com.test/files/com.test-1.dex'}", "type": "SYSCALL", "id": 10938}, {"sysname": "write", "xref": 10872, "ts": 0, "blob": "{'filename': u'/data/data/com.test/files/com.test-1.dex'}", "type": "SYSCALL", "id": 10939}, {"sysname": "write", "xref": 10872, "ts": 0, "blob": "{'filename': u'/data/data/com.test/files/com.test-1.dex'}", "type": "SYSCALL", "id": 10946}, {"sysname": "write", "xref": 10872, "ts": 0, "blob": "{'filename': u'/data/data/com.test/files/com.test-1.dex'}", "type": "SYSCALL", "id": 10947}, {"sysname": "write", "xref": 10872, "ts": 0, "blob": "{'filename': u'/data/data/com.test/files/com.test-1.dex'}", "type": "SYSCALL", "id": 10950}, {"sysname": "write", "xref": 10872, "ts": 0, "blob": "{'filename': u'/data/data/com.test/files/com.test-1.dex'}", "type": "SYSCALL", "id": 12148}, {"sysname": "write", "xref": 10872, "ts": 0, "blob": "{'filename': u'/data/data/com.test/files/com.test-1.dex'}", "type": "SYSCALL", "id": 12151}, {"sysname": "write", "xref": 10872, "ts": 0, "blob": "{'filename': u'/data/data/com.test/files/com.test-1.dex'}", "type": "SYSCALL", "id": 12152}, {"sysname": "write", "xref": 10872, "ts": 0, "blob": "{'filename': u'/data/data/com.test/files/com.test-1.dex'}", "type": "SYSCALL", "id": 12153}, {"sysname": "write", "xref": 10872, "ts": 0, "blob": "{'filename': u'/data/data/com.test/files/com.test-1.dex'}", "type": "SYSCALL", "id": 12159}]}, {"tid": 336, "procname": "com.test", "class": "EXECUTE", "low": [{"sysname": "execve", "blob": {"executed_file": "/system/bin/dexopt", "args": "[]", "retval": 0}, "type": "SYSCALL", "id": 10964, "ts": 0}]}, {"tid": 335, "procname": "Thread-16", "class": "FS ACCESS", "low": [{"sysname": "open", "blob": "{'flags': 131649, 'mode': 384, 'filename': u'/data/data/com.test/shared_prefs/11.xml\\x00'}", "type": "SYSCALL", "id": 11620, "ts": 0}, {"sysname": "write", "xref": 11620, "ts": 0, "blob": "{'filename': u'/data/data/com.test/shared_prefs/11.xml'}", "type": "SYSCALL", "id": 11637}]}, {"tid": 338, "procname": "Thread-18", "class": "NETWORK ACCESS", "low": [{"sysname": "connect", "blob": "{'host': '::ffff:10.10.10.10', 'retval': -115, 'port': 8080}", "type": "SYSCALL", "id": 13964, "ts": 0}]}, {"tid": 338, "procname": "Thread-18", "class": "FS ACCESS", "low": [{"sysname": "open", "blob": "{'flags': 131649, 'mode': 384, 'filename': u'/data/data/com.test/shared_prefs/11.xml\\x00'}", "type": "SYSCALL", "id": 15340, "ts": 0}, {"sysname": "write", "xref": 15340, "ts": 0, "blob": "{'filename': u'/data/data/com.test/shared_prefs/11.xml'}", "type": "SYSCALL", "id": 15431}]}]}}, "userid": "joystick", "country": "UNAVAILABLE", "date_end": "N/A", "date_start": "N/A", "date_submitted": "2012-11-19 17:54:49", "static": "/copperdroid/reports//AnserverBot_genome_stimulated/002f537027830303e2205dd0a6106cb1b79fa704.apk.log", "submitter_ip": "127.0.0.1", "pcap": "/copperdroid/reports//AnserverBot_genome_stimulated/002f537027830303e2205dd0a6106cb1b79fa704.apk.pcap", "md5": "57dd334abddbea7fb01569dc73fd32f1"}