{"behaviors": {"static": {}, "dynamic": {"host": [{"tid": 318, "procname": "m.lang.template", "class": "FS ACCESS", "low": [{"sysname": "open", "blob": "{'flags': 131649, 'mode': 384, 'filename': u'/data/data/com.lang.template/shared_prefs/0.xml\\x00'}", "type": "SYSCALL", "id": 2040, "ts": 0}, {"sysname": "write", "xref": 2040, "ts": 0, "blob": "{'filename': u'/data/data/com.lang.template/shared_prefs/0.xml'}", "type": "SYSCALL", "id": 2041}]}, {"tid": 318, "procname": "m.lang.template", "class": "FS ACCESS", "low": [{"sysname": "open", "blob": "{'flags': 131649, 'mode': 384, 'filename': u'/data/data/com.lang.template/shared_prefs/0.xml\\x00'}", "type": "SYSCALL", "id": 2049, "ts": 0}, {"sysname": "write", "xref": 2049, "ts": 0, "blob": "{'filename': u'/data/data/com.lang.template/shared_prefs/0.xml'}", "type": "SYSCALL", "id": 2050}]}, {"tid": 318, "procname": "m.lang.template", "class": "FS ACCESS", "low": [{"sysname": "open", "blob": "{'flags': 131649, 'mode': 384, 'filename': u'/data/data/com.lang.template/shared_prefs/0.xml\\x00'}", "type": "SYSCALL", "id": 2059, "ts": 0}, {"sysname": "write", "xref": 2059, "ts": 0, "blob": "{'filename': u'/data/data/com.lang.template/shared_prefs/0.xml'}", "type": "SYSCALL", "id": 2060}]}, {"tid": 318, "procname": "m.lang.template", "class": "FS ACCESS", "low": [{"sysname": "open", "blob": "{'flags': 131649, 'mode': 384, 'filename': u'/data/data/com.lang.template/files/anservera.db\\x00'}", "type": "SYSCALL", "id": 2072, "ts": 0}, {"sysname": "write", "xref": 2072, "ts": 0, "blob": "{'filename': u'/data/data/com.lang.template/files/anservera.db'}", "type": "SYSCALL", "id": 2074}, {"sysname": "write", "xref": 2072, "ts": 0, "blob": "{'filename': u'/data/data/com.lang.template/files/anservera.db'}", "type": "SYSCALL", "id": 2075}, {"sysname": "write", "xref": 2072, "ts": 0, "blob": "{'filename': u'/data/data/com.lang.template/files/anservera.db'}", "type": "SYSCALL", "id": 2076}, {"sysname": "write", "xref": 2072, "ts": 0, "blob": "{'filename': u'/data/data/com.lang.template/files/anservera.db'}", "type": "SYSCALL", "id": 2077}, {"sysname": "write", "xref": 2072, "ts": 0, "blob": "{'filename': u'/data/data/com.lang.template/files/anservera.db'}", "type": "SYSCALL", "id": 2078}, {"sysname": "write", "xref": 2072, "ts": 0, "blob": "{'filename': u'/data/data/com.lang.template/files/anservera.db'}", "type": "SYSCALL", "id": 2079}, {"sysname": "write", "xref": 2072, "ts": 0, "blob": "{'filename': u'/data/data/com.lang.template/files/anservera.db'}", "type": "SYSCALL", "id": 2080}, {"sysname": "write", "xref": 2072, "ts": 0, "blob": "{'filename': u'/data/data/com.lang.template/files/anservera.db'}", "type": "SYSCALL", "id": 2081}, {"sysname": "write", "xref": 2072, "ts": 0, "blob": "{'filename': u'/data/data/com.lang.template/files/anservera.db'}", "type": "SYSCALL", "id": 2082}, {"sysname": "write", "xref": 2072, "ts": 0, "blob": "{'filename': u'/data/data/com.lang.template/files/anservera.db'}", "type": "SYSCALL", "id": 2083}, {"sysname": "write", "xref": 2072, "ts": 0, "blob": "{'filename': u'/data/data/com.lang.template/files/anservera.db'}", "type": "SYSCALL", "id": 2084}, {"sysname": "write", "xref": 2072, "ts": 0, "blob": "{'filename': u'/data/data/com.lang.template/files/anservera.db'}", "type": "SYSCALL", "id": 2085}, {"sysname": "write", "xref": 2072, "ts": 0, "blob": "{'filename': u'/data/data/com.lang.template/files/anservera.db'}", "type": "SYSCALL", "id": 2086}, {"sysname": "write", "xref": 2072, "ts": 0, "blob": "{'filename': u'/data/data/com.lang.template/files/anservera.db'}", "type": "SYSCALL", "id": 2087}, {"sysname": "write", "xref": 2072, "ts": 0, "blob": "{'filename': u'/data/data/com.lang.template/files/anservera.db'}", "type": "SYSCALL", "id": 2088}, {"sysname": "write", "xref": 2072, "ts": 0, "blob": "{'filename': u'/data/data/com.lang.template/files/anservera.db'}", "type": "SYSCALL", "id": 2089}, {"sysname": "write", "xref": 2072, "ts": 0, "blob": "{'filename': u'/data/data/com.lang.template/files/anservera.db'}", "type": "SYSCALL", "id": 2090}, {"sysname": "write", "xref": 2072, "ts": 0, "blob": "{'filename': u'/data/data/com.lang.template/files/anservera.db'}", "type": "SYSCALL", "id": 2091}, {"sysname": "write", "xref": 2072, "ts": 0, "blob": "{'filename': u'/data/data/com.lang.template/files/anservera.db'}", "type": "SYSCALL", "id": 2092}, {"sysname": "write", "xref": 2072, "ts": 0, "blob": "{'filename': u'/data/data/com.lang.template/files/anservera.db'}", "type": "SYSCALL", "id": 2093}, {"sysname": "write", "xref": 2072, "ts": 0, "blob": "{'filename': u'/data/data/com.lang.template/files/anservera.db'}", "type": "SYSCALL", "id": 2094}, {"sysname": "write", "xref": 2072, "ts": 0, "blob": "{'filename': u'/data/data/com.lang.template/files/anservera.db'}", "type": "SYSCALL", "id": 2095}, {"sysname": "write", "xref": 2072, "ts": 0, "blob": "{'filename': u'/data/data/com.lang.template/files/anservera.db'}", "type": "SYSCALL", "id": 2096}, {"sysname": "write", "xref": 2072, "ts": 0, "blob": "{'filename': u'/data/data/com.lang.template/files/anservera.db'}", "type": "SYSCALL", "id": 2097}, {"sysname": "write", "xref": 2072, "ts": 0, "blob": "{'filename': u'/data/data/com.lang.template/files/anservera.db'}", "type": "SYSCALL", "id": 2098}, {"sysname": "write", "xref": 2072, "ts": 0, "blob": "{'filename': u'/data/data/com.lang.template/files/anservera.db'}", "type": "SYSCALL", "id": 2099}, {"sysname": "write", "xref": 2072, "ts": 0, "blob": "{'filename': u'/data/data/com.lang.template/files/anservera.db'}", "type": "SYSCALL", "id": 2100}, {"sysname": "write", "xref": 2072, "ts": 0, "blob": "{'filename': u'/data/data/com.lang.template/files/anservera.db'}", "type": "SYSCALL", "id": 2101}, {"sysname": "write", "xref": 2072, "ts": 0, "blob": "{'filename': u'/data/data/com.lang.template/files/anservera.db'}", "type": "SYSCALL", "id": 2102}, {"sysname": "write", "xref": 2072, "ts": 0, "blob": "{'filename': u'/data/data/com.lang.template/files/anservera.db'}", "type": "SYSCALL", "id": 2103}, {"sysname": "write", "xref": 2072, "ts": 0, "blob": "{'filename': u'/data/data/com.lang.template/files/anservera.db'}", "type": "SYSCALL", "id": 2104}]}, {"tid": 318, "procname": "m.lang.template", "class": "FS ACCESS", "low": [{"sysname": "open", "blob": "{'flags': 131649, 'mode': 384, 'filename': u'/data/data/com.lang.template/files/anserverb.db\\x00'}", "type": "SYSCALL", "id": 2110, "ts": 0}, {"sysname": "write", "xref": 2110, "ts": 0, "blob": "{'filename': u'/data/data/com.lang.template/files/anserverb.db'}", "type": "SYSCALL", "id": 2112}, {"sysname": "write", "xref": 2110, "ts": 0, "blob": "{'filename': u'/data/data/com.lang.template/files/anserverb.db'}", "type": "SYSCALL", "id": 2113}, {"sysname": "write", "xref": 2110, "ts": 0, "blob": "{'filename': u'/data/data/com.lang.template/files/anserverb.db'}", "type": "SYSCALL", "id": 2114}, {"sysname": "write", "xref": 2110, "ts": 0, "blob": "{'filename': u'/data/data/com.lang.template/files/anserverb.db'}", "type": "SYSCALL", "id": 2122}, {"sysname": "write", "xref": 2110, "ts": 0, "blob": "{'filename': u'/data/data/com.lang.template/files/anserverb.db'}", "type": "SYSCALL", "id": 2123}, {"sysname": "write", "xref": 2110, "ts": 0, "blob": "{'filename': u'/data/data/com.lang.template/files/anserverb.db'}", "type": "SYSCALL", "id": 2124}, {"sysname": "write", "xref": 2110, "ts": 0, "blob": "{'filename': u'/data/data/com.lang.template/files/anserverb.db'}", "type": "SYSCALL", "id": 2125}, {"sysname": "write", "xref": 2110, "ts": 0, "blob": "{'filename': u'/data/data/com.lang.template/files/anserverb.db'}", "type": "SYSCALL", "id": 2126}, {"sysname": "write", "xref": 2110, "ts": 0, "blob": "{'filename': u'/data/data/com.lang.template/files/anserverb.db'}", "type": "SYSCALL", "id": 2127}, {"sysname": "write", "xref": 2110, "ts": 0, "blob": "{'filename': u'/data/data/com.lang.template/files/anserverb.db'}", "type": "SYSCALL", "id": 2128}, {"sysname": "write", "xref": 2110, "ts": 0, "blob": "{'filename': u'/data/data/com.lang.template/files/anserverb.db'}", "type": "SYSCALL", "id": 2129}, {"sysname": "write", "xref": 2110, "ts": 0, "blob": "{'filename': u'/data/data/com.lang.template/files/anserverb.db'}", "type": "SYSCALL", "id": 2130}, {"sysname": "write", "xref": 2110, "ts": 0, "blob": "{'filename': u'/data/data/com.lang.template/files/anserverb.db'}", "type": "SYSCALL", "id": 2131}, {"sysname": "write", "xref": 2110, "ts": 0, "blob": "{'filename': u'/data/data/com.lang.template/files/anserverb.db'}", "type": "SYSCALL", "id": 2132}, {"sysname": "write", "xref": 2110, "ts": 0, "blob": "{'filename': u'/data/data/com.lang.template/files/anserverb.db'}", "type": "SYSCALL", "id": 2133}, {"sysname": "write", "xref": 2110, "ts": 0, "blob": "{'filename': u'/data/data/com.lang.template/files/anserverb.db'}", "type": "SYSCALL", "id": 2134}, {"sysname": "write", "xref": 2110, "ts": 0, "blob": "{'filename': u'/data/data/com.lang.template/files/anserverb.db'}", "type": "SYSCALL", "id": 2135}, {"sysname": "write", "xref": 2110, "ts": 0, "blob": "{'filename': u'/data/data/com.lang.template/files/anserverb.db'}", "type": "SYSCALL", "id": 2136}, {"sysname": "write", "xref": 2110, "ts": 0, "blob": "{'filename': u'/data/data/com.lang.template/files/anserverb.db'}", "type": "SYSCALL", "id": 2137}, {"sysname": "write", "xref": 2110, "ts": 0, "blob": "{'filename': u'/data/data/com.lang.template/files/anserverb.db'}", "type": "SYSCALL", "id": 2138}, {"sysname": "write", "xref": 2110, "ts": 0, "blob": "{'filename': u'/data/data/com.lang.template/files/anserverb.db'}", "type": "SYSCALL", "id": 2139}, {"sysname": "write", "xref": 2110, "ts": 0, "blob": "{'filename': u'/data/data/com.lang.template/files/anserverb.db'}", "type": "SYSCALL", "id": 2145}, {"sysname": "write", "xref": 2110, "ts": 0, "blob": "{'filename': u'/data/data/com.lang.template/files/anserverb.db'}", "type": "SYSCALL", "id": 2146}, {"sysname": "write", "xref": 2110, "ts": 0, "blob": "{'filename': u'/data/data/com.lang.template/files/anserverb.db'}", "type": "SYSCALL", "id": 2147}, {"sysname": "write", "xref": 2110, "ts": 0, "blob": "{'filename': u'/data/data/com.lang.template/files/anserverb.db'}", "type": "SYSCALL", "id": 2148}, {"sysname": "write", "xref": 2110, "ts": 0, "blob": "{'filename': u'/data/data/com.lang.template/files/anserverb.db'}", "type": "SYSCALL", "id": 2149}, {"sysname": "write", "xref": 2110, "ts": 0, "blob": "{'filename': u'/data/data/com.lang.template/files/anserverb.db'}", "type": "SYSCALL", "id": 2150}]}, {"tid": 318, "procname": "m.lang.template", "class": "FS ACCESS", "low": [{"sysname": "open", "blob": "{'flags': 131649, 'mode': 384, 'filename': u'/data/data/com.lang.template/shared_prefs/0.xml\\x00'}", "type": "SYSCALL", "id": 2166, "ts": 0}, {"sysname": "write", "xref": 2166, "ts": 0, "blob": "{'filename': u'/data/data/com.lang.template/shared_prefs/0.xml'}", "type": "SYSCALL", "id": 2169}]}, {"tid": 318, "procname": "m.lang.template", "class": "FS ACCESS", "low": [{"sysname": "open", "blob": "{'flags': 131649, 'mode': 384, 'filename': u'/data/data/com.lang.template/shared_prefs/0.xml\\x00'}", "type": "SYSCALL", "id": 2178, "ts": 0}, {"sysname": "write", "xref": 2178, "ts": 0, "blob": "{'filename': u'/data/data/com.lang.template/shared_prefs/0.xml'}", "type": "SYSCALL", "id": 2179}]}, {"tid": 325, "procname": "dexopt", "class": "FS ACCESS", "low": [{"sysname": "open", "blob": "{'flags': 131138, 'mode': 420, 'filename': u'/data/data/com.lang.template/files/anserverb.dex\\x00'}", "type": "SYSCALL", "id": 2621, "ts": 0}, {"sysname": "write", "xref": 2621, "ts": 0, "blob": "{'filename': u'/data/data/com.lang.template/files/anserverb.dex'}", "type": "SYSCALL", "id": 2625}, {"sysname": "write", "xref": 2621, "ts": 0, "blob": "{'filename': u'/data/data/com.lang.template/files/anserverb.dex'}", "type": "SYSCALL", "id": 2630}, {"sysname": "write", "xref": 2621, "ts": 0, "blob": "{'filename': u'/data/data/com.lang.template/files/anserverb.dex'}", "type": "SYSCALL", "id": 2631}, {"sysname": "write", "xref": 2621, "ts": 0, "blob": "{'filename': u'/data/data/com.lang.template/files/anserverb.dex'}", "type": "SYSCALL", "id": 3212}, {"sysname": "write", "xref": 2621, "ts": 0, "blob": "{'filename': u'/data/data/com.lang.template/files/anserverb.dex'}", "type": "SYSCALL", "id": 3215}, {"sysname": "write", "xref": 2621, "ts": 0, "blob": "{'filename': u'/data/data/com.lang.template/files/anserverb.dex'}", "type": "SYSCALL", "id": 3216}, {"sysname": "write", "xref": 2621, "ts": 0, "blob": "{'filename': u'/data/data/com.lang.template/files/anserverb.dex'}", "type": "SYSCALL", "id": 3217}, {"sysname": "write", "xref": 2621, "ts": 0, "blob": "{'filename': u'/data/data/com.lang.template/files/anserverb.dex'}", "type": "SYSCALL", "id": 3222}]}, {"tid": 325, "procname": "m.lang.template", "class": "EXECUTE", "low": [{"sysname": "execve", "blob": {"executed_file": "/system/bin/dexopt", "args": "[]", "retval": 0}, "type": "SYSCALL", "id": 2643, "ts": 0}]}, {"tid": 318, "procname": "m.lang.template", "class": "FS ACCESS", "low": [{"sysname": "open", "blob": "{'flags': 131649, 'mode': 384, 'filename': u'/data/data/com.lang.template/shared_prefs/0.xml\\x00'}", "type": "SYSCALL", "id": 3258, "ts": 0}, {"sysname": "write", "xref": 3258, "ts": 0, "blob": "{'filename': u'/data/data/com.lang.template/shared_prefs/0.xml'}", "type": "SYSCALL", "id": 3259}]}, {"tid": 318, "procname": "m.lang.template", "class": "FS ACCESS", "low": [{"sysname": "open", "blob": "{'flags': 131649, 'mode': 384, 'filename': u'/data/data/com.lang.template/shared_prefs/0.xml\\x00'}", "type": "SYSCALL", "id": 3268, "ts": 0}, {"sysname": "write", "xref": 3268, "ts": 0, "blob": "{'filename': u'/data/data/com.lang.template/shared_prefs/0.xml'}", "type": "SYSCALL", "id": 3271}]}, {"tid": 318, "procname": "m.lang.template", "class": "FS ACCESS", "low": [{"sysname": "open", "blob": "{'flags': 131649, 'mode': 384, 'filename': u'/data/data/com.lang.template/shared_prefs/11.xml\\x00'}", "type": "SYSCALL", "id": 3278, "ts": 0}, {"sysname": "write", "xref": 3278, "ts": 0, "blob": "{'filename': u'/data/data/com.lang.template/shared_prefs/11.xml'}", "type": "SYSCALL", "id": 3279}]}, {"tid": 327, "procname": "Thread-10", "class": "ACCESS PERSONAL INFO", "subclass": "PHONE", "low": [{"method_name": "com.android.internal.telephony.IPhoneSubInfo.getSubscriberId()()", "type": "BINDER", "id": 3828, "ts": 0}]}, {"tid": 327, "procname": "Thread-10", "class": "ACCESS PERSONAL INFO", "subclass": "PHONE", "low": [{"method_name": "com.android.internal.telephony.IPhoneSubInfo.getDeviceId()()", "type": "BINDER", "id": 3923, "ts": 0}]}, {"tid": 327, "procname": "Thread-10", "class": "FS ACCESS", "low": [{"sysname": "open", "blob": "{'flags': 131649, 'mode': 384, 'filename': u'/data/data/com.lang.template/shared_prefs/0.xml\\x00'}", "type": "SYSCALL", "id": 3948, "ts": 0}, {"sysname": "write", "xref": 3948, "ts": 0, "blob": "{'filename': u'/data/data/com.lang.template/shared_prefs/0.xml'}", "type": "SYSCALL", "id": 3967}]}, {"tid": 77, "procname": "ActivityManager", "class": "ACCESS PERSONAL INFO", "subclass": "SMS", "low": [{"recv by": "com.lang.template", "intent": "android.provider.Telephony.SMS_RECEIVED", "type": "INTENT", "id": 4229, "ts": 0}]}, {"tid": 327, "procname": "Thread-10", "class": "NETWORK ACCESS", "subclass": "DNS", "low": [{"sysname": "connect", "blob": "{'host': '10.0.2.3', 'retval': 0, 'port': 53}", "type": "SYSCALL", "id": 4434, "ts": 0}, {"sysname": "sendto", "xref": 4434, "ts": 0, "blob": "{'query_data': 'b4.cookier.co.cc. 1 1'}", "type": "SYSCALL", "id": 4435}]}, {"tid": 327, "procname": "Thread-10", "class": "NETWORK ACCESS", "low": [{"sysname": "connect", "blob": "{'host': '::ffff:10.10.10.10', 'retval': -115, 'port': 8080}", "type": "SYSCALL", "id": 4462, "ts": 0}]}, {"tid": 155, "procname": "Binder Thread #", "class": "ACCESS PERSONAL INFO", "subclass": "SMS", "low": [{"recv by": "com.lang.template", "intent": "android.provider.Telephony.SMS_RECEIVED", "type": "INTENT", "id": 5120, "ts": 0}]}, {"tid": 327, "procname": "Thread-10", "class": "FS ACCESS", "low": [{"sysname": "open", "blob": "{'flags': 131649, 'mode': 384, 'filename': u'/data/data/com.lang.template/shared_prefs/11.xml\\x00'}", "type": "SYSCALL", "id": 5377, "ts": 0}, {"sysname": "write", "xref": 5377, "ts": 0, "blob": "{'filename': u'/data/data/com.lang.template/shared_prefs/11.xml'}", "type": "SYSCALL", "id": 5378}]}, {"tid": 327, "procname": "Thread-10", "class": "FS ACCESS", "low": [{"sysname": "open", "blob": "{'flags': 131649, 'mode': 384, 'filename': u'/data/data/com.lang.template/shared_prefs/11.xml\\x00'}", "type": "SYSCALL", "id": 5394, "ts": 0}, {"sysname": "write", "xref": 5394, "ts": 0, "blob": "{'filename': u'/data/data/com.lang.template/shared_prefs/11.xml'}", "type": "SYSCALL", "id": 5397}]}, {"tid": 327, "procname": "Thread-10", "class": "FS ACCESS", "low": [{"sysname": "open", "blob": "{'flags': 131649, 'mode': 384, 'filename': u'/data/data/com.lang.template/shared_prefs/11.xml\\x00'}", "type": "SYSCALL", "id": 5406, "ts": 0}, {"sysname": "write", "xref": 5406, "ts": 0, "blob": "{'filename': u'/data/data/com.lang.template/shared_prefs/11.xml'}", "type": "SYSCALL", "id": 5410}]}, {"tid": 332, "procname": "Thread-13", "class": "ACCESS PERSONAL INFO", "subclass": "PHONE", "low": [{"method_name": "com.android.internal.telephony.IPhoneSubInfo.getDeviceId()()", "type": "BINDER", "id": 5746, "ts": 0}]}, {"tid": 332, "procname": "Thread-13", "class": "ACCESS PERSONAL INFO", "subclass": "PHONE", "low": [{"method_name": "com.android.internal.telephony.ITelephony.TRANSACTION_getNetworkType()", "type": "BINDER", "id": 5765, "ts": 0}]}, {"tid": 332, "procname": "Thread-13", "class": "NETWORK ACCESS", "subclass": "DNS", "low": [{"sysname": "connect", "blob": "{'host': '10.0.2.3', 'retval': 0, 'port': 53}", "type": "SYSCALL", "id": 5809, "ts": 0}, {"sysname": "sendto", "xref": 5809, "ts": 0, "blob": "{'query_data': 'd.wiyun.com. 1 1'}", "type": "SYSCALL", "id": 5810}]}, {"tid": 332, "procname": "Thread-13", "class": "NETWORK ACCESS", "subclass": "HTTP", "low": [{"sysname": "connect", "blob": "{'host': '::ffff:119.254.87.201', 'retval': -115, 'port': 80}", "type": "SYSCALL", "id": 5830, "ts": 0}, {"sysname": "sendto", "xref": 5830, "ts": 0, "blob": "=GET+%2Fadv%2Fd%3Ft%3D1343206517621%26a%3D802%26r%3D2a9e609475226f28%26s%3D1.0.7%26h%3D320%26w%3D480%26o%3DAndroid%2BEmulator%26v%3D2.2.3%26b%3Dgeneric%26m%3Dgeneric%26u%3D000000000000000%26n%3D3%26f%3D0%26l%3Den%26c%3D31260%26mm%3D%2A%252F%2A%26e%3D1+HTTP%2F1.1%0D%0AHost%3A+d.wiyun.com%0D%0AUser-Agent%3A+Mozilla%2F5.0+%28Linux%3B+U%3B+Android+2.2.3%3B+en-us%3B+generic%29+AppleWebKit%2F525.10%2B+%28KHTML%2C+like+Gecko%29+Version%2F3.0.4+Mobile+Safari%2F523.12.2%0D%0AConnection%3A+Keep-Alive%0D%0A", "type": "SYSCALL", "id": 5996}]}, {"tid": 332, "procname": "Thread-13", "class": "FS ACCESS", "low": [{"sysname": "open", "blob": "{'flags': 131649, 'mode': 384, 'filename': u'/data/data/com.lang.template/cache/wiyun_last_ad_json\\x00'}", "type": "SYSCALL", "id": 6088, "ts": 0}, {"sysname": "write", "xref": 6088, "ts": 0, "blob": "{'filename': u'/data/data/com.lang.template/cache/wiyun_last_ad_json'}", "type": "SYSCALL", "id": 6093}]}, {"tid": 335, "procname": "Thread-16", "class": "NETWORK ACCESS", "low": [{"sysname": "connect", "blob": "{'host': '::ffff:10.10.10.10', 'retval': -115, 'port': 8080}", "type": "SYSCALL", "id": 6576, "ts": 0}]}, {"tid": 336, "procname": "dexopt", "class": "FS ACCESS", "low": [{"sysname": "open", "blob": "{'flags': 131138, 'mode': 420, 'filename': u'/data/data/com.lang.template/files/com.lang.template-1.dex\\x00'}", "type": "SYSCALL", "id": 7176, "ts": 0}, {"sysname": "write", "xref": 7176, "ts": 0, "blob": "{'filename': u'/data/data/com.lang.template/files/com.lang.template-1.dex'}", "type": "SYSCALL", "id": 7180}, {"sysname": "write", "xref": 7176, "ts": 0, "blob": "{'filename': u'/data/data/com.lang.template/files/com.lang.template-1.dex'}", "type": "SYSCALL", "id": 7185}, {"sysname": "write", "xref": 7176, "ts": 0, "blob": "{'filename': u'/data/data/com.lang.template/files/com.lang.template-1.dex'}", "type": "SYSCALL", "id": 7186}, {"sysname": "write", "xref": 7176, "ts": 0, "blob": "{'filename': u'/data/data/com.lang.template/files/com.lang.template-1.dex'}", "type": "SYSCALL", "id": 7187}, {"sysname": "write", "xref": 7176, "ts": 0, "blob": "{'filename': u'/data/data/com.lang.template/files/com.lang.template-1.dex'}", "type": "SYSCALL", "id": 7188}, {"sysname": "write", "xref": 7176, "ts": 0, "blob": "{'filename': u'/data/data/com.lang.template/files/com.lang.template-1.dex'}", "type": "SYSCALL", "id": 7191}, {"sysname": "write", "xref": 7176, "ts": 0, "blob": "{'filename': u'/data/data/com.lang.template/files/com.lang.template-1.dex'}", "type": "SYSCALL", "id": 7192}, {"sysname": "write", "xref": 7176, "ts": 0, "blob": "{'filename': u'/data/data/com.lang.template/files/com.lang.template-1.dex'}", "type": "SYSCALL", "id": 7193}, {"sysname": "write", "xref": 7176, "ts": 0, "blob": "{'filename': u'/data/data/com.lang.template/files/com.lang.template-1.dex'}", "type": "SYSCALL", "id": 7194}, {"sysname": "write", "xref": 7176, "ts": 0, "blob": "{'filename': u'/data/data/com.lang.template/files/com.lang.template-1.dex'}", "type": "SYSCALL", "id": 7195}, {"sysname": "write", "xref": 7176, "ts": 0, "blob": "{'filename': u'/data/data/com.lang.template/files/com.lang.template-1.dex'}", "type": "SYSCALL", "id": 7945}, {"sysname": "write", "xref": 7176, "ts": 0, "blob": "{'filename': u'/data/data/com.lang.template/files/com.lang.template-1.dex'}", "type": "SYSCALL", "id": 7948}, {"sysname": "write", "xref": 7176, "ts": 0, "blob": "{'filename': u'/data/data/com.lang.template/files/com.lang.template-1.dex'}", "type": "SYSCALL", "id": 7949}, {"sysname": "write", "xref": 7176, "ts": 0, "blob": "{'filename': u'/data/data/com.lang.template/files/com.lang.template-1.dex'}", "type": "SYSCALL", "id": 7950}, {"sysname": "write", "xref": 7176, "ts": 0, "blob": "{'filename': u'/data/data/com.lang.template/files/com.lang.template-1.dex'}", "type": "SYSCALL", "id": 7957}]}, {"tid": 336, "procname": "m.lang.template", "class": "EXECUTE", "low": [{"sysname": "execve", "blob": {"executed_file": "/system/bin/dexopt", "args": "[]", "retval": 0}, "type": "SYSCALL", "id": 7216, "ts": 0}]}, {"tid": 335, "procname": "Thread-16", "class": "FS ACCESS", "low": [{"sysname": "open", "blob": "{'flags': 131649, 'mode': 384, 'filename': u'/data/data/com.lang.template/shared_prefs/11.xml\\x00'}", "type": "SYSCALL", "id": 8091, "ts": 0}, {"sysname": "write", "xref": 8091, "ts": 0, "blob": "{'filename': u'/data/data/com.lang.template/shared_prefs/11.xml'}", "type": "SYSCALL", "id": 8101}]}, {"tid": 338, "procname": "Thread-18", "class": "NETWORK ACCESS", "low": [{"sysname": "connect", "blob": "{'host': '::ffff:10.10.10.10', 'retval': -115, 'port': 8080}", "type": "SYSCALL", "id": 9135, "ts": 0}]}, {"tid": 318, "procname": "m.lang.template", "class": "ACCESS PERSONAL INFO", "subclass": "PHONE", "low": [{"method_name": "android.app.IActivityManager.GET_CONTENT_PROVIDER_TRANSACTION()", "type": "BINDER", "id": 9920, "ts": 0}]}, {"tid": 338, "procname": "Thread-18", "class": "FS ACCESS", "low": [{"sysname": "open", "blob": "{'flags': 131649, 'mode': 384, 'filename': u'/data/data/com.lang.template/shared_prefs/11.xml\\x00'}", "type": "SYSCALL", "id": 10095, "ts": 0}, {"sysname": "write", "xref": 10095, "ts": 0, "blob": "{'filename': u'/data/data/com.lang.template/shared_prefs/11.xml'}", "type": "SYSCALL", "id": 10099}]}, {"tid": 339, "procname": "m.lang.template", "class": "EXECUTE", "low": [{"sysname": "execve", "blob": {"executed_file": "/system/bin/sh", "args": "[]", "retval": 0}, "type": "SYSCALL", "id": 10652, "ts": 0}]}, {"tid": 318, "procname": "m.lang.template", "class": "FS ACCESS", "low": [{"sysname": "open", "blob": "{'flags': 131649, 'mode': 384, 'filename': u'/data/data/com.lang.template/shared_prefs/0.xml\\x00'}", "type": "SYSCALL", "id": 11250, "ts": 0}, {"sysname": "write", "xref": 11250, "ts": 0, "blob": "{'filename': u'/data/data/com.lang.template/shared_prefs/0.xml'}", "type": "SYSCALL", "id": 11252}]}, {"tid": 340, "procname": "Thread-19", "class": "FS ACCESS", "low": [{"sysname": "open", "blob": "{'flags': 131649, 'mode': 384, 'filename': u'/data/data/com.lang.template/shared_prefs/210.xml\\x00'}", "type": "SYSCALL", "id": 11251, "ts": 0}, {"sysname": "write", "xref": 11251, "ts": 0, "blob": "{'filename': u'/data/data/com.lang.template/shared_prefs/210.xml'}", "type": "SYSCALL", "id": 11292}]}, {"tid": 340, "procname": "Thread-19", "class": "FS ACCESS", "low": [{"sysname": "open", "blob": "{'flags': 131649, 'mode': 384, 'filename': u'/data/data/com.lang.template/shared_prefs/210.xml\\x00'}", "type": "SYSCALL", "id": 11302, "ts": 0}, {"sysname": "write", "xref": 11302, "ts": 0, "blob": "{'filename': u'/data/data/com.lang.template/shared_prefs/210.xml'}", "type": "SYSCALL", "id": 11312}]}, {"tid": 341, "procname": "m.lang.template", "class": "EXECUTE", "low": [{"sysname": "execve", "blob": {"executed_file": "/system/bin/sh", "args": "[]", "retval": 0}, "type": "SYSCALL", "id": 11343, "ts": 0}]}, {"tid": 340, "procname": "Thread-19", "class": "FS ACCESS", "low": [{"sysname": "open", "blob": "{'flags': 131649, 'mode': 384, 'filename': u'/data/data/com.lang.template/shared_prefs/210.xml\\x00'}", "type": "SYSCALL", "id": 11361, "ts": 0}, {"sysname": "write", "xref": 11361, "ts": 0, "blob": "{'filename': u'/data/data/com.lang.template/shared_prefs/210.xml'}", "type": "SYSCALL", "id": 11414}]}, {"tid": 342, "procname": "Thread-20", "class": "ACCESS PERSONAL INFO", "subclass": "PHONE", "low": [{"method_name": "com.android.internal.telephony.IPhoneSubInfo.getSubscriberId()()", "type": "BINDER", "id": 11641, "ts": 0}]}, {"tid": 342, "procname": "Thread-20", "class": "NETWORK ACCESS", "low": [{"sysname": "connect", "blob": "{'host': '::ffff:10.10.10.10', 'retval': -115, 'port': 8080}", "type": "SYSCALL", "id": 12258, "ts": 0}]}, {"tid": 318, "procname": "m.lang.template", "class": "FS ACCESS", "low": [{"sysname": "open", "blob": "{'flags': 131649, 'mode': 384, 'filename': u'/data/data/com.lang.template/shared_prefs/210.xml\\x00'}", "type": "SYSCALL", "id": 12401, "ts": 0}, {"sysname": "write", "xref": 12401, "ts": 0, "blob": "{'filename': u'/data/data/com.lang.template/shared_prefs/210.xml'}", "type": "SYSCALL", "id": 12437}]}, {"tid": 318, "procname": "m.lang.template", "class": "FS ACCESS", "low": [{"sysname": "open", "blob": "{'flags': 131649, 'mode': 384, 'filename': u'/data/data/com.lang.template/shared_prefs/0.xml\\x00'}", "type": "SYSCALL", "id": 12482, "ts": 0}, {"sysname": "write", "xref": 12482, "ts": 0, "blob": "{'filename': u'/data/data/com.lang.template/shared_prefs/0.xml'}", "type": "SYSCALL", "id": 12528}]}, {"tid": 343, "procname": "m.lang.template", "class": "EXECUTE", "low": [{"sysname": "execve", "blob": {"executed_file": "/system/bin/sh", "args": "[]", "retval": 0}, "type": "SYSCALL", "id": 12622, "ts": 0}]}, {"tid": 318, "procname": "m.lang.template", "class": "FS ACCESS", "low": [{"sysname": "open", "blob": "{'flags': 131649, 'mode': 384, 'filename': u'/data/data/com.lang.template/shared_prefs/0.xml\\x00'}", "type": "SYSCALL", "id": 13251, "ts": 0}, {"sysname": "write", "xref": 13251, "ts": 0, "blob": "{'filename': u'/data/data/com.lang.template/shared_prefs/0.xml'}", "type": "SYSCALL", "id": 13260}]}, {"tid": 318, "procname": "m.lang.template", "class": "FS ACCESS", "low": [{"sysname": "open", "blob": "{'flags': 131649, 'mode': 384, 'filename': u'/data/data/com.lang.template/shared_prefs/TxtBrowser.xml\\x00'}", "type": "SYSCALL", "id": 13400, "ts": 0}, {"sysname": "write", "xref": 13400, "ts": 0, "blob": "{'filename': u'/data/data/com.lang.template/shared_prefs/TxtBrowser.xml'}", "type": "SYSCALL", "id": 13401}]}, {"tid": 318, "procname": "m.lang.template", "class": "FS ACCESS", "low": [{"sysname": "open", "blob": "{'flags': 131649, 'mode': 384, 'filename': u'/data/data/com.lang.template/shared_prefs/TxtBrowser.xml\\x00'}", "type": "SYSCALL", "id": 13412, "ts": 0}, {"sysname": "write", "xref": 13412, "ts": 0, "blob": "{'filename': u'/data/data/com.lang.template/shared_prefs/TxtBrowser.xml'}", "type": "SYSCALL", "id": 13415}]}, {"tid": 344, "procname": "m.lang.template", "class": "EXECUTE", "low": [{"sysname": "execve", "blob": {"executed_file": "/system/bin/sh", "args": "[]", "retval": 0}, "type": "SYSCALL", "id": 13462, "ts": 0}]}, {"tid": 342, "procname": "Thread-20", "class": "FS ACCESS", "low": [{"sysname": "open", "blob": "{'flags': 131649, 'mode': 384, 'filename': u'/data/data/com.lang.template/shared_prefs/21.xml\\x00'}", "type": "SYSCALL", "id": 13724, "ts": 0}, {"sysname": "write", "xref": 13724, "ts": 0, "blob": "{'filename': u'/data/data/com.lang.template/shared_prefs/21.xml'}", "type": "SYSCALL", "id": 13755}]}, {"tid": 342, "procname": "Thread-20", "class": "FS ACCESS", "low": [{"sysname": "open", "blob": "{'flags': 131649, 'mode': 384, 'filename': u'/data/data/com.lang.template/shared_prefs/21.xml\\x00'}", "type": "SYSCALL", "id": 13778, "ts": 0}, {"sysname": "write", "xref": 13778, "ts": 0, "blob": "{'filename': u'/data/data/com.lang.template/shared_prefs/21.xml'}", "type": "SYSCALL", "id": 13887}]}, {"tid": 342, "procname": "Thread-20", "class": "FS ACCESS", "low": [{"sysname": "open", "blob": "{'flags': 131649, 'mode': 384, 'filename': u'/data/data/com.lang.template/shared_prefs/210.xml\\x00'}", "type": "SYSCALL", "id": 13957, "ts": 0}, {"sysname": "write", "xref": 13957, "ts": 0, "blob": "{'filename': u'/data/data/com.lang.template/shared_prefs/210.xml'}", "type": "SYSCALL", "id": 14003}]}, {"tid": 318, "procname": "m.lang.template", "class": "FS ACCESS", "low": [{"sysname": "open", "blob": "{'flags': 131649, 'mode': 384, 'filename': u'/data/data/com.lang.template/shared_prefs/0.xml\\x00'}", "type": "SYSCALL", "id": 14396, "ts": 0}, {"sysname": "write", "xref": 14396, "ts": 0, "blob": "{'filename': u'/data/data/com.lang.template/shared_prefs/0.xml'}", "type": "SYSCALL", "id": 14397}]}]}}, "userid": "joystick", "country": "UNAVAILABLE", "date_end": "N/A", "date_start": "N/A", "date_submitted": "2012-11-19 17:53:35", "static": "/copperdroid/reports//AnserverBot_genome_stimulated/019c6d6aaf631118ea4dbbbc5c6f36c15c69fa9e.apk.log", "submitter_ip": "127.0.0.1", "pcap": "/copperdroid/reports//AnserverBot_genome_stimulated/019c6d6aaf631118ea4dbbbc5c6f36c15c69fa9e.apk.pcap", "md5": "841c08b7e72c32b2593da7f3e8f88a88"}