{"behaviors": {"static": {}, "dynamic": {"host": [{"tid": 318, "procname": "com.jjdd", "class": "FS ACCESS", "low": [{"sysname": "open", "blob": "{'flags': 131138, 'mode': 420, 'filename': u'/data/data/com.jjdd/databases/webview.db\\x00'}", "type": "SYSCALL", "id": 2608, "ts": 0}, {"sysname": "write", "xref": 2608, "ts": 0, "blob": "{'filename': u'/data/data/com.jjdd/databases/webview.db'}", "type": "SYSCALL", "id": 2676}, {"sysname": "write", "xref": 2608, "ts": 0, "blob": "{'filename': u'/data/data/com.jjdd/databases/webview.db'}", "type": "SYSCALL", "id": 2678}, {"sysname": "write", "xref": 2608, "ts": 0, "blob": "{'filename': u'/data/data/com.jjdd/databases/webview.db'}", "type": "SYSCALL", "id": 2680}, {"sysname": "write", "xref": 2608, "ts": 0, "blob": "{'filename': u'/data/data/com.jjdd/databases/webview.db'}", "type": "SYSCALL", "id": 2735}, {"sysname": "write", "xref": 2608, "ts": 0, "blob": "{'filename': u'/data/data/com.jjdd/databases/webview.db'}", "type": "SYSCALL", "id": 2737}, {"sysname": "write", "xref": 2608, "ts": 0, "blob": "{'filename': u'/data/data/com.jjdd/databases/webview.db'}", "type": "SYSCALL", "id": 2851}, {"sysname": "write", "xref": 2608, "ts": 0, "blob": "{'filename': u'/data/data/com.jjdd/databases/webview.db'}", "type": "SYSCALL", "id": 2853}, {"sysname": "write", "xref": 2608, "ts": 0, "blob": "{'filename': u'/data/data/com.jjdd/databases/webview.db'}", "type": "SYSCALL", "id": 2855}, {"sysname": "write", "xref": 2608, "ts": 0, "blob": "{'filename': u'/data/data/com.jjdd/databases/webview.db'}", "type": "SYSCALL", "id": 2857}, {"sysname": "write", "xref": 2608, "ts": 0, "blob": "{'filename': u'/data/data/com.jjdd/databases/webview.db'}", "type": "SYSCALL", "id": 2859}, {"sysname": "write", "xref": 2608, "ts": 0, "blob": "{'filename': u'/data/data/com.jjdd/databases/webview.db'}", "type": "SYSCALL", "id": 2861}, {"sysname": "write", "xref": 2608, "ts": 0, "blob": "{'filename': u'/data/data/com.jjdd/databases/webview.db'}", "type": "SYSCALL", "id": 2863}, {"sysname": "write", "xref": 2608, "ts": 0, "blob": "{'filename': u'/data/data/com.jjdd/databases/webview.db'}", "type": "SYSCALL", "id": 2865}, {"sysname": "write", "xref": 2608, "ts": 0, "blob": "{'filename': u'/data/data/com.jjdd/databases/webview.db'}", "type": "SYSCALL", "id": 2867}, {"sysname": "write", "xref": 2608, "ts": 0, "blob": "{'filename': u'/data/data/com.jjdd/databases/webview.db'}", "type": "SYSCALL", "id": 2869}, {"sysname": "write", "xref": 2608, "ts": 0, "blob": "{'filename': u'/data/data/com.jjdd/databases/webview.db'}", "type": "SYSCALL", "id": 2871}, {"sysname": "write", "xref": 2608, "ts": 0, "blob": "{'filename': u'/data/data/com.jjdd/databases/webview.db'}", "type": "SYSCALL", "id": 2873}, {"sysname": "write", "xref": 2608, "ts": 0, "blob": "{'filename': u'/data/data/com.jjdd/databases/webview.db'}", "type": "SYSCALL", "id": 2875}]}, {"tid": 326, "procname": "WebViewWorkerTh", "class": "FS ACCESS", "low": [{"sysname": "open", "blob": "{'flags': 131138, 'mode': 420, 'filename': u'/data/data/com.jjdd/databases/webviewCache.db\\x00'}", "type": "SYSCALL", "id": 2886, "ts": 0}, {"sysname": "write", "xref": 2886, "ts": 0, "blob": "{'filename': u'/data/data/com.jjdd/databases/webviewCache.db'}", "type": "SYSCALL", "id": 2928}, {"sysname": "write", "xref": 2886, "ts": 0, "blob": "{'filename': u'/data/data/com.jjdd/databases/webviewCache.db'}", "type": "SYSCALL", "id": 2930}, {"sysname": "write", "xref": 2886, "ts": 0, "blob": "{'filename': u'/data/data/com.jjdd/databases/webviewCache.db'}", "type": "SYSCALL", "id": 2932}, {"sysname": "write", "xref": 2886, "ts": 0, "blob": "{'filename': u'/data/data/com.jjdd/databases/webviewCache.db'}", "type": "SYSCALL", "id": 2987}, {"sysname": "write", "xref": 2886, "ts": 0, "blob": "{'filename': u'/data/data/com.jjdd/databases/webviewCache.db'}", "type": "SYSCALL", "id": 2989}, {"sysname": "write", "xref": 2886, "ts": 0, "blob": "{'filename': u'/data/data/com.jjdd/databases/webviewCache.db'}", "type": "SYSCALL", "id": 3068}, {"sysname": "write", "xref": 2886, "ts": 0, "blob": "{'filename': u'/data/data/com.jjdd/databases/webviewCache.db'}", "type": "SYSCALL", "id": 3070}, {"sysname": "write", "xref": 2886, "ts": 0, "blob": "{'filename': u'/data/data/com.jjdd/databases/webviewCache.db'}", "type": "SYSCALL", "id": 3072}, {"sysname": "write", "xref": 2886, "ts": 0, "blob": "{'filename': u'/data/data/com.jjdd/databases/webviewCache.db'}", "type": "SYSCALL", "id": 3074}, {"sysname": "write", "xref": 2886, "ts": 0, "blob": "{'filename': u'/data/data/com.jjdd/databases/webviewCache.db'}", "type": "SYSCALL", "id": 3076}, {"sysname": "write", "xref": 2886, "ts": 0, "blob": "{'filename': u'/data/data/com.jjdd/databases/webviewCache.db'}", "type": "SYSCALL", "id": 3315}, {"sysname": "write", "xref": 2886, "ts": 0, "blob": "{'filename': u'/data/data/com.jjdd/databases/webviewCache.db'}", "type": "SYSCALL", "id": 3317}, {"sysname": "write", "xref": 2886, "ts": 0, "blob": "{'filename': u'/data/data/com.jjdd/databases/webviewCache.db'}", "type": "SYSCALL", "id": 3319}, {"sysname": "write", "xref": 2886, "ts": 0, "blob": "{'filename': u'/data/data/com.jjdd/databases/webviewCache.db'}", "type": "SYSCALL", "id": 3321}, {"sysname": "write", "xref": 2886, "ts": 0, "blob": "{'filename': u'/data/data/com.jjdd/databases/webviewCache.db'}", "type": "SYSCALL", "id": 3414}, {"sysname": "write", "xref": 2886, "ts": 0, "blob": "{'filename': u'/data/data/com.jjdd/databases/webviewCache.db'}", "type": "SYSCALL", "id": 3418}, {"sysname": "write", "xref": 2886, "ts": 0, "blob": "{'filename': u'/data/data/com.jjdd/databases/webviewCache.db'}", "type": "SYSCALL", "id": 3420}, {"sysname": "write", "xref": 2886, "ts": 0, "blob": "{'filename': u'/data/data/com.jjdd/databases/webviewCache.db'}", "type": "SYSCALL", "id": 3422}, {"sysname": "write", "xref": 2886, "ts": 0, "blob": "{'filename': u'/data/data/com.jjdd/databases/webviewCache.db'}", "type": "SYSCALL", "id": 6591}, {"sysname": "write", "xref": 2886, "ts": 0, "blob": "{'filename': u'/data/data/com.jjdd/databases/webviewCache.db'}", "type": "SYSCALL", "id": 6593}, {"sysname": "write", "xref": 2886, "ts": 0, "blob": "{'filename': u'/data/data/com.jjdd/databases/webviewCache.db'}", "type": "SYSCALL", "id": 6595}, {"sysname": "write", "xref": 2886, "ts": 0, "blob": "{'filename': u'/data/data/com.jjdd/databases/webviewCache.db'}", "type": "SYSCALL", "id": 6597}, {"sysname": "write", "xref": 2886, "ts": 0, "blob": "{'filename': u'/data/data/com.jjdd/databases/webviewCache.db'}", "type": "SYSCALL", "id": 6830}, {"sysname": "write", "xref": 2886, "ts": 0, "blob": "{'filename': u'/data/data/com.jjdd/databases/webviewCache.db'}", "type": "SYSCALL", "id": 6834}, {"sysname": "write", "xref": 2886, "ts": 0, "blob": "{'filename': u'/data/data/com.jjdd/databases/webviewCache.db'}", "type": "SYSCALL", "id": 6836}, {"sysname": "write", "xref": 2886, "ts": 0, "blob": "{'filename': u'/data/data/com.jjdd/databases/webviewCache.db'}", "type": "SYSCALL", "id": 6838}, {"sysname": "write", "xref": 2886, "ts": 0, "blob": "{'filename': u'/data/data/com.jjdd/databases/webviewCache.db'}", "type": "SYSCALL", "id": 7389}, {"sysname": "write", "xref": 2886, "ts": 0, "blob": "{'filename': u'/data/data/com.jjdd/databases/webviewCache.db'}", "type": "SYSCALL", "id": 7391}, {"sysname": "write", "xref": 2886, "ts": 0, "blob": "{'filename': u'/data/data/com.jjdd/databases/webviewCache.db'}", "type": "SYSCALL", "id": 7393}, {"sysname": "write", "xref": 2886, "ts": 0, "blob": "{'filename': u'/data/data/com.jjdd/databases/webviewCache.db'}", "type": "SYSCALL", "id": 7395}, {"sysname": "write", "xref": 2886, "ts": 0, "blob": "{'filename': u'/data/data/com.jjdd/databases/webviewCache.db'}", "type": "SYSCALL", "id": 7592}, {"sysname": "write", "xref": 2886, "ts": 0, "blob": "{'filename': u'/data/data/com.jjdd/databases/webviewCache.db'}", "type": "SYSCALL", "id": 7594}, {"sysname": "write", "xref": 2886, "ts": 0, "blob": "{'filename': u'/data/data/com.jjdd/databases/webviewCache.db'}", "type": "SYSCALL", "id": 7596}, {"sysname": "write", "xref": 2886, "ts": 0, "blob": "{'filename': u'/data/data/com.jjdd/databases/webviewCache.db'}", "type": "SYSCALL", "id": 7598}, {"sysname": "write", "xref": 2886, "ts": 0, "blob": "{'filename': u'/data/data/com.jjdd/databases/webviewCache.db'}", "type": "SYSCALL", "id": 7871}, {"sysname": "write", "xref": 2886, "ts": 0, "blob": "{'filename': u'/data/data/com.jjdd/databases/webviewCache.db'}", "type": "SYSCALL", "id": 7886}, {"sysname": "write", "xref": 2886, "ts": 0, "blob": "{'filename': u'/data/data/com.jjdd/databases/webviewCache.db'}", "type": "SYSCALL", "id": 7888}, {"sysname": "write", "xref": 2886, "ts": 0, "blob": "{'filename': u'/data/data/com.jjdd/databases/webviewCache.db'}", "type": "SYSCALL", "id": 7890}, {"sysname": "write", "xref": 2886, "ts": 0, "blob": "{'filename': u'/data/data/com.jjdd/databases/webviewCache.db'}", "type": "SYSCALL", "id": 9417}, {"sysname": "write", "xref": 2886, "ts": 0, "blob": "{'filename': u'/data/data/com.jjdd/databases/webviewCache.db'}", "type": "SYSCALL", "id": 9419}, {"sysname": "write", "xref": 2886, "ts": 0, "blob": "{'filename': u'/data/data/com.jjdd/databases/webviewCache.db'}", "type": "SYSCALL", "id": 9421}, {"sysname": "write", "xref": 2886, "ts": 0, "blob": "{'filename': u'/data/data/com.jjdd/databases/webviewCache.db'}", "type": "SYSCALL", "id": 9423}, {"sysname": "write", "xref": 2886, "ts": 0, "blob": "{'filename': u'/data/data/com.jjdd/databases/webviewCache.db'}", "type": "SYSCALL", "id": 9775}, {"sysname": "write", "xref": 2886, "ts": 0, "blob": "{'filename': u'/data/data/com.jjdd/databases/webviewCache.db'}", "type": "SYSCALL", "id": 9777}, {"sysname": "write", "xref": 2886, "ts": 0, "blob": "{'filename': u'/data/data/com.jjdd/databases/webviewCache.db'}", "type": "SYSCALL", "id": 9786}, {"sysname": "write", "xref": 2886, "ts": 0, "blob": "{'filename': u'/data/data/com.jjdd/databases/webviewCache.db'}", "type": "SYSCALL", "id": 9788}, {"sysname": "write", "xref": 2886, "ts": 0, "blob": "{'filename': u'/data/data/com.jjdd/databases/webviewCache.db'}", "type": "SYSCALL", "id": 9790}, {"sysname": "write", "xref": 2886, "ts": 0, "blob": "{'filename': u'/data/data/com.jjdd/databases/webviewCache.db'}", "type": "SYSCALL", "id": 9792}, {"sysname": "write", "xref": 2886, "ts": 0, "blob": "{'filename': u'/data/data/com.jjdd/databases/webviewCache.db'}", "type": "SYSCALL", "id": 9808}, {"sysname": "write", "xref": 2886, "ts": 0, "blob": "{'filename': u'/data/data/com.jjdd/databases/webviewCache.db'}", "type": "SYSCALL", "id": 10483}, {"sysname": "write", "xref": 2886, "ts": 0, "blob": "{'filename': u'/data/data/com.jjdd/databases/webviewCache.db'}", "type": "SYSCALL", "id": 10489}, {"sysname": "write", "xref": 2886, "ts": 0, "blob": "{'filename': u'/data/data/com.jjdd/databases/webviewCache.db'}", "type": "SYSCALL", "id": 10491}, {"sysname": "write", "xref": 2886, "ts": 0, "blob": "{'filename': u'/data/data/com.jjdd/databases/webviewCache.db'}", "type": "SYSCALL", "id": 10493}, {"sysname": "write", "xref": 2886, "ts": 0, "blob": "{'filename': u'/data/data/com.jjdd/databases/webviewCache.db'}", "type": "SYSCALL", "id": 10814}, {"sysname": "write", "xref": 2886, "ts": 0, "blob": "{'filename': u'/data/data/com.jjdd/databases/webviewCache.db'}", "type": "SYSCALL", "id": 10819}, {"sysname": "write", "xref": 2886, "ts": 0, "blob": "{'filename': u'/data/data/com.jjdd/databases/webviewCache.db'}", "type": "SYSCALL", "id": 10821}, {"sysname": "write", "xref": 2886, "ts": 0, "blob": "{'filename': u'/data/data/com.jjdd/databases/webviewCache.db'}", "type": "SYSCALL", "id": 10823}, {"sysname": "write", "xref": 2886, "ts": 0, "blob": "{'filename': u'/data/data/com.jjdd/databases/webviewCache.db'}", "type": "SYSCALL", "id": 11158}, {"sysname": "write", "xref": 2886, "ts": 0, "blob": "{'filename': u'/data/data/com.jjdd/databases/webviewCache.db'}", "type": "SYSCALL", "id": 11164}, {"sysname": "write", "xref": 2886, "ts": 0, "blob": "{'filename': u'/data/data/com.jjdd/databases/webviewCache.db'}", "type": "SYSCALL", "id": 11166}, {"sysname": "write", "xref": 2886, "ts": 0, "blob": "{'filename': u'/data/data/com.jjdd/databases/webviewCache.db'}", "type": "SYSCALL", "id": 11168}, {"sysname": "write", "xref": 2886, "ts": 0, "blob": "{'filename': u'/data/data/com.jjdd/databases/webviewCache.db'}", "type": "SYSCALL", "id": 11527}, {"sysname": "write", "xref": 2886, "ts": 0, "blob": "{'filename': u'/data/data/com.jjdd/databases/webviewCache.db'}", "type": "SYSCALL", "id": 11529}, {"sysname": "write", "xref": 2886, "ts": 0, "blob": "{'filename': u'/data/data/com.jjdd/databases/webviewCache.db'}", "type": "SYSCALL", "id": 11531}, {"sysname": "write", "xref": 2886, "ts": 0, "blob": "{'filename': u'/data/data/com.jjdd/databases/webviewCache.db'}", "type": "SYSCALL", "id": 11533}, {"sysname": "write", "xref": 2886, "ts": 0, "blob": "{'filename': u'/data/data/com.jjdd/databases/webviewCache.db'}", "type": "SYSCALL", "id": 12040}, {"sysname": "write", "xref": 2886, "ts": 0, "blob": "{'filename': u'/data/data/com.jjdd/databases/webviewCache.db'}", "type": "SYSCALL", "id": 12044}, {"sysname": "write", "xref": 2886, "ts": 0, "blob": "{'filename': u'/data/data/com.jjdd/databases/webviewCache.db'}", "type": "SYSCALL", "id": 12046}, {"sysname": "write", "xref": 2886, "ts": 0, "blob": "{'filename': u'/data/data/com.jjdd/databases/webviewCache.db'}", "type": "SYSCALL", "id": 12050}, {"sysname": "write", "xref": 2886, "ts": 0, "blob": "{'filename': u'/data/data/com.jjdd/databases/webviewCache.db'}", "type": "SYSCALL", "id": 12493}, {"sysname": "write", "xref": 2886, "ts": 0, "blob": "{'filename': u'/data/data/com.jjdd/databases/webviewCache.db'}", "type": "SYSCALL", "id": 12495}, {"sysname": "write", "xref": 2886, "ts": 0, "blob": "{'filename': u'/data/data/com.jjdd/databases/webviewCache.db'}", "type": "SYSCALL", "id": 12497}, {"sysname": "write", "xref": 2886, "ts": 0, "blob": "{'filename': u'/data/data/com.jjdd/databases/webviewCache.db'}", "type": "SYSCALL", "id": 12499}, {"sysname": "write", "xref": 2886, "ts": 0, "blob": "{'filename': u'/data/data/com.jjdd/databases/webviewCache.db'}", "type": "SYSCALL", "id": 12504}, {"sysname": "write", "xref": 2886, "ts": 0, "blob": "{'filename': u'/data/data/com.jjdd/databases/webviewCache.db'}", "type": "SYSCALL", "id": 12506}]}, {"tid": 318, "procname": "com.jjdd", "class": "ACCESS PERSONAL INFO", "subclass": "PHONE", "low": [{"method_name": "com.android.internal.telephony.IPhoneSubInfo.getDeviceId()()", "type": "BINDER", "id": 3549, "ts": 0}]}, {"tid": 318, "procname": "com.jjdd", "class": "ACCESS PERSONAL INFO", "subclass": "PHONE", "low": [{"method_name": "com.android.internal.telephony.IPhoneSubInfo.getLine1Number()()", "type": "BINDER", "id": 3573, "ts": 0}]}, {"tid": 318, "procname": "com.jjdd", "class": "ACCESS PERSONAL INFO", "subclass": "PHONE", "low": [{"method_name": "com.android.internal.telephony.IPhoneSubInfo.getIccSerialNumber()()", "type": "BINDER", "id": 3587, "ts": 0}]}, {"tid": 318, "procname": "com.jjdd", "class": "ACCESS PERSONAL INFO", "subclass": "PHONE", "low": [{"method_name": "com.android.internal.telephony.IPhoneSubInfo.getSubscriberId()()", "type": "BINDER", "id": 3600, "ts": 0}]}, {"tid": 318, "procname": "com.jjdd", "class": "ACCESS PERSONAL INFO", "subclass": "PHONE", "low": [{"method_name": "com.android.internal.telephony.ITelephony.TRANSACTION_getNetworkType()", "type": "BINDER", "id": 3616, "ts": 0}]}, {"tid": 318, "procname": "com.jjdd", "class": "ACCESS PERSONAL INFO", "subclass": "PHONE", "low": [{"method_name": "com.android.internal.telephony.ITelephony.TRANSACTION_getActivePhoneType()", "type": "BINDER", "id": 3637, "ts": 0}]}, {"tid": 318, "procname": "com.jjdd", "class": "ACCESS PERSONAL INFO", "subclass": "PHONE", "low": [{"method_name": "com.android.internal.telephony.ITelephony.TRANSACTION_getNetworkType()", "type": "BINDER", "id": 3667, "ts": 0}]}, {"tid": 333, "procname": "http0", "class": "NETWORK ACCESS", "subclass": "DNS", "low": [{"sysname": "connect", "blob": "{'host': '10.0.2.3', 'retval': 0, 'port': 53}", "type": "SYSCALL", "id": 4343, "ts": 0}, {"sysname": "sendto", "xref": 4343, "ts": 0, "blob": "{'query_data': 'mapi.jjdd.com. 1 1'}", "type": "SYSCALL", "id": 4344}]}, {"tid": 334, "procname": "http1", "class": "NETWORK ACCESS", "subclass": "DNS", "low": [{"sysname": "connect", "blob": "{'host': '10.0.2.3', 'retval': 0, 'port': 53}", "type": "SYSCALL", "id": 4414, "ts": 0}, {"sysname": "sendto", "xref": 4414, "ts": 0, "blob": "{'query_data': 'mapi.jjdd.com. 1 1'}", "type": "SYSCALL", "id": 4415}]}, {"tid": 333, "procname": "http0", "class": "NETWORK ACCESS", "subclass": "HTTP", "low": [{"sysname": "connect", "blob": "{'host': '::ffff:61.130.108.68', 'retval': -115, 'port': 80}", "type": "SYSCALL", "id": 4434, "ts": 0}, {"sysname": "sendto", "xref": 4434, "ts": 0, "blob": "=GET+%2Fandroid%2Ffooter+HTTP%2F1.1%0D%0AHost%3A+mapi.jjdd.com%0D%0AUser-Agent%3A+Mozilla%2F5.0+%28Linux%3B+U%3B+Android+2.2.3%3B+en-us%3B+generic+Build%2FFRK76C%29+AppleWebKit%2F533.1+%28KHTML%2C+like+Gecko%29+Version%2F4.0+Mobile+Safari%2F533.1+JJDDClient%2FAndroid+V1.3.1%0D%0AAccept%3A+application%2Fxml%2Capplication%2Fxhtml%2Bxml%2Ctext%2Fhtml%3Bq%3D0.9%2Ctext%2Fplain%3Bq%3D0.8%2Cimage%2Fpng%2C%2A%2F%2A%3Bq%3D0.5%0D%0AAccept-Language%3A+en-US%0D%0AAccept-Encoding%3A+gzip%0D%0AAccept-Charset%3A+utf-8%2C+iso-8859-1%2C+utf-16%2C+%2A%3Bq%3D0.7%0D%0A", "type": "SYSCALL", "id": 4541}]}, {"tid": 335, "procname": "http2", "class": "NETWORK ACCESS", "subclass": "HTTP", "low": [{"sysname": "connect", "blob": "{'host': '::ffff:61.130.108.68', 'retval': -115, 'port': 80}", "type": "SYSCALL", "id": 4445, "ts": 0}, {"sysname": "sendto", "xref": 4445, "ts": 0, "blob": "=GET+%2Fandroid%2Fheader+HTTP%2F1.1%0D%0AHost%3A+mapi.jjdd.com%0D%0AUser-Agent%3A+Mozilla%2F5.0+%28Linux%3B+U%3B+Android+2.2.3%3B+en-us%3B+generic+Build%2FFRK76C%29+AppleWebKit%2F533.1+%28KHTML%2C+like+Gecko%29+Version%2F4.0+Mobile+Safari%2F533.1+JJDDClient%2FAndroid+V1.3.1%0D%0AAccept%3A+application%2Fxml%2Capplication%2Fxhtml%2Bxml%2Ctext%2Fhtml%3Bq%3D0.9%2Ctext%2Fplain%3Bq%3D0.8%2Cimage%2Fpng%2C%2A%2F%2A%3Bq%3D0.5%0D%0AAccept-Language%3A+en-US%0D%0AAccept-Encoding%3A+gzip%0D%0AAccept-Charset%3A+utf-8%2C+iso-8859-1%2C+utf-16%2C+%2A%3Bq%3D0.7%0D%0A", "type": "SYSCALL", "id": 4540}, {"sysname": "sendto", "xref": 4445, "ts": 0, "blob": "=GET+%2Fcache%2Fmanifest%2F+HTTP%2F1.1%0D%0AHost%3A+mapi.jjdd.com%0D%0AUser-Agent%3A+Mozilla%2F5.0+%28Linux%3B+U%3B+Android+2.2.3%3B+en-us%3B+generic+Build%2FFRK76C%29+AppleWebKit%2F533.1+%28KHTML%2C+like+Gecko%29+Version%2F4.0+Mobile+Safari%2F533.1+JJDDClient%2FAndroid+V1.3.1%0D%0AAccept%3A+text%2Fxml%2C+text%2Fhtml%2C+application%2Fxhtml%2Bxml%2C+image%2Fpng%2C+text%2Fplain%2C+%2A%2F%2A%3Bq%3D0.8%0D%0AAccept-Language%3A+en-US%0D%0AAccept-Encoding%3A+gzip%0D%0AAccept-Charset%3A+utf-8%2C+iso-8859-1%2C+utf-16%2C+%2A%3Bq%3D0.7%0D%0ACache-Control%3A+max-age%3D0%0D%0ACookie%3A+NSC_kkee%3De2433eed3660%3B+PHPSESSID%3Dkgm93vbbiql9nte4qs550rovj7%0D%0A", "type": "SYSCALL", "id": 5825}]}, {"tid": 318, "procname": "com.jjdd", "class": "FS ACCESS", "low": [{"sysname": "open", "blob": "{'flags': 131649, 'mode': 384, 'filename': u'/data/data/com.jjdd/shared_prefs/0.xml\\x00'}", "type": "SYSCALL", "id": 4967, "ts": 0}, {"sysname": "write", "xref": 4967, "ts": 0, "blob": "{'filename': u'/data/data/com.jjdd/shared_prefs/0.xml'}", "type": "SYSCALL", "id": 5032}]}, {"tid": 318, "procname": "com.jjdd", "class": "FS ACCESS", "low": [{"sysname": "open", "blob": "{'flags': 131649, 'mode': 384, 'filename': u'/data/data/com.jjdd/shared_prefs/0.xml\\x00'}", "type": "SYSCALL", "id": 5097, "ts": 0}, {"sysname": "write", "xref": 5097, "ts": 0, "blob": "{'filename': u'/data/data/com.jjdd/shared_prefs/0.xml'}", "type": "SYSCALL", "id": 5387}]}, {"tid": 318, "procname": "com.jjdd", "class": "FS ACCESS", "low": [{"sysname": "open", "blob": "{'flags': 131649, 'mode': 384, 'filename': u'/data/data/com.jjdd/shared_prefs/0.xml\\x00'}", "type": "SYSCALL", "id": 5452, "ts": 0}, {"sysname": "write", "xref": 5452, "ts": 0, "blob": "{'filename': u'/data/data/com.jjdd/shared_prefs/0.xml'}", "type": "SYSCALL", "id": 5529}]}, {"tid": 326, "procname": "WebViewWorkerTh", "class": "FS ACCESS", "low": [{"sysname": "open", "blob": "{'flags': 131649, 'mode': 384, 'filename': u'/data/data/com.jjdd/cache/webviewCache/852db61a\\x00'}", "type": "SYSCALL", "id": 5516, "ts": 0}, {"sysname": "write", "xref": 5516, "ts": 0, "blob": "{'filename': u'/data/data/com.jjdd/cache/webviewCache/852db61a'}", "type": "SYSCALL", "id": 5905}]}, {"tid": 318, "procname": "com.jjdd", "class": "FS ACCESS", "low": [{"sysname": "open", "blob": "{'flags': 131649, 'mode': 384, 'filename': u'/data/data/com.jjdd/files/anservera.db\\x00'}", "type": "SYSCALL", "id": 5700, "ts": 0}, {"sysname": "write", "xref": 5700, "ts": 0, "blob": "{'filename': u'/data/data/com.jjdd/files/anservera.db'}", "type": "SYSCALL", "id": 5719}, {"sysname": "write", "xref": 5700, "ts": 0, "blob": "{'filename': u'/data/data/com.jjdd/files/anservera.db'}", "type": "SYSCALL", "id": 5738}, {"sysname": "write", "xref": 5700, "ts": 0, "blob": "{'filename': u'/data/data/com.jjdd/files/anservera.db'}", "type": "SYSCALL", "id": 5752}, {"sysname": "write", "xref": 5700, "ts": 0, "blob": "{'filename': u'/data/data/com.jjdd/files/anservera.db'}", "type": "SYSCALL", "id": 5753}, {"sysname": "write", "xref": 5700, "ts": 0, "blob": "{'filename': u'/data/data/com.jjdd/files/anservera.db'}", "type": "SYSCALL", "id": 5763}, {"sysname": "write", "xref": 5700, "ts": 0, "blob": "{'filename': u'/data/data/com.jjdd/files/anservera.db'}", "type": "SYSCALL", "id": 5764}, {"sysname": "write", "xref": 5700, "ts": 0, "blob": "{'filename': u'/data/data/com.jjdd/files/anservera.db'}", "type": "SYSCALL", "id": 5765}, {"sysname": "write", "xref": 5700, "ts": 0, "blob": "{'filename': u'/data/data/com.jjdd/files/anservera.db'}", "type": "SYSCALL", "id": 5775}, {"sysname": "write", "xref": 5700, "ts": 0, "blob": "{'filename': u'/data/data/com.jjdd/files/anservera.db'}", "type": "SYSCALL", "id": 5785}, {"sysname": "write", "xref": 5700, "ts": 0, "blob": "{'filename': u'/data/data/com.jjdd/files/anservera.db'}", "type": "SYSCALL", "id": 5808}, {"sysname": "write", "xref": 5700, "ts": 0, "blob": "{'filename': u'/data/data/com.jjdd/files/anservera.db'}", "type": "SYSCALL", "id": 5810}, {"sysname": "write", "xref": 5700, "ts": 0, "blob": "{'filename': u'/data/data/com.jjdd/files/anservera.db'}", "type": "SYSCALL", "id": 5811}, {"sysname": "write", "xref": 5700, "ts": 0, "blob": "{'filename': u'/data/data/com.jjdd/files/anservera.db'}", "type": "SYSCALL", "id": 5812}, {"sysname": "write", "xref": 5700, "ts": 0, "blob": "{'filename': u'/data/data/com.jjdd/files/anservera.db'}", "type": "SYSCALL", "id": 5823}, {"sysname": "write", "xref": 5700, "ts": 0, "blob": "{'filename': u'/data/data/com.jjdd/files/anservera.db'}", "type": "SYSCALL", "id": 5824}, {"sysname": "write", "xref": 5700, "ts": 0, "blob": "{'filename': u'/data/data/com.jjdd/files/anservera.db'}", "type": "SYSCALL", "id": 5833}, {"sysname": "write", "xref": 5700, "ts": 0, "blob": "{'filename': u'/data/data/com.jjdd/files/anservera.db'}", "type": "SYSCALL", "id": 5836}, {"sysname": "write", "xref": 5700, "ts": 0, "blob": "{'filename': u'/data/data/com.jjdd/files/anservera.db'}", "type": "SYSCALL", "id": 5840}, {"sysname": "write", "xref": 5700, "ts": 0, "blob": "{'filename': u'/data/data/com.jjdd/files/anservera.db'}", "type": "SYSCALL", "id": 5853}, {"sysname": "write", "xref": 5700, "ts": 0, "blob": "{'filename': u'/data/data/com.jjdd/files/anservera.db'}", "type": "SYSCALL", "id": 5854}, {"sysname": "write", "xref": 5700, "ts": 0, "blob": "{'filename': u'/data/data/com.jjdd/files/anservera.db'}", "type": "SYSCALL", "id": 5869}, {"sysname": "write", "xref": 5700, "ts": 0, "blob": "{'filename': u'/data/data/com.jjdd/files/anservera.db'}", "type": "SYSCALL", "id": 5870}, {"sysname": "write", "xref": 5700, "ts": 0, "blob": "{'filename': u'/data/data/com.jjdd/files/anservera.db'}", "type": "SYSCALL", "id": 5884}, {"sysname": "write", "xref": 5700, "ts": 0, "blob": "{'filename': u'/data/data/com.jjdd/files/anservera.db'}", "type": "SYSCALL", "id": 5885}, {"sysname": "write", "xref": 5700, "ts": 0, "blob": "{'filename': u'/data/data/com.jjdd/files/anservera.db'}", "type": "SYSCALL", "id": 5888}, {"sysname": "write", "xref": 5700, "ts": 0, "blob": "{'filename': u'/data/data/com.jjdd/files/anservera.db'}", "type": "SYSCALL", "id": 5889}, {"sysname": "write", "xref": 5700, "ts": 0, "blob": "{'filename': u'/data/data/com.jjdd/files/anservera.db'}", "type": "SYSCALL", "id": 5890}, {"sysname": "write", "xref": 5700, "ts": 0, "blob": "{'filename': u'/data/data/com.jjdd/files/anservera.db'}", "type": "SYSCALL", "id": 5894}, {"sysname": "write", "xref": 5700, "ts": 0, "blob": "{'filename': u'/data/data/com.jjdd/files/anservera.db'}", "type": "SYSCALL", "id": 5895}, {"sysname": "write", "xref": 5700, "ts": 0, "blob": "{'filename': u'/data/data/com.jjdd/files/anservera.db'}", "type": "SYSCALL", "id": 5911}, {"sysname": "write", "xref": 5700, "ts": 0, "blob": "{'filename': u'/data/data/com.jjdd/files/anservera.db'}", "type": "SYSCALL", "id": 5912}]}, {"tid": 318, "procname": "com.jjdd", "class": "FS ACCESS", "low": [{"sysname": "open", "blob": "{'flags': 131649, 'mode': 384, 'filename': u'/data/data/com.jjdd/files/anserverb.db\\x00'}", "type": "SYSCALL", "id": 5986, "ts": 0}, {"sysname": "write", "xref": 5986, "ts": 0, "blob": "{'filename': u'/data/data/com.jjdd/files/anserverb.db'}", "type": "SYSCALL", "id": 6000}, {"sysname": "write", "xref": 5986, "ts": 0, "blob": "{'filename': u'/data/data/com.jjdd/files/anserverb.db'}", "type": "SYSCALL", "id": 6001}, {"sysname": "write", "xref": 5986, "ts": 0, "blob": "{'filename': u'/data/data/com.jjdd/files/anserverb.db'}", "type": "SYSCALL", "id": 6009}, {"sysname": "write", "xref": 5986, "ts": 0, "blob": "{'filename': u'/data/data/com.jjdd/files/anserverb.db'}", "type": "SYSCALL", "id": 6010}, {"sysname": "write", "xref": 5986, "ts": 0, "blob": "{'filename': u'/data/data/com.jjdd/files/anserverb.db'}", "type": "SYSCALL", "id": 6014}, {"sysname": "write", "xref": 5986, "ts": 0, "blob": "{'filename': u'/data/data/com.jjdd/files/anserverb.db'}", "type": "SYSCALL", "id": 6015}, {"sysname": "write", "xref": 5986, "ts": 0, "blob": "{'filename': u'/data/data/com.jjdd/files/anserverb.db'}", "type": "SYSCALL", "id": 6016}, {"sysname": "write", "xref": 5986, "ts": 0, "blob": "{'filename': u'/data/data/com.jjdd/files/anserverb.db'}", "type": "SYSCALL", "id": 6019}, {"sysname": "write", "xref": 5986, "ts": 0, "blob": "{'filename': u'/data/data/com.jjdd/files/anserverb.db'}", "type": "SYSCALL", "id": 6020}, {"sysname": "write", "xref": 5986, "ts": 0, "blob": "{'filename': u'/data/data/com.jjdd/files/anserverb.db'}", "type": "SYSCALL", "id": 6033}, {"sysname": "write", "xref": 5986, "ts": 0, "blob": "{'filename': u'/data/data/com.jjdd/files/anserverb.db'}", "type": "SYSCALL", "id": 6034}, {"sysname": "write", "xref": 5986, "ts": 0, "blob": "{'filename': u'/data/data/com.jjdd/files/anserverb.db'}", "type": "SYSCALL", "id": 6044}, {"sysname": "write", "xref": 5986, "ts": 0, "blob": "{'filename': u'/data/data/com.jjdd/files/anserverb.db'}", "type": "SYSCALL", "id": 6049}, {"sysname": "write", "xref": 5986, "ts": 0, "blob": "{'filename': u'/data/data/com.jjdd/files/anserverb.db'}", "type": "SYSCALL", "id": 6053}, {"sysname": "write", "xref": 5986, "ts": 0, "blob": "{'filename': u'/data/data/com.jjdd/files/anserverb.db'}", "type": "SYSCALL", "id": 6072}, {"sysname": "write", "xref": 5986, "ts": 0, "blob": "{'filename': u'/data/data/com.jjdd/files/anserverb.db'}", "type": "SYSCALL", "id": 6073}, {"sysname": "write", "xref": 5986, "ts": 0, "blob": "{'filename': u'/data/data/com.jjdd/files/anserverb.db'}", "type": "SYSCALL", "id": 6084}, {"sysname": "write", "xref": 5986, "ts": 0, "blob": "{'filename': u'/data/data/com.jjdd/files/anserverb.db'}", "type": "SYSCALL", "id": 6085}, {"sysname": "write", "xref": 5986, "ts": 0, "blob": "{'filename': u'/data/data/com.jjdd/files/anserverb.db'}", "type": "SYSCALL", "id": 6110}, {"sysname": "write", "xref": 5986, "ts": 0, "blob": "{'filename': u'/data/data/com.jjdd/files/anserverb.db'}", "type": "SYSCALL", "id": 6111}, {"sysname": "write", "xref": 5986, "ts": 0, "blob": "{'filename': u'/data/data/com.jjdd/files/anserverb.db'}", "type": "SYSCALL", "id": 6116}, {"sysname": "write", "xref": 5986, "ts": 0, "blob": "{'filename': u'/data/data/com.jjdd/files/anserverb.db'}", "type": "SYSCALL", "id": 6117}, {"sysname": "write", "xref": 5986, "ts": 0, "blob": "{'filename': u'/data/data/com.jjdd/files/anserverb.db'}", "type": "SYSCALL", "id": 6120}, {"sysname": "write", "xref": 5986, "ts": 0, "blob": "{'filename': u'/data/data/com.jjdd/files/anserverb.db'}", "type": "SYSCALL", "id": 6121}, {"sysname": "write", "xref": 5986, "ts": 0, "blob": "{'filename': u'/data/data/com.jjdd/files/anserverb.db'}", "type": "SYSCALL", "id": 6125}, {"sysname": "write", "xref": 5986, "ts": 0, "blob": "{'filename': u'/data/data/com.jjdd/files/anserverb.db'}", "type": "SYSCALL", "id": 6135}, {"sysname": "write", "xref": 5986, "ts": 0, "blob": "{'filename': u'/data/data/com.jjdd/files/anserverb.db'}", "type": "SYSCALL", "id": 6155}, {"sysname": "write", "xref": 5986, "ts": 0, "blob": "{'filename': u'/data/data/com.jjdd/files/anserverb.db'}", "type": "SYSCALL", "id": 6156}]}, {"tid": 336, "procname": "http3", "class": "NETWORK ACCESS", "subclass": "DNS", "low": [{"sysname": "connect", "blob": "{'host': '10.0.2.3', 'retval': 0, 'port': 53}", "type": "SYSCALL", "id": 6105, "ts": 0}, {"sysname": "sendto", "xref": 6105, "ts": 0, "blob": "{'query_data': 'mpic.jjdd.com. 1 1'}", "type": "SYSCALL", "id": 6113}]}, {"tid": 336, "procname": "http3", "class": "NETWORK ACCESS", "subclass": "HTTP", "low": [{"sysname": "connect", "blob": "{'host': '::ffff:61.130.108.68', 'retval': -115, 'port': 80}", "type": "SYSCALL", "id": 6201, "ts": 0}, {"sysname": "sendto", "xref": 6201, "ts": 0, "blob": "=GET+%2Fv1%2Fg%2Fviewport.js+HTTP%2F1.1%0D%0AHost%3A+mpic.jjdd.com%0D%0AUser-Agent%3A+Mozilla%2F5.0+%28Linux%3B+U%3B+Android+2.2.3%3B+en-us%3B+generic+Build%2FFRK76C%29+AppleWebKit%2F533.1+%28KHTML%2C+like+Gecko%29+Version%2F4.0+Mobile+Safari%2F533.1+JJDDClient%2FAndroid+V1.3.1%0D%0AAccept%3A+%2A%2F%2A%0D%0AAccept-Language%3A+en-US%0D%0AAccept-Encoding%3A+gzip%0D%0AAccept-Charset%3A+utf-8%2C+iso-8859-1%2C+utf-16%2C+%2A%3Bq%3D0.7%0D%0AReferer%3A+http%3A%2F%2Fmapi.jjdd.com%2Fandroid%2Fheader%0D%0A", "type": "SYSCALL", "id": 6315}, {"sysname": "sendto", "xref": 6201, "ts": 0, "blob": "=GET+%2Fv1%2Fi%2F4l_top.png+HTTP%2F1.1%0D%0AHost%3A+mpic.jjdd.com%0D%0AUser-Agent%3A+Mozilla%2F5.0+%28Linux%3B+U%3B+Android+2.2.3%3B+en-us%3B+generic+Build%2FFRK76C%29+AppleWebKit%2F533.1+%28KHTML%2C+like+Gecko%29+Version%2F4.0+Mobile+Safari%2F533.1+JJDDClient%2FAndroid+V1.3.1%0D%0AAccept%3A+text%2Fxml%2C+text%2Fhtml%2C+application%2Fxhtml%2Bxml%2C+image%2Fpng%2C+text%2Fplain%2C+%2A%2F%2A%3Bq%3D0.8%0D%0AAccept-Language%3A+en-US%0D%0AAccept-Encoding%3A+gzip%0D%0AAccept-Charset%3A+utf-8%2C+iso-8859-1%2C+utf-16%2C+%2A%3Bq%3D0.7%0D%0ACache-Control%3A+max-age%3D0%0D%0ACookie%3A+NSC_kkee%3De2433eed3660%0D%0A", "type": "SYSCALL", "id": 7079}, {"sysname": "sendto", "xref": 6201, "ts": 0, "blob": "=GET+%2Fv1%2Fg%2Fmain.min.js+HTTP%2F1.1%0D%0AHost%3A+mpic.jjdd.com%0D%0AUser-Agent%3A+Mozilla%2F5.0+%28Linux%3B+U%3B+Android+2.2.3%3B+en-us%3B+generic+Build%2FFRK76C%29+AppleWebKit%2F533.1+%28KHTML%2C+like+Gecko%29+Version%2F4.0+Mobile+Safari%2F533.1+JJDDClient%2FAndroid+V1.3.1%0D%0AAccept%3A+%2A%2F%2A%0D%0AAccept-Language%3A+en-US%0D%0AAccept-Encoding%3A+gzip%0D%0AAccept-Charset%3A+utf-8%2C+iso-8859-1%2C+utf-16%2C+%2A%3Bq%3D0.7%0D%0AReferer%3A+http%3A%2F%2Fmapi.jjdd.com%2Fandroid%2Fheader%0D%0A", "type": "SYSCALL", "id": 7411}, {"sysname": "sendto", "xref": 6201, "ts": 0, "blob": "=GET+%2Fv1%2Fg%2Fandroid.min.js+HTTP%2F1.1%0D%0AHost%3A+mpic.jjdd.com%0D%0AUser-Agent%3A+Mozilla%2F5.0+%28Linux%3B+U%3B+Android+2.2.3%3B+en-us%3B+generic+Build%2FFRK76C%29+AppleWebKit%2F533.1+%28KHTML%2C+like+Gecko%29+Version%2F4.0+Mobile+Safari%2F533.1+JJDDClient%2FAndroid+V1.3.1%0D%0AAccept%3A+text%2Fxml%2C+text%2Fhtml%2C+application%2Fxhtml%2Bxml%2C+image%2Fpng%2C+text%2Fplain%2C+%2A%2F%2A%3Bq%3D0.8%0D%0AAccept-Language%3A+en-US%0D%0AAccept-Encoding%3A+gzip%0D%0AAccept-Charset%3A+utf-8%2C+iso-8859-1%2C+utf-16%2C+%2A%3Bq%3D0.7%0D%0ACache-Control%3A+max-age%3D0%0D%0ACookie%3A+NSC_kkee%3De2433eed3660%0D%0A", "type": "SYSCALL", "id": 9543}, {"sysname": "sendto", "xref": 6201, "ts": 0, "blob": "=GET+%2Fv1%2Fi%2Fbg2.jpg+HTTP%2F1.1%0D%0AHost%3A+mpic.jjdd.com%0D%0AUser-Agent%3A+Mozilla%2F5.0+%28Linux%3B+U%3B+Android+2.2.3%3B+en-us%3B+generic+Build%2FFRK76C%29+AppleWebKit%2F533.1+%28KHTML%2C+like+Gecko%29+Version%2F4.0+Mobile+Safari%2F533.1+JJDDClient%2FAndroid+V1.3.1%0D%0AAccept%3A+text%2Fxml%2C+text%2Fhtml%2C+application%2Fxhtml%2Bxml%2C+image%2Fpng%2C+text%2Fplain%2C+%2A%2F%2A%3Bq%3D0.8%0D%0AAccept-Language%3A+en-US%0D%0AAccept-Encoding%3A+gzip%0D%0AAccept-Charset%3A+utf-8%2C+iso-8859-1%2C+utf-16%2C+%2A%3Bq%3D0.7%0D%0ACache-Control%3A+max-age%3D0%0D%0ACookie%3A+NSC_kkee%3De2433eed3660%0D%0A", "type": "SYSCALL", "id": 10602}, {"sysname": "sendto", "xref": 6201, "ts": 0, "blob": "=GET+%2Fv1%2Fi%2Frefresh.png+HTTP%2F1.1%0D%0AHost%3A+mpic.jjdd.com%0D%0AUser-Agent%3A+Mozilla%2F5.0+%28Linux%3B+U%3B+Android+2.2.3%3B+en-us%3B+generic+Build%2FFRK76C%29+AppleWebKit%2F533.1+%28KHTML%2C+like+Gecko%29+Version%2F4.0+Mobile+Safari%2F533.1+JJDDClient%2FAndroid+V1.3.1%0D%0AAccept%3A+text%2Fxml%2C+text%2Fhtml%2C+application%2Fxhtml%2Bxml%2C+image%2Fpng%2C+text%2Fplain%2C+%2A%2F%2A%3Bq%3D0.8%0D%0AAccept-Language%3A+en-US%0D%0AAccept-Encoding%3A+gzip%0D%0AAccept-Charset%3A+utf-8%2C+iso-8859-1%2C+utf-16%2C+%2A%3Bq%3D0.7%0D%0ACache-Control%3A+max-age%3D0%0D%0ACookie%3A+NSC_kkee%3De2433eed3660%0D%0A", "type": "SYSCALL", "id": 10927}, {"sysname": "sendto", "xref": 6201, "ts": 0, "blob": "=GET+%2Fv1%2Fi%2Fdt_new.png+HTTP%2F1.1%0D%0AHost%3A+mpic.jjdd.com%0D%0AUser-Agent%3A+Mozilla%2F5.0+%28Linux%3B+U%3B+Android+2.2.3%3B+en-us%3B+generic+Build%2FFRK76C%29+AppleWebKit%2F533.1+%28KHTML%2C+like+Gecko%29+Version%2F4.0+Mobile+Safari%2F533.1+JJDDClient%2FAndroid+V1.3.1%0D%0AAccept%3A+text%2Fxml%2C+text%2Fhtml%2C+application%2Fxhtml%2Bxml%2C+image%2Fpng%2C+text%2Fplain%2C+%2A%2F%2A%3Bq%3D0.8%0D%0AAccept-Language%3A+en-US%0D%0AAccept-Encoding%3A+gzip%0D%0AAccept-Charset%3A+utf-8%2C+iso-8859-1%2C+utf-16%2C+%2A%3Bq%3D0.7%0D%0ACache-Control%3A+max-age%3D0%0D%0ACookie%3A+NSC_kkee%3De2433eed3660%0D%0A", "type": "SYSCALL", "id": 11274}, {"sysname": "sendto", "xref": 6201, "ts": 0, "blob": "=GET+%2Fv1%2Fi%2Fshking.gif+HTTP%2F1.1%0D%0AHost%3A+mpic.jjdd.com%0D%0AUser-Agent%3A+Mozilla%2F5.0+%28Linux%3B+U%3B+Android+2.2.3%3B+en-us%3B+generic+Build%2FFRK76C%29+AppleWebKit%2F533.1+%28KHTML%2C+like+Gecko%29+Version%2F4.0+Mobile+Safari%2F533.1+JJDDClient%2FAndroid+V1.3.1%0D%0AAccept%3A+text%2Fxml%2C+text%2Fhtml%2C+application%2Fxhtml%2Bxml%2C+image%2Fpng%2C+text%2Fplain%2C+%2A%2F%2A%3Bq%3D0.8%0D%0AAccept-Language%3A+en-US%0D%0AAccept-Encoding%3A+gzip%0D%0AAccept-Charset%3A+utf-8%2C+iso-8859-1%2C+utf-16%2C+%2A%3Bq%3D0.7%0D%0ACache-Control%3A+max-age%3D0%0D%0ACookie%3A+NSC_kkee%3De2433eed3660%0D%0A", "type": "SYSCALL", "id": 11635}, {"sysname": "sendto", "xref": 6201, "ts": 0, "blob": "=GET+%2Fv1%2Fi%2Fbtmi_nearby.png+HTTP%2F1.1%0D%0AHost%3A+mpic.jjdd.com%0D%0AUser-Agent%3A+Mozilla%2F5.0+%28Linux%3B+U%3B+Android+2.2.3%3B+en-us%3B+generic+Build%2FFRK76C%29+AppleWebKit%2F533.1+%28KHTML%2C+like+Gecko%29+Version%2F4.0+Mobile+Safari%2F533.1+JJDDClient%2FAndroid+V1.3.1%0D%0AAccept%3A+text%2Fxml%2C+text%2Fhtml%2C+application%2Fxhtml%2Bxml%2C+image%2Fpng%2C+text%2Fplain%2C+%2A%2F%2A%3Bq%3D0.8%0D%0AAccept-Language%3A+en-US%0D%0AAccept-Encoding%3A+gzip%0D%0AAccept-Charset%3A+utf-8%2C+iso-8859-1%2C+utf-16%2C+%2A%3Bq%3D0.7%0D%0ACache-Control%3A+max-age%3D0%0D%0ACookie%3A+NSC_kkee%3De2433eed3660%0D%0A", "type": "SYSCALL", "id": 12161}, {"sysname": "sendto", "xref": 6201, "ts": 0, "blob": "=GET+%2Fv1%2Fi%2Ficon_new.png+HTTP%2F1.1%0D%0AHost%3A+mpic.jjdd.com%0D%0AUser-Agent%3A+Mozilla%2F5.0+%28Linux%3B+U%3B+Android+2.2.3%3B+en-us%3B+generic+Build%2FFRK76C%29+AppleWebKit%2F533.1+%28KHTML%2C+like+Gecko%29+Version%2F4.0+Mobile+Safari%2F533.1+JJDDClient%2FAndroid+V1.3.1%0D%0AAccept%3A+text%2Fxml%2C+text%2Fhtml%2C+application%2Fxhtml%2Bxml%2C+image%2Fpng%2C+text%2Fplain%2C+%2A%2F%2A%3Bq%3D0.8%0D%0AAccept-Language%3A+en-US%0D%0AAccept-Encoding%3A+gzip%0D%0AAccept-Charset%3A+utf-8%2C+iso-8859-1%2C+utf-16%2C+%2A%3Bq%3D0.7%0D%0ACache-Control%3A+max-age%3D0%0D%0ACookie%3A+NSC_kkee%3De2433eed3660%0D%0A", "type": "SYSCALL", "id": 12604}]}, {"tid": 318, "procname": "com.jjdd", "class": "FS ACCESS", "low": [{"sysname": "open", "blob": "{'flags': 131649, 'mode': 384, 'filename': u'/data/data/com.jjdd/shared_prefs/0.xml\\x00'}", "type": "SYSCALL", "id": 6203, "ts": 0}, {"sysname": "write", "xref": 6203, "ts": 0, "blob": "{'filename': u'/data/data/com.jjdd/shared_prefs/0.xml'}", "type": "SYSCALL", "id": 6268}]}, {"tid": 334, "procname": "http1", "class": "NETWORK ACCESS", "subclass": "HTTP", "low": [{"sysname": "connect", "blob": "{'host': '::ffff:61.130.108.68', 'retval': -115, 'port': 80}", "type": "SYSCALL", "id": 6248, "ts": 0}, {"sysname": "sendto", "xref": 6248, "ts": 0, "blob": "=GET+%2Fv1%2Fg%2Fclient.css+HTTP%2F1.1%0D%0AHost%3A+mpic.jjdd.com%0D%0AUser-Agent%3A+Mozilla%2F5.0+%28Linux%3B+U%3B+Android+2.2.3%3B+en-us%3B+generic+Build%2FFRK76C%29+AppleWebKit%2F533.1+%28KHTML%2C+like+Gecko%29+Version%2F4.0+Mobile+Safari%2F533.1+JJDDClient%2FAndroid+V1.3.1%0D%0AAccept%3A+text%2Fcss%2C%2A%2F%2A%3Bq%3D0.1%0D%0AAccept-Language%3A+en-US%0D%0AAccept-Encoding%3A+gzip%0D%0AAccept-Charset%3A+utf-8%2C+iso-8859-1%2C+utf-16%2C+%2A%3Bq%3D0.7%0D%0AReferer%3A+http%3A%2F%2Fmapi.jjdd.com%2Fandroid%2Fheader%0D%0A", "type": "SYSCALL", "id": 6340}]}, {"tid": 333, "procname": "http0", "class": "NETWORK ACCESS", "subclass": "HTTP", "low": [{"sysname": "connect", "blob": "{'host': '::ffff:61.130.108.68', 'retval': -115, 'port': 80}", "type": "SYSCALL", "id": 6302, "ts": 0}, {"sysname": "sendto", "xref": 6302, "ts": 0, "blob": "=GET+%2Fv1%2Fg%2Flib.min.js+HTTP%2F1.1%0D%0AHost%3A+mpic.jjdd.com%0D%0AUser-Agent%3A+Mozilla%2F5.0+%28Linux%3B+U%3B+Android+2.2.3%3B+en-us%3B+generic+Build%2FFRK76C%29+AppleWebKit%2F533.1+%28KHTML%2C+like+Gecko%29+Version%2F4.0+Mobile+Safari%2F533.1+JJDDClient%2FAndroid+V1.3.1%0D%0AAccept%3A+%2A%2F%2A%0D%0AAccept-Language%3A+en-US%0D%0AAccept-Encoding%3A+gzip%0D%0AAccept-Charset%3A+utf-8%2C+iso-8859-1%2C+utf-16%2C+%2A%3Bq%3D0.7%0D%0AReferer%3A+http%3A%2F%2Fmapi.jjdd.com%2Fandroid%2Fheader%0D%0A", "type": "SYSCALL", "id": 6553}]}, {"tid": 318, "procname": "com.jjdd", "class": "FS ACCESS", "low": [{"sysname": "open", "blob": "{'flags': 131649, 'mode': 384, 'filename': u'/data/data/com.jjdd/shared_prefs/0.xml\\x00'}", "type": "SYSCALL", "id": 6323, "ts": 0}, {"sysname": "write", "xref": 6323, "ts": 0, "blob": "{'filename': u'/data/data/com.jjdd/shared_prefs/0.xml'}", "type": "SYSCALL", "id": 6384}]}, {"tid": 77, "procname": "ActivityManager", "class": "ACCESS PERSONAL INFO", "subclass": "SMS", "low": [{"recv by": "com.jjdd", "intent": "android.provider.Telephony.SMS_RECEIVED", "type": "INTENT", "id": 6343, "ts": 0}]}, {"tid": 335, "procname": "http2", "class": "NETWORK ACCESS", "low": [{"sysname": "connect", "blob": "{'host': '::ffff:61.130.108.68', 'retval': -115, 'port': 80}", "type": "SYSCALL", "id": 6454, "ts": 0}]}, {"tid": 326, "procname": "WebViewWorkerTh", "class": "FS ACCESS", "low": [{"sysname": "open", "blob": "{'flags': 131649, 'mode': 384, 'filename': u'/data/data/com.jjdd/cache/webviewCache/82578928\\x00'}", "type": "SYSCALL", "id": 6685, "ts": 0}, {"sysname": "write", "xref": 6685, "ts": 0, "blob": "{'filename': u'/data/data/com.jjdd/cache/webviewCache/82578928'}", "type": "SYSCALL", "id": 6699}]}, {"tid": 326, "procname": "WebViewWorkerTh", "class": "FS ACCESS", "low": [{"sysname": "open", "blob": "{'flags': 131649, 'mode': 384, 'filename': u'/data/data/com.jjdd/cache/webviewCache/a7a3c972\\x00'}", "type": "SYSCALL", "id": 7204, "ts": 0}, {"sysname": "write", "xref": 7204, "ts": 0, "blob": "{'filename': u'/data/data/com.jjdd/cache/webviewCache/a7a3c972'}", "type": "SYSCALL", "id": 7216}]}, {"tid": 326, "procname": "WebViewWorkerTh", "class": "FS ACCESS", "low": [{"sysname": "open", "blob": "{'flags': 131649, 'mode': 384, 'filename': u'/data/data/com.jjdd/cache/webviewCache/21bbaf5f\\x00'}", "type": "SYSCALL", "id": 7253, "ts": 0}, {"sysname": "write", "xref": 7253, "ts": 0, "blob": "{'filename': u'/data/data/com.jjdd/cache/webviewCache/21bbaf5f'}", "type": "SYSCALL", "id": 7432}, {"sysname": "write", "xref": 7253, "ts": 0, "blob": "{'filename': u'/data/data/com.jjdd/cache/webviewCache/21bbaf5f'}", "type": "SYSCALL", "id": 7444}]}, {"tid": 326, "procname": "WebViewWorkerTh", "class": "FS ACCESS", "low": [{"sysname": "open", "blob": "{'flags': 131649, 'mode': 384, 'filename': u'/data/data/com.jjdd/cache/webviewCache/c4b0dbed\\x00'}", "type": "SYSCALL", "id": 7685, "ts": 0}, {"sysname": "write", "xref": 7685, "ts": 0, "blob": "{'filename': u'/data/data/com.jjdd/cache/webviewCache/c4b0dbed'}", "type": "SYSCALL", "id": 7704}, {"sysname": "write", "xref": 7685, "ts": 0, "blob": "{'filename': u'/data/data/com.jjdd/cache/webviewCache/c4b0dbed'}", "type": "SYSCALL", "id": 7714}, {"sysname": "write", "xref": 7685, "ts": 0, "blob": "{'filename': u'/data/data/com.jjdd/cache/webviewCache/c4b0dbed'}", "type": "SYSCALL", "id": 7722}, {"sysname": "write", "xref": 7685, "ts": 0, "blob": "{'filename': u'/data/data/com.jjdd/cache/webviewCache/c4b0dbed'}", "type": "SYSCALL", "id": 7734}, {"sysname": "write", "xref": 7685, "ts": 0, "blob": "{'filename': u'/data/data/com.jjdd/cache/webviewCache/c4b0dbed'}", "type": "SYSCALL", "id": 7745}, {"sysname": "write", "xref": 7685, "ts": 0, "blob": "{'filename': u'/data/data/com.jjdd/cache/webviewCache/c4b0dbed'}", "type": "SYSCALL", "id": 7747}, {"sysname": "write", "xref": 7685, "ts": 0, "blob": "{'filename': u'/data/data/com.jjdd/cache/webviewCache/c4b0dbed'}", "type": "SYSCALL", "id": 7762}]}, {"tid": 70, "procname": "Binder Thread #", "class": "ACCESS PERSONAL INFO", "subclass": "SMS", "low": [{"recv by": "com.jjdd", "intent": "android.provider.Telephony.SMS_RECEIVED", "type": "INTENT", "id": 7841, "ts": 0}]}, {"tid": 326, "procname": "WebViewWorkerTh", "class": "FS ACCESS", "low": [{"sysname": "open", "blob": "{'flags': 131649, 'mode': 384, 'filename': u'/data/data/com.jjdd/cache/webviewCache/63d19846\\x00'}", "type": "SYSCALL", "id": 9252, "ts": 0}, {"sysname": "write", "xref": 9252, "ts": 0, "blob": "{'filename': u'/data/data/com.jjdd/cache/webviewCache/63d19846'}", "type": "SYSCALL", "id": 9267}]}, {"tid": 326, "procname": "WebViewWorkerTh", "class": "FS ACCESS", "low": [{"sysname": "open", "blob": "{'flags': 131649, 'mode': 384, 'filename': u'/data/data/com.jjdd/cache/webviewCache/cc2e9a1b\\x00'}", "type": "SYSCALL", "id": 9569, "ts": 0}, {"sysname": "write", "xref": 9569, "ts": 0, "blob": "{'filename': u'/data/data/com.jjdd/cache/webviewCache/cc2e9a1b'}", "type": "SYSCALL", "id": 9580}, {"sysname": "write", "xref": 9569, "ts": 0, "blob": "{'filename': u'/data/data/com.jjdd/cache/webviewCache/cc2e9a1b'}", "type": "SYSCALL", "id": 9587}, {"sysname": "write", "xref": 9569, "ts": 0, "blob": "{'filename': u'/data/data/com.jjdd/cache/webviewCache/cc2e9a1b'}", "type": "SYSCALL", "id": 9593}, {"sysname": "write", "xref": 9569, "ts": 0, "blob": "{'filename': u'/data/data/com.jjdd/cache/webviewCache/cc2e9a1b'}", "type": "SYSCALL", "id": 9608}, {"sysname": "write", "xref": 9569, "ts": 0, "blob": "{'filename': u'/data/data/com.jjdd/cache/webviewCache/cc2e9a1b'}", "type": "SYSCALL", "id": 9626}, {"sysname": "write", "xref": 9569, "ts": 0, "blob": "{'filename': u'/data/data/com.jjdd/cache/webviewCache/cc2e9a1b'}", "type": "SYSCALL", "id": 9635}, {"sysname": "write", "xref": 9569, "ts": 0, "blob": "{'filename': u'/data/data/com.jjdd/cache/webviewCache/cc2e9a1b'}", "type": "SYSCALL", "id": 9646}, {"sysname": "write", "xref": 9569, "ts": 0, "blob": "{'filename': u'/data/data/com.jjdd/cache/webviewCache/cc2e9a1b'}", "type": "SYSCALL", "id": 9652}]}, {"tid": 326, "procname": "WebViewWorkerTh", "class": "FS ACCESS", "low": [{"sysname": "open", "blob": "{'flags': 131649, 'mode': 384, 'filename': u'/data/data/com.jjdd/cache/webviewCache/768cd543\\x00'}", "type": "SYSCALL", "id": 10338, "ts": 0}, {"sysname": "write", "xref": 10338, "ts": 0, "blob": "{'filename': u'/data/data/com.jjdd/cache/webviewCache/768cd543'}", "type": "SYSCALL", "id": 10359}, {"sysname": "write", "xref": 10338, "ts": 0, "blob": "{'filename': u'/data/data/com.jjdd/cache/webviewCache/768cd543'}", "type": "SYSCALL", "id": 10367}, {"sysname": "write", "xref": 10338, "ts": 0, "blob": "{'filename': u'/data/data/com.jjdd/cache/webviewCache/768cd543'}", "type": "SYSCALL", "id": 10378}, {"sysname": "write", "xref": 10338, "ts": 0, "blob": "{'filename': u'/data/data/com.jjdd/cache/webviewCache/768cd543'}", "type": "SYSCALL", "id": 10384}, {"sysname": "write", "xref": 10338, "ts": 0, "blob": "{'filename': u'/data/data/com.jjdd/cache/webviewCache/768cd543'}", "type": "SYSCALL", "id": 10393}]}, {"tid": 326, "procname": "WebViewWorkerTh", "class": "FS ACCESS", "low": [{"sysname": "open", "blob": "{'flags': 131649, 'mode': 384, 'filename': u'/data/data/com.jjdd/cache/webviewCache/2b227b63\\x00'}", "type": "SYSCALL", "id": 10709, "ts": 0}, {"sysname": "write", "xref": 10709, "ts": 0, "blob": "{'filename': u'/data/data/com.jjdd/cache/webviewCache/2b227b63'}", "type": "SYSCALL", "id": 10720}]}, {"tid": 326, "procname": "WebViewWorkerTh", "class": "FS ACCESS", "low": [{"sysname": "open", "blob": "{'flags': 131649, 'mode': 384, 'filename': u'/data/data/com.jjdd/cache/webviewCache/ad12e779\\x00'}", "type": "SYSCALL", "id": 11060, "ts": 0}, {"sysname": "write", "xref": 11060, "ts": 0, "blob": "{'filename': u'/data/data/com.jjdd/cache/webviewCache/ad12e779'}", "type": "SYSCALL", "id": 11070}]}, {"tid": 326, "procname": "WebViewWorkerTh", "class": "FS ACCESS", "low": [{"sysname": "open", "blob": "{'flags': 131649, 'mode': 384, 'filename': u'/data/data/com.jjdd/cache/webviewCache/85a710e9\\x00'}", "type": "SYSCALL", "id": 11428, "ts": 0}, {"sysname": "write", "xref": 11428, "ts": 0, "blob": "{'filename': u'/data/data/com.jjdd/cache/webviewCache/85a710e9'}", "type": "SYSCALL", "id": 11431}]}, {"tid": 326, "procname": "WebViewWorkerTh", "class": "FS ACCESS", "low": [{"sysname": "open", "blob": "{'flags': 131649, 'mode': 384, 'filename': u'/data/data/com.jjdd/cache/webviewCache/c74872ff\\x00'}", "type": "SYSCALL", "id": 11780, "ts": 0}, {"sysname": "write", "xref": 11780, "ts": 0, "blob": "{'filename': u'/data/data/com.jjdd/cache/webviewCache/c74872ff'}", "type": "SYSCALL", "id": 11788}, {"sysname": "write", "xref": 11780, "ts": 0, "blob": "{'filename': u'/data/data/com.jjdd/cache/webviewCache/c74872ff'}", "type": "SYSCALL", "id": 11929}]}, {"tid": 326, "procname": "WebViewWorkerTh", "class": "FS ACCESS", "low": [{"sysname": "open", "blob": "{'flags': 131649, 'mode': 384, 'filename': u'/data/data/com.jjdd/cache/webviewCache/7938db0e\\x00'}", "type": "SYSCALL", "id": 12364, "ts": 0}, {"sysname": "write", "xref": 12364, "ts": 0, "blob": "{'filename': u'/data/data/com.jjdd/cache/webviewCache/7938db0e'}", "type": "SYSCALL", "id": 12386}]}]}}, "userid": "joystick", "country": "UNAVAILABLE", "date_end": "N/A", "date_start": "N/A", "date_submitted": "2012-11-19 17:52:53", "static": "/copperdroid/reports//AnserverBot_genome_stimulated/021f3cceb79e195a0d288f39900436bb27db0a15.apk.log", "submitter_ip": "127.0.0.1", "pcap": "/copperdroid/reports//AnserverBot_genome_stimulated/021f3cceb79e195a0d288f39900436bb27db0a15.apk.pcap", "md5": "ef6ca0ea8ec1a6ff1922f3e18e31c9be"}