{"behaviors": {"static": {}, "dynamic": {"host": [{"tid": 318, "procname": "txtbrowser.yzya", "class": "FS ACCESS", "low": [{"sysname": "open", "blob": "{'flags': 131649, 'mode': 384, 'filename': u'/data/data/com.chenjg.txtbrowser.yzya/shared_prefs/0.xml\\x00'}", "type": "SYSCALL", "id": 1765, "ts": 0}, {"sysname": "write", "xref": 1765, "ts": 0, "blob": "{'filename': u'/data/data/com.chenjg.txtbrowser.yzya/shared_prefs/0.xml'}", "type": "SYSCALL", "id": 1766}]}, {"tid": 318, "procname": "txtbrowser.yzya", "class": "FS ACCESS", "low": [{"sysname": "open", "blob": "{'flags': 131649, 'mode': 384, 'filename': u'/data/data/com.chenjg.txtbrowser.yzya/shared_prefs/0.xml\\x00'}", "type": "SYSCALL", "id": 1774, "ts": 0}, {"sysname": "write", "xref": 1774, "ts": 0, "blob": "{'filename': u'/data/data/com.chenjg.txtbrowser.yzya/shared_prefs/0.xml'}", "type": "SYSCALL", "id": 1775}]}, {"tid": 318, "procname": "txtbrowser.yzya", "class": "FS ACCESS", "low": [{"sysname": "open", "blob": "{'flags': 131649, 'mode': 384, 'filename': u'/data/data/com.chenjg.txtbrowser.yzya/shared_prefs/0.xml\\x00'}", "type": "SYSCALL", "id": 1784, "ts": 0}, {"sysname": "write", "xref": 1784, "ts": 0, "blob": "{'filename': u'/data/data/com.chenjg.txtbrowser.yzya/shared_prefs/0.xml'}", "type": "SYSCALL", "id": 1787}]}, {"tid": 318, "procname": "txtbrowser.yzya", "class": "FS ACCESS", "low": [{"sysname": "open", "blob": "{'flags': 131649, 'mode': 384, 'filename': u'/data/data/com.chenjg.txtbrowser.yzya/files/anservera.db\\x00'}", "type": "SYSCALL", "id": 1812, "ts": 0}, {"sysname": "write", "xref": 1812, "ts": 0, "blob": "{'filename': u'/data/data/com.chenjg.txtbrowser.yzya/files/anservera.db'}", "type": "SYSCALL", "id": 1814}, {"sysname": "write", "xref": 1812, "ts": 0, "blob": "{'filename': u'/data/data/com.chenjg.txtbrowser.yzya/files/anservera.db'}", "type": "SYSCALL", "id": 1815}, {"sysname": "write", "xref": 1812, "ts": 0, "blob": "{'filename': u'/data/data/com.chenjg.txtbrowser.yzya/files/anservera.db'}", "type": "SYSCALL", "id": 1816}, {"sysname": "write", "xref": 1812, "ts": 0, "blob": "{'filename': u'/data/data/com.chenjg.txtbrowser.yzya/files/anservera.db'}", "type": "SYSCALL", "id": 1817}, {"sysname": "write", "xref": 1812, "ts": 0, "blob": "{'filename': u'/data/data/com.chenjg.txtbrowser.yzya/files/anservera.db'}", "type": "SYSCALL", "id": 1822}, {"sysname": "write", "xref": 1812, "ts": 0, "blob": "{'filename': u'/data/data/com.chenjg.txtbrowser.yzya/files/anservera.db'}", "type": "SYSCALL", "id": 1823}, {"sysname": "write", "xref": 1812, "ts": 0, "blob": "{'filename': u'/data/data/com.chenjg.txtbrowser.yzya/files/anservera.db'}", "type": "SYSCALL", "id": 1824}, {"sysname": "write", "xref": 1812, "ts": 0, "blob": "{'filename': u'/data/data/com.chenjg.txtbrowser.yzya/files/anservera.db'}", "type": "SYSCALL", "id": 1825}, {"sysname": "write", "xref": 1812, "ts": 0, "blob": "{'filename': u'/data/data/com.chenjg.txtbrowser.yzya/files/anservera.db'}", "type": "SYSCALL", "id": 1832}, {"sysname": "write", "xref": 1812, "ts": 0, "blob": "{'filename': u'/data/data/com.chenjg.txtbrowser.yzya/files/anservera.db'}", "type": "SYSCALL", "id": 1833}, {"sysname": "write", "xref": 1812, "ts": 0, "blob": "{'filename': u'/data/data/com.chenjg.txtbrowser.yzya/files/anservera.db'}", "type": "SYSCALL", "id": 1834}, {"sysname": "write", "xref": 1812, "ts": 0, "blob": "{'filename': u'/data/data/com.chenjg.txtbrowser.yzya/files/anservera.db'}", "type": "SYSCALL", "id": 1835}, {"sysname": "write", "xref": 1812, "ts": 0, "blob": "{'filename': u'/data/data/com.chenjg.txtbrowser.yzya/files/anservera.db'}", "type": "SYSCALL", "id": 1836}, {"sysname": "write", "xref": 1812, "ts": 0, "blob": "{'filename': u'/data/data/com.chenjg.txtbrowser.yzya/files/anservera.db'}", "type": "SYSCALL", "id": 1837}, {"sysname": "write", "xref": 1812, "ts": 0, "blob": "{'filename': u'/data/data/com.chenjg.txtbrowser.yzya/files/anservera.db'}", "type": "SYSCALL", "id": 1838}, {"sysname": "write", "xref": 1812, "ts": 0, "blob": "{'filename': u'/data/data/com.chenjg.txtbrowser.yzya/files/anservera.db'}", "type": "SYSCALL", "id": 1839}, {"sysname": "write", "xref": 1812, "ts": 0, "blob": "{'filename': u'/data/data/com.chenjg.txtbrowser.yzya/files/anservera.db'}", "type": "SYSCALL", "id": 1840}, {"sysname": "write", "xref": 1812, "ts": 0, "blob": "{'filename': u'/data/data/com.chenjg.txtbrowser.yzya/files/anservera.db'}", "type": "SYSCALL", "id": 1841}, {"sysname": "write", "xref": 1812, "ts": 0, "blob": "{'filename': u'/data/data/com.chenjg.txtbrowser.yzya/files/anservera.db'}", "type": "SYSCALL", "id": 1842}, {"sysname": "write", "xref": 1812, "ts": 0, "blob": "{'filename': u'/data/data/com.chenjg.txtbrowser.yzya/files/anservera.db'}", "type": "SYSCALL", "id": 1843}, {"sysname": "write", "xref": 1812, "ts": 0, "blob": "{'filename': u'/data/data/com.chenjg.txtbrowser.yzya/files/anservera.db'}", "type": "SYSCALL", "id": 1844}, {"sysname": "write", "xref": 1812, "ts": 0, "blob": "{'filename': u'/data/data/com.chenjg.txtbrowser.yzya/files/anservera.db'}", "type": "SYSCALL", "id": 1845}, {"sysname": "write", "xref": 1812, "ts": 0, "blob": "{'filename': u'/data/data/com.chenjg.txtbrowser.yzya/files/anservera.db'}", "type": "SYSCALL", "id": 1846}, {"sysname": "write", "xref": 1812, "ts": 0, "blob": "{'filename': u'/data/data/com.chenjg.txtbrowser.yzya/files/anservera.db'}", "type": "SYSCALL", "id": 1847}, {"sysname": "write", "xref": 1812, "ts": 0, "blob": "{'filename': u'/data/data/com.chenjg.txtbrowser.yzya/files/anservera.db'}", "type": "SYSCALL", "id": 1848}, {"sysname": "write", "xref": 1812, "ts": 0, "blob": "{'filename': u'/data/data/com.chenjg.txtbrowser.yzya/files/anservera.db'}", "type": "SYSCALL", "id": 1849}, {"sysname": "write", "xref": 1812, "ts": 0, "blob": "{'filename': u'/data/data/com.chenjg.txtbrowser.yzya/files/anservera.db'}", "type": "SYSCALL", "id": 1850}, {"sysname": "write", "xref": 1812, "ts": 0, "blob": "{'filename': u'/data/data/com.chenjg.txtbrowser.yzya/files/anservera.db'}", "type": "SYSCALL", "id": 1851}, {"sysname": "write", "xref": 1812, "ts": 0, "blob": "{'filename': u'/data/data/com.chenjg.txtbrowser.yzya/files/anservera.db'}", "type": "SYSCALL", "id": 1852}, {"sysname": "write", "xref": 1812, "ts": 0, "blob": "{'filename': u'/data/data/com.chenjg.txtbrowser.yzya/files/anservera.db'}", "type": "SYSCALL", "id": 1853}, {"sysname": "write", "xref": 1812, "ts": 0, "blob": "{'filename': u'/data/data/com.chenjg.txtbrowser.yzya/files/anservera.db'}", "type": "SYSCALL", "id": 1854}]}, {"tid": 318, "procname": "txtbrowser.yzya", "class": "FS ACCESS", "low": [{"sysname": "open", "blob": "{'flags': 131649, 'mode': 384, 'filename': u'/data/data/com.chenjg.txtbrowser.yzya/files/anserverb.db\\x00'}", "type": "SYSCALL", "id": 1859, "ts": 0}, {"sysname": "write", "xref": 1859, "ts": 0, "blob": "{'filename': u'/data/data/com.chenjg.txtbrowser.yzya/files/anserverb.db'}", "type": "SYSCALL", "id": 1861}, {"sysname": "write", "xref": 1859, "ts": 0, "blob": "{'filename': u'/data/data/com.chenjg.txtbrowser.yzya/files/anserverb.db'}", "type": "SYSCALL", "id": 1862}, {"sysname": "write", "xref": 1859, "ts": 0, "blob": "{'filename': u'/data/data/com.chenjg.txtbrowser.yzya/files/anserverb.db'}", "type": "SYSCALL", "id": 1863}, {"sysname": "write", "xref": 1859, "ts": 0, "blob": "{'filename': u'/data/data/com.chenjg.txtbrowser.yzya/files/anserverb.db'}", "type": "SYSCALL", "id": 1864}, {"sysname": "write", "xref": 1859, "ts": 0, "blob": "{'filename': u'/data/data/com.chenjg.txtbrowser.yzya/files/anserverb.db'}", "type": "SYSCALL", "id": 1865}, {"sysname": "write", "xref": 1859, "ts": 0, "blob": "{'filename': u'/data/data/com.chenjg.txtbrowser.yzya/files/anserverb.db'}", "type": "SYSCALL", "id": 1866}, {"sysname": "write", "xref": 1859, "ts": 0, "blob": "{'filename': u'/data/data/com.chenjg.txtbrowser.yzya/files/anserverb.db'}", "type": "SYSCALL", "id": 1867}, {"sysname": "write", "xref": 1859, "ts": 0, "blob": "{'filename': u'/data/data/com.chenjg.txtbrowser.yzya/files/anserverb.db'}", "type": "SYSCALL", "id": 1868}, {"sysname": "write", "xref": 1859, "ts": 0, "blob": "{'filename': u'/data/data/com.chenjg.txtbrowser.yzya/files/anserverb.db'}", "type": "SYSCALL", "id": 1869}, {"sysname": "write", "xref": 1859, "ts": 0, "blob": "{'filename': u'/data/data/com.chenjg.txtbrowser.yzya/files/anserverb.db'}", "type": "SYSCALL", "id": 1870}, {"sysname": "write", "xref": 1859, "ts": 0, "blob": "{'filename': u'/data/data/com.chenjg.txtbrowser.yzya/files/anserverb.db'}", "type": "SYSCALL", "id": 1871}, {"sysname": "write", "xref": 1859, "ts": 0, "blob": "{'filename': u'/data/data/com.chenjg.txtbrowser.yzya/files/anserverb.db'}", "type": "SYSCALL", "id": 1872}, {"sysname": "write", "xref": 1859, "ts": 0, "blob": "{'filename': u'/data/data/com.chenjg.txtbrowser.yzya/files/anserverb.db'}", "type": "SYSCALL", "id": 1873}, {"sysname": "write", "xref": 1859, "ts": 0, "blob": "{'filename': u'/data/data/com.chenjg.txtbrowser.yzya/files/anserverb.db'}", "type": "SYSCALL", "id": 1874}, {"sysname": "write", "xref": 1859, "ts": 0, "blob": "{'filename': u'/data/data/com.chenjg.txtbrowser.yzya/files/anserverb.db'}", "type": "SYSCALL", "id": 1875}, {"sysname": "write", "xref": 1859, "ts": 0, "blob": "{'filename': u'/data/data/com.chenjg.txtbrowser.yzya/files/anserverb.db'}", "type": "SYSCALL", "id": 1876}, {"sysname": "write", "xref": 1859, "ts": 0, "blob": "{'filename': u'/data/data/com.chenjg.txtbrowser.yzya/files/anserverb.db'}", "type": "SYSCALL", "id": 1877}, {"sysname": "write", "xref": 1859, "ts": 0, "blob": "{'filename': u'/data/data/com.chenjg.txtbrowser.yzya/files/anserverb.db'}", "type": "SYSCALL", "id": 1878}, {"sysname": "write", "xref": 1859, "ts": 0, "blob": "{'filename': u'/data/data/com.chenjg.txtbrowser.yzya/files/anserverb.db'}", "type": "SYSCALL", "id": 1879}, {"sysname": "write", "xref": 1859, "ts": 0, "blob": "{'filename': u'/data/data/com.chenjg.txtbrowser.yzya/files/anserverb.db'}", "type": "SYSCALL", "id": 1880}, {"sysname": "write", "xref": 1859, "ts": 0, "blob": "{'filename': u'/data/data/com.chenjg.txtbrowser.yzya/files/anserverb.db'}", "type": "SYSCALL", "id": 1881}, {"sysname": "write", "xref": 1859, "ts": 0, "blob": "{'filename': u'/data/data/com.chenjg.txtbrowser.yzya/files/anserverb.db'}", "type": "SYSCALL", "id": 1882}, {"sysname": "write", "xref": 1859, "ts": 0, "blob": "{'filename': u'/data/data/com.chenjg.txtbrowser.yzya/files/anserverb.db'}", "type": "SYSCALL", "id": 1883}, {"sysname": "write", "xref": 1859, "ts": 0, "blob": "{'filename': u'/data/data/com.chenjg.txtbrowser.yzya/files/anserverb.db'}", "type": "SYSCALL", "id": 1884}, {"sysname": "write", "xref": 1859, "ts": 0, "blob": "{'filename': u'/data/data/com.chenjg.txtbrowser.yzya/files/anserverb.db'}", "type": "SYSCALL", "id": 1885}, {"sysname": "write", "xref": 1859, "ts": 0, "blob": "{'filename': u'/data/data/com.chenjg.txtbrowser.yzya/files/anserverb.db'}", "type": "SYSCALL", "id": 1886}, {"sysname": "write", "xref": 1859, "ts": 0, "blob": "{'filename': u'/data/data/com.chenjg.txtbrowser.yzya/files/anserverb.db'}", "type": "SYSCALL", "id": 1887}]}, {"tid": 318, "procname": "txtbrowser.yzya", "class": "FS ACCESS", "low": [{"sysname": "open", "blob": "{'flags': 131649, 'mode': 384, 'filename': u'/data/data/com.chenjg.txtbrowser.yzya/shared_prefs/0.xml\\x00'}", "type": "SYSCALL", "id": 1898, "ts": 0}, {"sysname": "write", "xref": 1898, "ts": 0, "blob": "{'filename': u'/data/data/com.chenjg.txtbrowser.yzya/shared_prefs/0.xml'}", "type": "SYSCALL", "id": 1904}]}, {"tid": 318, "procname": "txtbrowser.yzya", "class": "FS ACCESS", "low": [{"sysname": "open", "blob": "{'flags': 131649, 'mode': 384, 'filename': u'/data/data/com.chenjg.txtbrowser.yzya/shared_prefs/0.xml\\x00'}", "type": "SYSCALL", "id": 1913, "ts": 0}, {"sysname": "write", "xref": 1913, "ts": 0, "blob": "{'filename': u'/data/data/com.chenjg.txtbrowser.yzya/shared_prefs/0.xml'}", "type": "SYSCALL", "id": 1917}]}, {"tid": 325, "procname": "dexopt", "class": "FS ACCESS", "low": [{"sysname": "open", "blob": "{'flags': 131138, 'mode': 420, 'filename': u'/data/data/com.chenjg.txtbrowser.yzya/files/anserverb.dex\\x00'}", "type": "SYSCALL", "id": 2341, "ts": 0}, {"sysname": "write", "xref": 2341, "ts": 0, "blob": "{'filename': u'/data/data/com.chenjg.txtbrowser.yzya/files/anserverb.dex'}", "type": "SYSCALL", "id": 2345}, {"sysname": "write", "xref": 2341, "ts": 0, "blob": "{'filename': u'/data/data/com.chenjg.txtbrowser.yzya/files/anserverb.dex'}", "type": "SYSCALL", "id": 2350}, {"sysname": "write", "xref": 2341, "ts": 0, "blob": "{'filename': u'/data/data/com.chenjg.txtbrowser.yzya/files/anserverb.dex'}", "type": "SYSCALL", "id": 2351}, {"sysname": "write", "xref": 2341, "ts": 0, "blob": "{'filename': u'/data/data/com.chenjg.txtbrowser.yzya/files/anserverb.dex'}", "type": "SYSCALL", "id": 2927}, {"sysname": "write", "xref": 2341, "ts": 0, "blob": "{'filename': u'/data/data/com.chenjg.txtbrowser.yzya/files/anserverb.dex'}", "type": "SYSCALL", "id": 2930}, {"sysname": "write", "xref": 2341, "ts": 0, "blob": "{'filename': u'/data/data/com.chenjg.txtbrowser.yzya/files/anserverb.dex'}", "type": "SYSCALL", "id": 2931}, {"sysname": "write", "xref": 2341, "ts": 0, "blob": "{'filename': u'/data/data/com.chenjg.txtbrowser.yzya/files/anserverb.dex'}", "type": "SYSCALL", "id": 2932}, {"sysname": "write", "xref": 2341, "ts": 0, "blob": "{'filename': u'/data/data/com.chenjg.txtbrowser.yzya/files/anserverb.dex'}", "type": "SYSCALL", "id": 2937}]}, {"tid": 325, "procname": "txtbrowser.yzya", "class": "EXECUTE", "low": [{"sysname": "execve", "blob": {"executed_file": "/system/bin/dexopt", "args": "[]", "retval": 0}, "type": "SYSCALL", "id": 2363, "ts": 0}]}, {"tid": 318, "procname": "txtbrowser.yzya", "class": "FS ACCESS", "low": [{"sysname": "open", "blob": "{'flags': 131649, 'mode': 384, 'filename': u'/data/data/com.chenjg.txtbrowser.yzya/shared_prefs/0.xml\\x00'}", "type": "SYSCALL", "id": 2981, "ts": 0}, {"sysname": "write", "xref": 2981, "ts": 0, "blob": "{'filename': u'/data/data/com.chenjg.txtbrowser.yzya/shared_prefs/0.xml'}", "type": "SYSCALL", "id": 2982}]}, {"tid": 318, "procname": "txtbrowser.yzya", "class": "FS ACCESS", "low": [{"sysname": "open", "blob": "{'flags': 131649, 'mode': 384, 'filename': u'/data/data/com.chenjg.txtbrowser.yzya/shared_prefs/0.xml\\x00'}", "type": "SYSCALL", "id": 2991, "ts": 0}, {"sysname": "write", "xref": 2991, "ts": 0, "blob": "{'filename': u'/data/data/com.chenjg.txtbrowser.yzya/shared_prefs/0.xml'}", "type": "SYSCALL", "id": 2992}]}, {"tid": 318, "procname": "txtbrowser.yzya", "class": "FS ACCESS", "low": [{"sysname": "open", "blob": "{'flags': 131649, 'mode': 384, 'filename': u'/data/data/com.chenjg.txtbrowser.yzya/shared_prefs/11.xml\\x00'}", "type": "SYSCALL", "id": 3001, "ts": 0}, {"sysname": "write", "xref": 3001, "ts": 0, "blob": "{'filename': u'/data/data/com.chenjg.txtbrowser.yzya/shared_prefs/11.xml'}", "type": "SYSCALL", "id": 3002}]}, {"tid": 327, "procname": "Thread-10", "class": "ACCESS PERSONAL INFO", "subclass": "PHONE", "low": [{"method_name": "com.android.internal.telephony.IPhoneSubInfo.getSubscriberId()()", "type": "BINDER", "id": 3543, "ts": 0}]}, {"tid": 327, "procname": "Thread-10", "class": "ACCESS PERSONAL INFO", "subclass": "PHONE", "low": [{"method_name": "com.android.internal.telephony.IPhoneSubInfo.getDeviceId()()", "type": "BINDER", "id": 3620, "ts": 0}]}, {"tid": 327, "procname": "Thread-10", "class": "FS ACCESS", "low": [{"sysname": "open", "blob": "{'flags': 131649, 'mode': 384, 'filename': u'/data/data/com.chenjg.txtbrowser.yzya/shared_prefs/0.xml\\x00'}", "type": "SYSCALL", "id": 3643, "ts": 0}, {"sysname": "write", "xref": 3643, "ts": 0, "blob": "{'filename': u'/data/data/com.chenjg.txtbrowser.yzya/shared_prefs/0.xml'}", "type": "SYSCALL", "id": 3661}]}, {"tid": 77, "procname": "ActivityManager", "class": "ACCESS PERSONAL INFO", "subclass": "SMS", "low": [{"recv by": "com.chenjg.txtbrowser.yzya", "intent": "android.provider.Telephony.SMS_RECEIVED", "type": "INTENT", "id": 3993, "ts": 0}]}, {"tid": 327, "procname": "Thread-10", "class": "NETWORK ACCESS", "subclass": "DNS", "low": [{"sysname": "connect", "blob": "{'host': '10.0.2.3', 'retval': 0, 'port': 53}", "type": "SYSCALL", "id": 4163, "ts": 0}, {"sysname": "sendto", "xref": 4163, "ts": 0, "blob": "{'query_data': 'b4.cookier.co.cc. 1 1'}", "type": "SYSCALL", "id": 4164}]}, {"tid": 327, "procname": "Thread-10", "class": "NETWORK ACCESS", "low": [{"sysname": "connect", "blob": "{'host': '::ffff:10.10.10.10', 'retval': -115, 'port': 8080}", "type": "SYSCALL", "id": 4185, "ts": 0}]}, {"tid": 117, "procname": "Binder Thread #", "class": "ACCESS PERSONAL INFO", "subclass": "SMS", "low": [{"recv by": "com.chenjg.txtbrowser.yzya", "intent": "android.provider.Telephony.SMS_RECEIVED", "type": "INTENT", "id": 4776, "ts": 0}]}, {"tid": 327, "procname": "Thread-10", "class": "FS ACCESS", "low": [{"sysname": "open", "blob": "{'flags': 131649, 'mode': 384, 'filename': u'/data/data/com.chenjg.txtbrowser.yzya/shared_prefs/11.xml\\x00'}", "type": "SYSCALL", "id": 4985, "ts": 0}, {"sysname": "write", "xref": 4985, "ts": 0, "blob": "{'filename': u'/data/data/com.chenjg.txtbrowser.yzya/shared_prefs/11.xml'}", "type": "SYSCALL", "id": 4986}]}, {"tid": 327, "procname": "Thread-10", "class": "FS ACCESS", "low": [{"sysname": "open", "blob": "{'flags': 131649, 'mode': 384, 'filename': u'/data/data/com.chenjg.txtbrowser.yzya/shared_prefs/11.xml\\x00'}", "type": "SYSCALL", "id": 4999, "ts": 0}, {"sysname": "write", "xref": 4999, "ts": 0, "blob": "{'filename': u'/data/data/com.chenjg.txtbrowser.yzya/shared_prefs/11.xml'}", "type": "SYSCALL", "id": 5000}]}, {"tid": 327, "procname": "Thread-10", "class": "FS ACCESS", "low": [{"sysname": "open", "blob": "{'flags': 131649, 'mode': 384, 'filename': u'/data/data/com.chenjg.txtbrowser.yzya/shared_prefs/11.xml\\x00'}", "type": "SYSCALL", "id": 5009, "ts": 0}, {"sysname": "write", "xref": 5009, "ts": 0, "blob": "{'filename': u'/data/data/com.chenjg.txtbrowser.yzya/shared_prefs/11.xml'}", "type": "SYSCALL", "id": 5019}]}, {"tid": 318, "procname": "txtbrowser.yzya", "class": "FS ACCESS", "low": [{"sysname": "open", "blob": "{'flags': 131649, 'mode': 384, 'filename': u'/data/data/com.chenjg.txtbrowser.yzya/shared_prefs/mobclick_agent_state_com.chenjg.txtbrowser.yzya.xml\\x00'}", "type": "SYSCALL", "id": 5114, "ts": 0}, {"sysname": "write", "xref": 5114, "ts": 0, "blob": "{'filename': u'/data/data/com.chenjg.txtbrowser.yzya/shared_prefs/mobclick_agent_state_com.chenjg.txtbrowser.yzya.xml'}", "type": "SYSCALL", "id": 5202}]}, {"tid": 332, "procname": "MobclickAgent", "class": "ACCESS PERSONAL INFO", "subclass": "PHONE", "low": [{"method_name": "com.android.internal.telephony.IPhoneSubInfo.getDeviceId()()", "type": "BINDER", "id": 5416, "ts": 0}]}, {"tid": 332, "procname": "MobclickAgent", "class": "FS ACCESS", "low": [{"sysname": "open", "blob": "{'flags': 131649, 'mode': 384, 'filename': u'/data/data/com.chenjg.txtbrowser.yzya/shared_prefs/mobclick_agent_header_com.chenjg.txtbrowser.yzya.xml\\x00'}", "type": "SYSCALL", "id": 5586, "ts": 0}, {"sysname": "write", "xref": 5586, "ts": 0, "blob": "{'filename': u'/data/data/com.chenjg.txtbrowser.yzya/shared_prefs/mobclick_agent_header_com.chenjg.txtbrowser.yzya.xml'}", "type": "SYSCALL", "id": 5587}]}, {"tid": 332, "procname": "MobclickAgent", "class": "NETWORK ACCESS", "subclass": "DNS", "low": [{"sysname": "connect", "blob": "{'host': '10.0.2.3', 'retval': 0, 'port': 53}", "type": "SYSCALL", "id": 6197, "ts": 0}, {"sysname": "sendto", "xref": 6197, "ts": 0, "blob": "{'query_data': 'www.umeng.com. 1 1'}", "type": "SYSCALL", "id": 6198}]}, {"tid": 332, "procname": "MobclickAgent", "class": "NETWORK ACCESS", "subclass": "HTTP", "low": [{"sysname": "connect", "blob": "{'host': '::ffff:211.151.139.246', 'retval': -115, 'port': 80}", "type": "SYSCALL", "id": 6278, "ts": 0}, {"sysname": "sendto", "xref": 6278, "ts": 0, "blob": "=POST+%2Fapp_logs+HTTP%2F1.1%0D%0AHost%3A+www.umeng.com%0D%0AConnection%3A+Keep-Alive%0D%0AContent-Length%3A+744%0D%0AContent-Type%3A+application%2Fx-www-form-urlencoded%0D%0A", "type": "SYSCALL", "id": 7151}, {"sysname": "sendto", "xref": 6278, "ts": 0, "blob": "=content%3D%257B%2522body%2522%253A%257B%2522launch%2522%253A%255B%257B%2522date%2522%253A%25222012-07-25%2522%252C%2522time%2522%253A%252208%253A55%253A12%2522%252C%2522session_id%2522%253A%25224cfde5dd3ea7a329b900aec31343206512057%2522%257D%255D%257D%252C%2522header%2522%253A%257B%2522os%2522%253A%2522Android%2522%252C%2522appkey%2522%253A%25224cfde5dd3ea7a329b900aec3%2522%252C%2522sdk_version%2522%253A%25221.5%2522%252C%2522app_version%2522%253A%25221.2%2522%252C%2522lng%2522%253A0%252C%2522device_id%2522%253A%2522000000000000000%2522%252C%2522resolution%2522%253A%2522320%2A480%2522%252C%2522access%2522%253A%25222G%255C%252F3G%2522%252C%2522country%2522%253A%2522Unknown%2522%252C%2522os_version%2522%253A%25222.2.3%2522%252C%2522device_model%2522%253A%2522generic%2522%252C%2522timezone%2522%253A8%252C%2522sdk_type%2522%253A%2522Android%2522%252C%2522carrier%2522%253A%2522Android%2522%252C%2522language%2522%253A%2522Unknown%2522%252C%2522channel%2522%253A%2522Unknown%2522%252C%2522lat%2522%253A0%257D%257D", "type": "SYSCALL", "id": 7157}]}, {"tid": 334, "procname": "Thread-15", "class": "NETWORK ACCESS", "low": [{"sysname": "connect", "blob": "{'host': '::ffff:10.10.10.10', 'retval': -115, 'port': 8080}", "type": "SYSCALL", "id": 6744, "ts": 0}]}, {"tid": 335, "procname": "dexopt", "class": "FS ACCESS", "low": [{"sysname": "open", "blob": "{'flags': 131138, 'mode': 420, 'filename': u'/data/data/com.chenjg.txtbrowser.yzya/files/com.chenjg.txtbrowser.yzya-1.dex\\x00'}", "type": "SYSCALL", "id": 7297, "ts": 0}, {"sysname": "write", "xref": 7297, "ts": 0, "blob": "{'filename': u'/data/data/com.chenjg.txtbrowser.yzya/files/com.chenjg.txtbrowser.yzya-1.dex'}", "type": "SYSCALL", "id": 7301}, {"sysname": "write", "xref": 7297, "ts": 0, "blob": "{'filename': u'/data/data/com.chenjg.txtbrowser.yzya/files/com.chenjg.txtbrowser.yzya-1.dex'}", "type": "SYSCALL", "id": 7306}, {"sysname": "write", "xref": 7297, "ts": 0, "blob": "{'filename': u'/data/data/com.chenjg.txtbrowser.yzya/files/com.chenjg.txtbrowser.yzya-1.dex'}", "type": "SYSCALL", "id": 7309}, {"sysname": "write", "xref": 7297, "ts": 0, "blob": "{'filename': u'/data/data/com.chenjg.txtbrowser.yzya/files/com.chenjg.txtbrowser.yzya-1.dex'}", "type": "SYSCALL", "id": 7312}, {"sysname": "write", "xref": 7297, "ts": 0, "blob": "{'filename': u'/data/data/com.chenjg.txtbrowser.yzya/files/com.chenjg.txtbrowser.yzya-1.dex'}", "type": "SYSCALL", "id": 7313}, {"sysname": "write", "xref": 7297, "ts": 0, "blob": "{'filename': u'/data/data/com.chenjg.txtbrowser.yzya/files/com.chenjg.txtbrowser.yzya-1.dex'}", "type": "SYSCALL", "id": 7314}, {"sysname": "write", "xref": 7297, "ts": 0, "blob": "{'filename': u'/data/data/com.chenjg.txtbrowser.yzya/files/com.chenjg.txtbrowser.yzya-1.dex'}", "type": "SYSCALL", "id": 7315}, {"sysname": "write", "xref": 7297, "ts": 0, "blob": "{'filename': u'/data/data/com.chenjg.txtbrowser.yzya/files/com.chenjg.txtbrowser.yzya-1.dex'}", "type": "SYSCALL", "id": 7316}, {"sysname": "write", "xref": 7297, "ts": 0, "blob": "{'filename': u'/data/data/com.chenjg.txtbrowser.yzya/files/com.chenjg.txtbrowser.yzya-1.dex'}", "type": "SYSCALL", "id": 7317}, {"sysname": "write", "xref": 7297, "ts": 0, "blob": "{'filename': u'/data/data/com.chenjg.txtbrowser.yzya/files/com.chenjg.txtbrowser.yzya-1.dex'}", "type": "SYSCALL", "id": 7318}, {"sysname": "write", "xref": 7297, "ts": 0, "blob": "{'filename': u'/data/data/com.chenjg.txtbrowser.yzya/files/com.chenjg.txtbrowser.yzya-1.dex'}", "type": "SYSCALL", "id": 7319}, {"sysname": "write", "xref": 7297, "ts": 0, "blob": "{'filename': u'/data/data/com.chenjg.txtbrowser.yzya/files/com.chenjg.txtbrowser.yzya-1.dex'}", "type": "SYSCALL", "id": 8070}, {"sysname": "write", "xref": 7297, "ts": 0, "blob": "{'filename': u'/data/data/com.chenjg.txtbrowser.yzya/files/com.chenjg.txtbrowser.yzya-1.dex'}", "type": "SYSCALL", "id": 8073}, {"sysname": "write", "xref": 7297, "ts": 0, "blob": "{'filename': u'/data/data/com.chenjg.txtbrowser.yzya/files/com.chenjg.txtbrowser.yzya-1.dex'}", "type": "SYSCALL", "id": 8074}, {"sysname": "write", "xref": 7297, "ts": 0, "blob": "{'filename': u'/data/data/com.chenjg.txtbrowser.yzya/files/com.chenjg.txtbrowser.yzya-1.dex'}", "type": "SYSCALL", "id": 8075}, {"sysname": "write", "xref": 7297, "ts": 0, "blob": "{'filename': u'/data/data/com.chenjg.txtbrowser.yzya/files/com.chenjg.txtbrowser.yzya-1.dex'}", "type": "SYSCALL", "id": 8080}]}, {"tid": 335, "procname": "txtbrowser.yzya", "class": "EXECUTE", "low": [{"sysname": "execve", "blob": {"executed_file": "/system/bin/dexopt", "args": "[]", "retval": 0}, "type": "SYSCALL", "id": 7333, "ts": 0}]}, {"tid": 334, "procname": "Thread-15", "class": "FS ACCESS", "low": [{"sysname": "open", "blob": "{'flags': 131649, 'mode': 384, 'filename': u'/data/data/com.chenjg.txtbrowser.yzya/shared_prefs/11.xml\\x00'}", "type": "SYSCALL", "id": 8248, "ts": 0}, {"sysname": "write", "xref": 8248, "ts": 0, "blob": "{'filename': u'/data/data/com.chenjg.txtbrowser.yzya/shared_prefs/11.xml'}", "type": "SYSCALL", "id": 8261}]}, {"tid": 337, "procname": "Thread-17", "class": "NETWORK ACCESS", "low": [{"sysname": "connect", "blob": "{'host': '::ffff:10.10.10.10', 'retval': -115, 'port': 8080}", "type": "SYSCALL", "id": 9152, "ts": 0}]}, {"tid": 332, "procname": "MobclickAgent", "class": "FS ACCESS", "low": [{"sysname": "open", "blob": "{'flags': 131649, 'mode': 384, 'filename': u'/data/data/com.chenjg.txtbrowser.yzya/files/mobclick_agent_cached_com.chenjg.txtbrowser.yzya\\x00'}", "type": "SYSCALL", "id": 10122, "ts": 0}, {"sysname": "write", "xref": 10122, "ts": 0, "blob": "{'filename': u'/data/data/com.chenjg.txtbrowser.yzya/files/mobclick_agent_cached_com.chenjg.txtbrowser.yzya'}", "type": "SYSCALL", "id": 10156}]}, {"tid": 337, "procname": "Thread-17", "class": "FS ACCESS", "low": [{"sysname": "open", "blob": "{'flags': 131649, 'mode': 384, 'filename': u'/data/data/com.chenjg.txtbrowser.yzya/shared_prefs/11.xml\\x00'}", "type": "SYSCALL", "id": 10375, "ts": 0}, {"sysname": "write", "xref": 10375, "ts": 0, "blob": "{'filename': u'/data/data/com.chenjg.txtbrowser.yzya/shared_prefs/11.xml'}", "type": "SYSCALL", "id": 10377}]}, {"tid": 338, "procname": "Thread-18", "class": "ACCESS PERSONAL INFO", "subclass": "PHONE", "low": [{"method_name": "com.android.internal.telephony.IPhoneSubInfo.getDeviceId()()", "type": "BINDER", "id": 10577, "ts": 0}]}, {"tid": 338, "procname": "Thread-18", "class": "ACCESS PERSONAL INFO", "subclass": "PHONE", "low": [{"method_name": "com.android.internal.telephony.ITelephony.TRANSACTION_getNetworkType()", "type": "BINDER", "id": 10589, "ts": 0}]}, {"tid": 338, "procname": "Thread-18", "class": "NETWORK ACCESS", "subclass": "DNS", "low": [{"sysname": "connect", "blob": "{'host': '10.0.2.3', 'retval': 0, 'port': 53}", "type": "SYSCALL", "id": 10652, "ts": 0}, {"sysname": "sendto", "xref": 10652, "ts": 0, "blob": "{'query_data': 'd.wiyun.com. 1 1'}", "type": "SYSCALL", "id": 10665}]}, {"tid": 338, "procname": "Thread-18", "class": "NETWORK ACCESS", "subclass": "HTTP", "low": [{"sysname": "connect", "blob": "{'host': '::ffff:119.254.87.201', 'retval': -115, 'port': 80}", "type": "SYSCALL", "id": 10692, "ts": 0}, {"sysname": "sendto", "xref": 10692, "ts": 0, "blob": "=GET+%2Fadv%2Fd%3Ft%3D1343206556291%26a%3D843%26r%3D29048ac5c3060c0c%26s%3D1.0.8%26h%3D320%26w%3D480%26o%3DAndroid%2BEmulator%26v%3D2.2.3%26b%3Dgeneric%26m%3Dgeneric%26u%3D000000000000000%26n%3D3%26f%3D0%26l%3Den%26c%3D31260%26mm%3D%2A%252F%2A%26e%3D1+HTTP%2F1.1%0D%0AHost%3A+d.wiyun.com%0D%0AUser-Agent%3A+Mozilla%2F5.0+%28Linux%3B+U%3B+Android+2.2.3%3B+en-us%3B+generic%29+AppleWebKit%2F525.10%2B+%28KHTML%2C+like+Gecko%29+Version%2F3.0.4+Mobile+Safari%2F523.12.2%0D%0AConnection%3A+Keep-Alive%0D%0A", "type": "SYSCALL", "id": 10999}]}, {"tid": 338, "procname": "Thread-18", "class": "FS ACCESS", "low": [{"sysname": "open", "blob": "{'flags': 131649, 'mode': 384, 'filename': u'/data/data/com.chenjg.txtbrowser.yzya/cache/wiyun_last_ad_json\\x00'}", "type": "SYSCALL", "id": 11237, "ts": 0}, {"sysname": "write", "xref": 11237, "ts": 0, "blob": "{'filename': u'/data/data/com.chenjg.txtbrowser.yzya/cache/wiyun_last_ad_json'}", "type": "SYSCALL", "id": 11238}]}, {"tid": 340, "procname": "txtbrowser.yzya", "class": "EXECUTE", "low": [{"sysname": "execve", "blob": {"executed_file": "/system/bin/sh", "args": "[]", "retval": 0}, "type": "SYSCALL", "id": 11332, "ts": 0}]}, {"tid": 341, "procname": "Thread-20", "class": "FS ACCESS", "low": [{"sysname": "open", "blob": "{'flags': 131649, 'mode': 384, 'filename': u'/data/data/com.chenjg.txtbrowser.yzya/shared_prefs/210.xml\\x00'}", "type": "SYSCALL", "id": 11933, "ts": 0}, {"sysname": "write", "xref": 11933, "ts": 0, "blob": "{'filename': u'/data/data/com.chenjg.txtbrowser.yzya/shared_prefs/210.xml'}", "type": "SYSCALL", "id": 11946}]}, {"tid": 318, "procname": "txtbrowser.yzya", "class": "FS ACCESS", "low": [{"sysname": "open", "blob": "{'flags': 131649, 'mode': 384, 'filename': u'/data/data/com.chenjg.txtbrowser.yzya/shared_prefs/0.xml\\x00'}", "type": "SYSCALL", "id": 11945, "ts": 0}, {"sysname": "write", "xref": 11945, "ts": 0, "blob": "{'filename': u'/data/data/com.chenjg.txtbrowser.yzya/shared_prefs/0.xml'}", "type": "SYSCALL", "id": 11973}]}, {"tid": 341, "procname": "Thread-20", "class": "FS ACCESS", "low": [{"sysname": "open", "blob": "{'flags': 131649, 'mode': 384, 'filename': u'/data/data/com.chenjg.txtbrowser.yzya/shared_prefs/210.xml\\x00'}", "type": "SYSCALL", "id": 11954, "ts": 0}, {"sysname": "write", "xref": 11954, "ts": 0, "blob": "{'filename': u'/data/data/com.chenjg.txtbrowser.yzya/shared_prefs/210.xml'}", "type": "SYSCALL", "id": 11955}]}, {"tid": 341, "procname": "Thread-20", "class": "FS ACCESS", "low": [{"sysname": "open", "blob": "{'flags': 131649, 'mode': 384, 'filename': u'/data/data/com.chenjg.txtbrowser.yzya/shared_prefs/210.xml\\x00'}", "type": "SYSCALL", "id": 11964, "ts": 0}, {"sysname": "write", "xref": 11964, "ts": 0, "blob": "{'filename': u'/data/data/com.chenjg.txtbrowser.yzya/shared_prefs/210.xml'}", "type": "SYSCALL", "id": 11972}]}, {"tid": 343, "procname": "txtbrowser.yzya", "class": "EXECUTE", "low": [{"sysname": "execve", "blob": {"executed_file": "/system/bin/sh", "args": "[]", "retval": 0}, "type": "SYSCALL", "id": 12047, "ts": 0}]}, {"tid": 342, "procname": "Thread-21", "class": "ACCESS PERSONAL INFO", "subclass": "PHONE", "low": [{"method_name": "com.android.internal.telephony.IPhoneSubInfo.getSubscriberId()()", "type": "BINDER", "id": 12230, "ts": 0}]}, {"tid": 342, "procname": "Thread-21", "class": "NETWORK ACCESS", "low": [{"sysname": "connect", "blob": "{'host': '::ffff:10.10.10.10', 'retval': -115, 'port': 8080}", "type": "SYSCALL", "id": 13001, "ts": 0}]}, {"tid": 318, "procname": "txtbrowser.yzya", "class": "FS ACCESS", "low": [{"sysname": "open", "blob": "{'flags': 131649, 'mode': 384, 'filename': u'/data/data/com.chenjg.txtbrowser.yzya/shared_prefs/210.xml\\x00'}", "type": "SYSCALL", "id": 13013, "ts": 0}, {"sysname": "write", "xref": 13013, "ts": 0, "blob": "{'filename': u'/data/data/com.chenjg.txtbrowser.yzya/shared_prefs/210.xml'}", "type": "SYSCALL", "id": 13016}]}, {"tid": 318, "procname": "txtbrowser.yzya", "class": "FS ACCESS", "low": [{"sysname": "open", "blob": "{'flags': 131649, 'mode': 384, 'filename': u'/data/data/com.chenjg.txtbrowser.yzya/shared_prefs/0.xml\\x00'}", "type": "SYSCALL", "id": 13027, "ts": 0}, {"sysname": "write", "xref": 13027, "ts": 0, "blob": "{'filename': u'/data/data/com.chenjg.txtbrowser.yzya/shared_prefs/0.xml'}", "type": "SYSCALL", "id": 13028}]}, {"tid": 344, "procname": "txtbrowser.yzya", "class": "EXECUTE", "low": [{"sysname": "execve", "blob": {"executed_file": "/system/bin/sh", "args": "[]", "retval": 0}, "type": "SYSCALL", "id": 13074, "ts": 0}]}, {"tid": 318, "procname": "txtbrowser.yzya", "class": "FS ACCESS", "low": [{"sysname": "open", "blob": "{'flags': 131649, 'mode': 384, 'filename': u'/data/data/com.chenjg.txtbrowser.yzya/shared_prefs/0.xml\\x00'}", "type": "SYSCALL", "id": 13697, "ts": 0}, {"sysname": "write", "xref": 13697, "ts": 0, "blob": "{'filename': u'/data/data/com.chenjg.txtbrowser.yzya/shared_prefs/0.xml'}", "type": "SYSCALL", "id": 13702}]}, {"tid": 318, "procname": "txtbrowser.yzya", "class": "FS ACCESS", "low": [{"sysname": "open", "blob": "{'flags': 131649, 'mode': 384, 'filename': u'/data/data/com.chenjg.txtbrowser.yzya/shared_prefs/mobclick_agent_state_com.chenjg.txtbrowser.yzya.xml\\x00'}", "type": "SYSCALL", "id": 13844, "ts": 0}, {"sysname": "write", "xref": 13844, "ts": 0, "blob": "{'filename': u'/data/data/com.chenjg.txtbrowser.yzya/shared_prefs/mobclick_agent_state_com.chenjg.txtbrowser.yzya.xml'}", "type": "SYSCALL", "id": 13849}]}, {"tid": 345, "procname": "txtbrowser.yzya", "class": "EXECUTE", "low": [{"sysname": "execve", "blob": {"executed_file": "/system/bin/sh", "args": "[]", "retval": 0}, "type": "SYSCALL", "id": 13894, "ts": 0}]}, {"tid": 342, "procname": "Thread-21", "class": "FS ACCESS", "low": [{"sysname": "open", "blob": "{'flags': 131649, 'mode': 384, 'filename': u'/data/data/com.chenjg.txtbrowser.yzya/shared_prefs/21.xml\\x00'}", "type": "SYSCALL", "id": 14351, "ts": 0}, {"sysname": "write", "xref": 14351, "ts": 0, "blob": "{'filename': u'/data/data/com.chenjg.txtbrowser.yzya/shared_prefs/21.xml'}", "type": "SYSCALL", "id": 14368}]}, {"tid": 342, "procname": "Thread-21", "class": "FS ACCESS", "low": [{"sysname": "open", "blob": "{'flags': 131649, 'mode': 384, 'filename': u'/data/data/com.chenjg.txtbrowser.yzya/shared_prefs/21.xml\\x00'}", "type": "SYSCALL", "id": 14392, "ts": 0}, {"sysname": "write", "xref": 14392, "ts": 0, "blob": "{'filename': u'/data/data/com.chenjg.txtbrowser.yzya/shared_prefs/21.xml'}", "type": "SYSCALL", "id": 14411}]}, {"tid": 342, "procname": "Thread-21", "class": "FS ACCESS", "low": [{"sysname": "open", "blob": "{'flags': 131649, 'mode': 384, 'filename': u'/data/data/com.chenjg.txtbrowser.yzya/shared_prefs/210.xml\\x00'}", "type": "SYSCALL", "id": 14433, "ts": 0}, {"sysname": "write", "xref": 14433, "ts": 0, "blob": "{'filename': u'/data/data/com.chenjg.txtbrowser.yzya/shared_prefs/210.xml'}", "type": "SYSCALL", "id": 14525}]}, {"tid": 318, "procname": "txtbrowser.yzya", "class": "FS ACCESS", "low": [{"sysname": "open", "blob": "{'flags': 131649, 'mode': 384, 'filename': u'/data/data/com.chenjg.txtbrowser.yzya/shared_prefs/0.xml\\x00'}", "type": "SYSCALL", "id": 14932, "ts": 0}, {"sysname": "write", "xref": 14932, "ts": 0, "blob": "{'filename': u'/data/data/com.chenjg.txtbrowser.yzya/shared_prefs/0.xml'}", "type": "SYSCALL", "id": 14933}]}, {"tid": 346, "procname": "Thread-22", "class": "ACCESS PERSONAL INFO", "subclass": "PHONE", "low": [{"method_name": "com.android.internal.telephony.ITelephony.TRANSACTION_getNetworkType()", "type": "BINDER", "id": 15113, "ts": 0}]}, {"tid": 346, "procname": "Thread-22", "class": "NETWORK ACCESS", "subclass": "HTTP", "low": [{"sysname": "connect", "blob": "{'host': '::ffff:119.254.87.201', 'retval': -115, 'port': 80}", "type": "SYSCALL", "id": 15169, "ts": 0}, {"sysname": "sendto", "xref": 15169, "ts": 0, "blob": "=GET+%2Fadv%2Fd%3Ft%3D1343206587331%26a%3D843%26r%3D29048ac5c3060c0c%26s%3D1.0.8%26h%3D320%26w%3D480%26o%3DAndroid%2BEmulator%26v%3D2.2.3%26b%3Dgeneric%26m%3Dgeneric%26u%3D000000000000000%26n%3D3%26f%3D0%26l%3Den%26c%3D31260%26mm%3D%2A%252F%2A+HTTP%2F1.1%0D%0AHost%3A+d.wiyun.com%0D%0AUser-Agent%3A+Mozilla%2F5.0+%28Linux%3B+U%3B+Android+2.2.3%3B+en-us%3B+generic%29+AppleWebKit%2F525.10%2B+%28KHTML%2C+like+Gecko%29+Version%2F3.0.4+Mobile+Safari%2F523.12.2%0D%0AConnection%3A+Keep-Alive%0D%0A", "type": "SYSCALL", "id": 15185}]}, {"tid": 346, "procname": "Thread-22", "class": "FS ACCESS", "low": [{"sysname": "open", "blob": "{'flags': 131649, 'mode': 384, 'filename': u'/data/data/com.chenjg.txtbrowser.yzya/cache/wiyun_last_ad_json\\x00'}", "type": "SYSCALL", "id": 15230, "ts": 0}, {"sysname": "write", "xref": 15230, "ts": 0, "blob": "{'filename': u'/data/data/com.chenjg.txtbrowser.yzya/cache/wiyun_last_ad_json'}", "type": "SYSCALL", "id": 15237}]}, {"tid": 355, "procname": "Thread-25", "class": "ACCESS PERSONAL INFO", "subclass": "PHONE", "low": [{"method_name": "com.android.internal.telephony.ITelephony.TRANSACTION_getNetworkType()", "type": "BINDER", "id": 16268, "ts": 0}]}, {"tid": 355, "procname": "Thread-25", "class": "NETWORK ACCESS", "subclass": "HTTP", "low": [{"sysname": "connect", "blob": "{'host': '::ffff:119.254.87.201', 'retval': -115, 'port': 80}", "type": "SYSCALL", "id": 16330, "ts": 0}, {"sysname": "sendto", "xref": 16330, "ts": 0, "blob": "=GET+%2Fadv%2Fd%3Ft%3D1343206600879%26a%3D843%26r%3D29048ac5c3060c0c%26s%3D1.0.8%26h%3D320%26w%3D480%26o%3DAndroid%2BEmulator%26v%3D2.2.3%26b%3Dgeneric%26m%3Dgeneric%26u%3D000000000000000%26n%3D3%26f%3D0%26l%3Den%26c%3D31260%26mm%3D%2A%252F%2A+HTTP%2F1.1%0D%0AHost%3A+d.wiyun.com%0D%0AUser-Agent%3A+Mozilla%2F5.0+%28Linux%3B+U%3B+Android+2.2.3%3B+en-us%3B+generic%29+AppleWebKit%2F525.10%2B+%28KHTML%2C+like+Gecko%29+Version%2F3.0.4+Mobile+Safari%2F523.12.2%0D%0AConnection%3A+Keep-Alive%0D%0A", "type": "SYSCALL", "id": 16342}]}, {"tid": 355, "procname": "Thread-25", "class": "FS ACCESS", "low": [{"sysname": "open", "blob": "{'flags': 131649, 'mode': 384, 'filename': u'/data/data/com.chenjg.txtbrowser.yzya/cache/wiyun_last_ad_json\\x00'}", "type": "SYSCALL", "id": 16348, "ts": 0}, {"sysname": "write", "xref": 16348, "ts": 0, "blob": "{'filename': u'/data/data/com.chenjg.txtbrowser.yzya/cache/wiyun_last_ad_json'}", "type": "SYSCALL", "id": 16349}]}, {"tid": 349, "procname": "d.process.acore", "class": "ACCESS PERSONAL INFO", "subclass": "ACCOUNT", "low": [{"method_name": "android.accounts.IAccountManager.TRANSACTION_getAccounts()", "type": "BINDER", "id": 16827, "ts": 0}]}, {"tid": 354, "procname": "Binder Thread #", "class": "ACCESS PERSONAL INFO", "subclass": "ACCOUNT", "low": [{"method_name": "android.accounts.IAccountManager.TRANSACTION_getAccountsByFeatures()", "type": "BINDER", "id": 17439, "ts": 0}]}]}}, "userid": "joystick", "country": "UNAVAILABLE", "date_end": "N/A", "date_start": "N/A", "date_submitted": "2012-11-19 17:59:15", "static": "/copperdroid/reports//AnserverBot_genome_stimulated/039a4ca2b21250b6aa23754f6143411b0edaeec3.apk.log", "submitter_ip": "127.0.0.1", "pcap": "/copperdroid/reports//AnserverBot_genome_stimulated/039a4ca2b21250b6aa23754f6143411b0edaeec3.apk.pcap", "md5": "e0a7a8be9ebbb4063df0952109fdf71e"}