{"behaviors": {"static": {}, "dynamic": {"host": [{"tid": 77, "procname": "ActivityManager", "class": "ACCESS PERSONAL INFO", "subclass": "SMS", "low": [{"recv by": "com.keji.danti562", "intent": "android.provider.Telephony.SMS_RECEIVED", "type": "INTENT", "id": 2026, "ts": 0}]}, {"tid": 155, "procname": "Binder Thread #", "class": "ACCESS PERSONAL INFO", "subclass": "SMS", "low": [{"recv by": "com.keji.danti562", "intent": "android.provider.Telephony.SMS_RECEIVED", "type": "INTENT", "id": 2032, "ts": 0}]}]}}, "userid": "joystick", "country": "UNAVAILABLE", "date_end": "N/A", "date_start": "N/A", "date_submitted": "2012-11-19 17:56:52", "static": "/copperdroid/reports//AnserverBot_genome_stimulated/041a4396669b79e9e3c2d01dbb9b9e72668524b1.apk.log", "submitter_ip": "127.0.0.1", "pcap": "/copperdroid/reports//AnserverBot_genome_stimulated/041a4396669b79e9e3c2d01dbb9b9e72668524b1.apk.pcap", "md5": "09543abb894b7009ee509d978cb35b85"}