{"behaviors": {"static": {}, "dynamic": {"host": [{"tid": 77, "procname": "ActivityManager", "class": "ACCESS PERSONAL INFO", "subclass": "SMS", "low": [{"recv by": "com.keji.danti629", "intent": "android.provider.Telephony.SMS_RECEIVED", "type": "INTENT", "id": 2636, "ts": 0}]}, {"tid": 70, "procname": "Binder Thread #", "class": "ACCESS PERSONAL INFO", "subclass": "SMS", "low": [{"recv by": "com.keji.danti629", "intent": "android.provider.Telephony.SMS_RECEIVED", "type": "INTENT", "id": 2642, "ts": 0}]}]}}, "userid": "joystick", "country": "UNAVAILABLE", "date_end": "N/A", "date_start": "N/A", "date_submitted": "2012-11-19 17:48:24", "static": "/copperdroid/reports//AnserverBot_genome_stimulated/0495a2b12fd7aa45a60f046e31f6d82210c864a6.apk.log", "submitter_ip": "127.0.0.1", "pcap": "/copperdroid/reports//AnserverBot_genome_stimulated/0495a2b12fd7aa45a60f046e31f6d82210c864a6.apk.pcap", "md5": "96c80cdb31f265628f350976259000f4"}