{"behaviors": {"static": {}, "dynamic": {"host": [{"tid": 318, "procname": "eader.zheyang58", "class": "FS ACCESS", "low": [{"sysname": "open", "blob": "{'flags': 131138, 'mode': 420, 'filename': u'/data/data/com.cdjm.reader.zheyang58/databases/config.db\\x00'}", "type": "SYSCALL", "id": 1693, "ts": 0}, {"sysname": "write", "xref": 1693, "ts": 0, "blob": "{'filename': u'/data/data/com.cdjm.reader.zheyang58/databases/config.db'}", "type": "SYSCALL", "id": 1754}, {"sysname": "write", "xref": 1693, "ts": 0, "blob": "{'filename': u'/data/data/com.cdjm.reader.zheyang58/databases/config.db'}", "type": "SYSCALL", "id": 1756}, {"sysname": "write", "xref": 1693, "ts": 0, "blob": "{'filename': u'/data/data/com.cdjm.reader.zheyang58/databases/config.db'}", "type": "SYSCALL", "id": 1758}, {"sysname": "write", "xref": 1693, "ts": 0, "blob": "{'filename': u'/data/data/com.cdjm.reader.zheyang58/databases/config.db'}", "type": "SYSCALL", "id": 1813}, {"sysname": "write", "xref": 1693, "ts": 0, "blob": "{'filename': u'/data/data/com.cdjm.reader.zheyang58/databases/config.db'}", "type": "SYSCALL", "id": 1815}, {"sysname": "write", "xref": 1693, "ts": 0, "blob": "{'filename': u'/data/data/com.cdjm.reader.zheyang58/databases/config.db'}", "type": "SYSCALL", "id": 1876}, {"sysname": "write", "xref": 1693, "ts": 0, "blob": "{'filename': u'/data/data/com.cdjm.reader.zheyang58/databases/config.db'}", "type": "SYSCALL", "id": 1878}, {"sysname": "write", "xref": 1693, "ts": 0, "blob": "{'filename': u'/data/data/com.cdjm.reader.zheyang58/databases/config.db'}", "type": "SYSCALL", "id": 1880}, {"sysname": "write", "xref": 1693, "ts": 0, "blob": "{'filename': u'/data/data/com.cdjm.reader.zheyang58/databases/config.db'}", "type": "SYSCALL", "id": 1882}, {"sysname": "write", "xref": 1693, "ts": 0, "blob": "{'filename': u'/data/data/com.cdjm.reader.zheyang58/databases/config.db'}", "type": "SYSCALL", "id": 1926}]}, {"tid": 318, "procname": "eader.zheyang58", "class": "FS ACCESS", "low": [{"sysname": "open", "blob": "{'flags': 131649, 'mode': 384, 'filename': u'/data/data/com.cdjm.reader.zheyang58/files/mybook.epub\\x00'}", "type": "SYSCALL", "id": 1971, "ts": 0}, {"sysname": "write", "xref": 1971, "ts": 0, "blob": "{'filename': u'/data/data/com.cdjm.reader.zheyang58/files/mybook.epub'}", "type": "SYSCALL", "id": 1973}, {"sysname": "write", "xref": 1971, "ts": 0, "blob": "{'filename': u'/data/data/com.cdjm.reader.zheyang58/files/mybook.epub'}", "type": "SYSCALL", "id": 1974}, {"sysname": "write", "xref": 1971, "ts": 0, "blob": "{'filename': u'/data/data/com.cdjm.reader.zheyang58/files/mybook.epub'}", "type": "SYSCALL", "id": 1975}, {"sysname": "write", "xref": 1971, "ts": 0, "blob": "{'filename': u'/data/data/com.cdjm.reader.zheyang58/files/mybook.epub'}", "type": "SYSCALL", "id": 1976}, {"sysname": "write", "xref": 1971, "ts": 0, "blob": "{'filename': u'/data/data/com.cdjm.reader.zheyang58/files/mybook.epub'}", "type": "SYSCALL", "id": 1977}, {"sysname": "write", "xref": 1971, "ts": 0, "blob": "{'filename': u'/data/data/com.cdjm.reader.zheyang58/files/mybook.epub'}", "type": "SYSCALL", "id": 1978}, {"sysname": "write", "xref": 1971, "ts": 0, "blob": "{'filename': u'/data/data/com.cdjm.reader.zheyang58/files/mybook.epub'}", "type": "SYSCALL", "id": 1979}, {"sysname": "write", "xref": 1971, "ts": 0, "blob": "{'filename': u'/data/data/com.cdjm.reader.zheyang58/files/mybook.epub'}", "type": "SYSCALL", "id": 1980}, {"sysname": "write", "xref": 1971, "ts": 0, "blob": "{'filename': u'/data/data/com.cdjm.reader.zheyang58/files/mybook.epub'}", "type": "SYSCALL", "id": 1981}, {"sysname": "write", "xref": 1971, "ts": 0, "blob": "{'filename': u'/data/data/com.cdjm.reader.zheyang58/files/mybook.epub'}", "type": "SYSCALL", "id": 1982}, {"sysname": "write", "xref": 1971, "ts": 0, "blob": "{'filename': u'/data/data/com.cdjm.reader.zheyang58/files/mybook.epub'}", "type": "SYSCALL", "id": 1983}, {"sysname": "write", "xref": 1971, "ts": 0, "blob": "{'filename': u'/data/data/com.cdjm.reader.zheyang58/files/mybook.epub'}", "type": "SYSCALL", "id": 1984}, {"sysname": "write", "xref": 1971, "ts": 0, "blob": "{'filename': u'/data/data/com.cdjm.reader.zheyang58/files/mybook.epub'}", "type": "SYSCALL", "id": 1985}, {"sysname": "write", "xref": 1971, "ts": 0, "blob": "{'filename': u'/data/data/com.cdjm.reader.zheyang58/files/mybook.epub'}", "type": "SYSCALL", "id": 1986}, {"sysname": "write", "xref": 1971, "ts": 0, "blob": "{'filename': u'/data/data/com.cdjm.reader.zheyang58/files/mybook.epub'}", "type": "SYSCALL", "id": 1987}, {"sysname": "write", "xref": 1971, "ts": 0, "blob": "{'filename': u'/data/data/com.cdjm.reader.zheyang58/files/mybook.epub'}", "type": "SYSCALL", "id": 1988}, {"sysname": "write", "xref": 1971, "ts": 0, "blob": "{'filename': u'/data/data/com.cdjm.reader.zheyang58/files/mybook.epub'}", "type": "SYSCALL", "id": 1989}, {"sysname": "write", "xref": 1971, "ts": 0, "blob": "{'filename': u'/data/data/com.cdjm.reader.zheyang58/files/mybook.epub'}", "type": "SYSCALL", "id": 1990}, {"sysname": "write", "xref": 1971, "ts": 0, "blob": "{'filename': u'/data/data/com.cdjm.reader.zheyang58/files/mybook.epub'}", "type": "SYSCALL", "id": 1991}, {"sysname": "write", "xref": 1971, "ts": 0, "blob": "{'filename': u'/data/data/com.cdjm.reader.zheyang58/files/mybook.epub'}", "type": "SYSCALL", "id": 1992}, {"sysname": "write", "xref": 1971, "ts": 0, "blob": "{'filename': u'/data/data/com.cdjm.reader.zheyang58/files/mybook.epub'}", "type": "SYSCALL", "id": 1993}, {"sysname": "write", "xref": 1971, "ts": 0, "blob": "{'filename': u'/data/data/com.cdjm.reader.zheyang58/files/mybook.epub'}", "type": "SYSCALL", "id": 1994}, {"sysname": "write", "xref": 1971, "ts": 0, "blob": "{'filename': u'/data/data/com.cdjm.reader.zheyang58/files/mybook.epub'}", "type": "SYSCALL", "id": 1995}, {"sysname": "write", "xref": 1971, "ts": 0, "blob": "{'filename': u'/data/data/com.cdjm.reader.zheyang58/files/mybook.epub'}", "type": "SYSCALL", "id": 1996}, {"sysname": "write", "xref": 1971, "ts": 0, "blob": "{'filename': u'/data/data/com.cdjm.reader.zheyang58/files/mybook.epub'}", "type": "SYSCALL", "id": 1997}, {"sysname": "write", "xref": 1971, "ts": 0, "blob": "{'filename': u'/data/data/com.cdjm.reader.zheyang58/files/mybook.epub'}", "type": "SYSCALL", "id": 1998}, {"sysname": "write", "xref": 1971, "ts": 0, "blob": "{'filename': u'/data/data/com.cdjm.reader.zheyang58/files/mybook.epub'}", "type": "SYSCALL", "id": 1999}, {"sysname": "write", "xref": 1971, "ts": 0, "blob": "{'filename': u'/data/data/com.cdjm.reader.zheyang58/files/mybook.epub'}", "type": "SYSCALL", "id": 2000}, {"sysname": "write", "xref": 1971, "ts": 0, "blob": "{'filename': u'/data/data/com.cdjm.reader.zheyang58/files/mybook.epub'}", "type": "SYSCALL", "id": 2001}, {"sysname": "write", "xref": 1971, "ts": 0, "blob": "{'filename': u'/data/data/com.cdjm.reader.zheyang58/files/mybook.epub'}", "type": "SYSCALL", "id": 2002}, {"sysname": "write", "xref": 1971, "ts": 0, "blob": "{'filename': u'/data/data/com.cdjm.reader.zheyang58/files/mybook.epub'}", "type": "SYSCALL", "id": 2003}, {"sysname": "write", "xref": 1971, "ts": 0, "blob": "{'filename': u'/data/data/com.cdjm.reader.zheyang58/files/mybook.epub'}", "type": "SYSCALL", "id": 2004}, {"sysname": "write", "xref": 1971, "ts": 0, "blob": "{'filename': u'/data/data/com.cdjm.reader.zheyang58/files/mybook.epub'}", "type": "SYSCALL", "id": 2005}, {"sysname": "write", "xref": 1971, "ts": 0, "blob": "{'filename': u'/data/data/com.cdjm.reader.zheyang58/files/mybook.epub'}", "type": "SYSCALL", "id": 2006}, {"sysname": "write", "xref": 1971, "ts": 0, "blob": "{'filename': u'/data/data/com.cdjm.reader.zheyang58/files/mybook.epub'}", "type": "SYSCALL", "id": 2007}, {"sysname": "write", "xref": 1971, "ts": 0, "blob": "{'filename': u'/data/data/com.cdjm.reader.zheyang58/files/mybook.epub'}", "type": "SYSCALL", "id": 2008}, {"sysname": "write", "xref": 1971, "ts": 0, "blob": "{'filename': u'/data/data/com.cdjm.reader.zheyang58/files/mybook.epub'}", "type": "SYSCALL", "id": 2009}, {"sysname": "write", "xref": 1971, "ts": 0, "blob": "{'filename': u'/data/data/com.cdjm.reader.zheyang58/files/mybook.epub'}", "type": "SYSCALL", "id": 2010}, {"sysname": "write", "xref": 1971, "ts": 0, "blob": "{'filename': u'/data/data/com.cdjm.reader.zheyang58/files/mybook.epub'}", "type": "SYSCALL", "id": 2011}, {"sysname": "write", "xref": 1971, "ts": 0, "blob": "{'filename': u'/data/data/com.cdjm.reader.zheyang58/files/mybook.epub'}", "type": "SYSCALL", "id": 2012}, {"sysname": "write", "xref": 1971, "ts": 0, "blob": "{'filename': u'/data/data/com.cdjm.reader.zheyang58/files/mybook.epub'}", "type": "SYSCALL", "id": 2013}, {"sysname": "write", "xref": 1971, "ts": 0, "blob": "{'filename': u'/data/data/com.cdjm.reader.zheyang58/files/mybook.epub'}", "type": "SYSCALL", "id": 2014}, {"sysname": "write", "xref": 1971, "ts": 0, "blob": "{'filename': u'/data/data/com.cdjm.reader.zheyang58/files/mybook.epub'}", "type": "SYSCALL", "id": 2015}, {"sysname": "write", "xref": 1971, "ts": 0, "blob": "{'filename': u'/data/data/com.cdjm.reader.zheyang58/files/mybook.epub'}", "type": "SYSCALL", "id": 2016}, {"sysname": "write", "xref": 1971, "ts": 0, "blob": "{'filename': u'/data/data/com.cdjm.reader.zheyang58/files/mybook.epub'}", "type": "SYSCALL", "id": 2017}, {"sysname": "write", "xref": 1971, "ts": 0, "blob": "{'filename': u'/data/data/com.cdjm.reader.zheyang58/files/mybook.epub'}", "type": "SYSCALL", "id": 2018}, {"sysname": "write", "xref": 1971, "ts": 0, "blob": "{'filename': u'/data/data/com.cdjm.reader.zheyang58/files/mybook.epub'}", "type": "SYSCALL", "id": 2019}, {"sysname": "write", "xref": 1971, "ts": 0, "blob": "{'filename': u'/data/data/com.cdjm.reader.zheyang58/files/mybook.epub'}", "type": "SYSCALL", "id": 2020}, {"sysname": "write", "xref": 1971, "ts": 0, "blob": "{'filename': u'/data/data/com.cdjm.reader.zheyang58/files/mybook.epub'}", "type": "SYSCALL", "id": 2021}, {"sysname": "write", "xref": 1971, "ts": 0, "blob": "{'filename': u'/data/data/com.cdjm.reader.zheyang58/files/mybook.epub'}", "type": "SYSCALL", "id": 2022}, {"sysname": "write", "xref": 1971, "ts": 0, "blob": "{'filename': u'/data/data/com.cdjm.reader.zheyang58/files/mybook.epub'}", "type": "SYSCALL", "id": 2023}, {"sysname": "write", "xref": 1971, "ts": 0, "blob": "{'filename': u'/data/data/com.cdjm.reader.zheyang58/files/mybook.epub'}", "type": "SYSCALL", "id": 2024}, {"sysname": "write", "xref": 1971, "ts": 0, "blob": "{'filename': u'/data/data/com.cdjm.reader.zheyang58/files/mybook.epub'}", "type": "SYSCALL", "id": 2025}, {"sysname": "write", "xref": 1971, "ts": 0, "blob": "{'filename': u'/data/data/com.cdjm.reader.zheyang58/files/mybook.epub'}", "type": "SYSCALL", "id": 2026}, {"sysname": "write", "xref": 1971, "ts": 0, "blob": "{'filename': u'/data/data/com.cdjm.reader.zheyang58/files/mybook.epub'}", "type": "SYSCALL", "id": 2027}, {"sysname": "write", "xref": 1971, "ts": 0, "blob": "{'filename': u'/data/data/com.cdjm.reader.zheyang58/files/mybook.epub'}", "type": "SYSCALL", "id": 2028}, {"sysname": "write", "xref": 1971, "ts": 0, "blob": "{'filename': u'/data/data/com.cdjm.reader.zheyang58/files/mybook.epub'}", "type": "SYSCALL", "id": 2029}, {"sysname": "write", "xref": 1971, "ts": 0, "blob": "{'filename': u'/data/data/com.cdjm.reader.zheyang58/files/mybook.epub'}", "type": "SYSCALL", "id": 2030}, {"sysname": "write", "xref": 1971, "ts": 0, "blob": "{'filename': u'/data/data/com.cdjm.reader.zheyang58/files/mybook.epub'}", "type": "SYSCALL", "id": 2031}, {"sysname": "write", "xref": 1971, "ts": 0, "blob": "{'filename': u'/data/data/com.cdjm.reader.zheyang58/files/mybook.epub'}", "type": "SYSCALL", "id": 2032}, {"sysname": "write", "xref": 1971, "ts": 0, "blob": "{'filename': u'/data/data/com.cdjm.reader.zheyang58/files/mybook.epub'}", "type": "SYSCALL", "id": 2033}, {"sysname": "write", "xref": 1971, "ts": 0, "blob": "{'filename': u'/data/data/com.cdjm.reader.zheyang58/files/mybook.epub'}", "type": "SYSCALL", "id": 2034}, {"sysname": "write", "xref": 1971, "ts": 0, "blob": "{'filename': u'/data/data/com.cdjm.reader.zheyang58/files/mybook.epub'}", "type": "SYSCALL", "id": 2035}, {"sysname": "write", "xref": 1971, "ts": 0, "blob": "{'filename': u'/data/data/com.cdjm.reader.zheyang58/files/mybook.epub'}", "type": "SYSCALL", "id": 2036}, {"sysname": "write", "xref": 1971, "ts": 0, "blob": "{'filename': u'/data/data/com.cdjm.reader.zheyang58/files/mybook.epub'}", "type": "SYSCALL", "id": 2037}, {"sysname": "write", "xref": 1971, "ts": 0, "blob": "{'filename': u'/data/data/com.cdjm.reader.zheyang58/files/mybook.epub'}", "type": "SYSCALL", "id": 2038}, {"sysname": "write", "xref": 1971, "ts": 0, "blob": "{'filename': u'/data/data/com.cdjm.reader.zheyang58/files/mybook.epub'}", "type": "SYSCALL", "id": 2039}, {"sysname": "write", "xref": 1971, "ts": 0, "blob": "{'filename': u'/data/data/com.cdjm.reader.zheyang58/files/mybook.epub'}", "type": "SYSCALL", "id": 2040}, {"sysname": "write", "xref": 1971, "ts": 0, "blob": "{'filename': u'/data/data/com.cdjm.reader.zheyang58/files/mybook.epub'}", "type": "SYSCALL", "id": 2041}, {"sysname": "write", "xref": 1971, "ts": 0, "blob": "{'filename': u'/data/data/com.cdjm.reader.zheyang58/files/mybook.epub'}", "type": "SYSCALL", "id": 2042}, {"sysname": "write", "xref": 1971, "ts": 0, "blob": "{'filename': u'/data/data/com.cdjm.reader.zheyang58/files/mybook.epub'}", "type": "SYSCALL", "id": 2043}, {"sysname": "write", "xref": 1971, "ts": 0, "blob": "{'filename': u'/data/data/com.cdjm.reader.zheyang58/files/mybook.epub'}", "type": "SYSCALL", "id": 2044}, {"sysname": "write", "xref": 1971, "ts": 0, "blob": "{'filename': u'/data/data/com.cdjm.reader.zheyang58/files/mybook.epub'}", "type": "SYSCALL", "id": 2045}, {"sysname": "write", "xref": 1971, "ts": 0, "blob": "{'filename': u'/data/data/com.cdjm.reader.zheyang58/files/mybook.epub'}", "type": "SYSCALL", "id": 2046}, {"sysname": "write", "xref": 1971, "ts": 0, "blob": "{'filename': u'/data/data/com.cdjm.reader.zheyang58/files/mybook.epub'}", "type": "SYSCALL", "id": 2047}, {"sysname": "write", "xref": 1971, "ts": 0, "blob": "{'filename': u'/data/data/com.cdjm.reader.zheyang58/files/mybook.epub'}", "type": "SYSCALL", "id": 2048}, {"sysname": "write", "xref": 1971, "ts": 0, "blob": "{'filename': u'/data/data/com.cdjm.reader.zheyang58/files/mybook.epub'}", "type": "SYSCALL", "id": 2049}, {"sysname": "write", "xref": 1971, "ts": 0, "blob": "{'filename': u'/data/data/com.cdjm.reader.zheyang58/files/mybook.epub'}", "type": "SYSCALL", "id": 2050}, {"sysname": "write", "xref": 1971, "ts": 0, "blob": "{'filename': u'/data/data/com.cdjm.reader.zheyang58/files/mybook.epub'}", "type": "SYSCALL", "id": 2051}, {"sysname": "write", "xref": 1971, "ts": 0, "blob": "{'filename': u'/data/data/com.cdjm.reader.zheyang58/files/mybook.epub'}", "type": "SYSCALL", "id": 2052}, {"sysname": "write", "xref": 1971, "ts": 0, "blob": "{'filename': u'/data/data/com.cdjm.reader.zheyang58/files/mybook.epub'}", "type": "SYSCALL", "id": 2053}, {"sysname": "write", "xref": 1971, "ts": 0, "blob": "{'filename': u'/data/data/com.cdjm.reader.zheyang58/files/mybook.epub'}", "type": "SYSCALL", "id": 2054}, {"sysname": "write", "xref": 1971, "ts": 0, "blob": "{'filename': u'/data/data/com.cdjm.reader.zheyang58/files/mybook.epub'}", "type": "SYSCALL", "id": 2055}, {"sysname": "write", "xref": 1971, "ts": 0, "blob": "{'filename': u'/data/data/com.cdjm.reader.zheyang58/files/mybook.epub'}", "type": "SYSCALL", "id": 2056}, {"sysname": "write", "xref": 1971, "ts": 0, "blob": "{'filename': u'/data/data/com.cdjm.reader.zheyang58/files/mybook.epub'}", "type": "SYSCALL", "id": 2057}, {"sysname": "write", "xref": 1971, "ts": 0, "blob": "{'filename': u'/data/data/com.cdjm.reader.zheyang58/files/mybook.epub'}", "type": "SYSCALL", "id": 2058}, {"sysname": "write", "xref": 1971, "ts": 0, "blob": "{'filename': u'/data/data/com.cdjm.reader.zheyang58/files/mybook.epub'}", "type": "SYSCALL", "id": 2059}, {"sysname": "write", "xref": 1971, "ts": 0, "blob": "{'filename': u'/data/data/com.cdjm.reader.zheyang58/files/mybook.epub'}", "type": "SYSCALL", "id": 2060}, {"sysname": "write", "xref": 1971, "ts": 0, "blob": "{'filename': u'/data/data/com.cdjm.reader.zheyang58/files/mybook.epub'}", "type": "SYSCALL", "id": 2061}, {"sysname": "write", "xref": 1971, "ts": 0, "blob": "{'filename': u'/data/data/com.cdjm.reader.zheyang58/files/mybook.epub'}", "type": "SYSCALL", "id": 2062}, {"sysname": "write", "xref": 1971, "ts": 0, "blob": "{'filename': u'/data/data/com.cdjm.reader.zheyang58/files/mybook.epub'}", "type": "SYSCALL", "id": 2063}, {"sysname": "write", "xref": 1971, "ts": 0, "blob": "{'filename': u'/data/data/com.cdjm.reader.zheyang58/files/mybook.epub'}", "type": "SYSCALL", "id": 2064}, {"sysname": "write", "xref": 1971, "ts": 0, "blob": "{'filename': u'/data/data/com.cdjm.reader.zheyang58/files/mybook.epub'}", "type": "SYSCALL", "id": 2065}, {"sysname": "write", "xref": 1971, "ts": 0, "blob": "{'filename': u'/data/data/com.cdjm.reader.zheyang58/files/mybook.epub'}", "type": "SYSCALL", "id": 2066}, {"sysname": "write", "xref": 1971, "ts": 0, "blob": "{'filename': u'/data/data/com.cdjm.reader.zheyang58/files/mybook.epub'}", "type": "SYSCALL", "id": 2067}, {"sysname": "write", "xref": 1971, "ts": 0, "blob": "{'filename': u'/data/data/com.cdjm.reader.zheyang58/files/mybook.epub'}", "type": "SYSCALL", "id": 2068}, {"sysname": "write", "xref": 1971, "ts": 0, "blob": "{'filename': u'/data/data/com.cdjm.reader.zheyang58/files/mybook.epub'}", "type": "SYSCALL", "id": 2069}, {"sysname": "write", "xref": 1971, "ts": 0, "blob": "{'filename': u'/data/data/com.cdjm.reader.zheyang58/files/mybook.epub'}", "type": "SYSCALL", "id": 2070}, {"sysname": "write", "xref": 1971, "ts": 0, "blob": "{'filename': u'/data/data/com.cdjm.reader.zheyang58/files/mybook.epub'}", "type": "SYSCALL", "id": 2071}, {"sysname": "write", "xref": 1971, "ts": 0, "blob": "{'filename': u'/data/data/com.cdjm.reader.zheyang58/files/mybook.epub'}", "type": "SYSCALL", "id": 2072}, {"sysname": "write", "xref": 1971, "ts": 0, "blob": "{'filename': u'/data/data/com.cdjm.reader.zheyang58/files/mybook.epub'}", "type": "SYSCALL", "id": 2073}, {"sysname": "write", "xref": 1971, "ts": 0, "blob": "{'filename': u'/data/data/com.cdjm.reader.zheyang58/files/mybook.epub'}", "type": "SYSCALL", "id": 2074}, {"sysname": "write", "xref": 1971, "ts": 0, "blob": "{'filename': u'/data/data/com.cdjm.reader.zheyang58/files/mybook.epub'}", "type": "SYSCALL", "id": 2075}, {"sysname": "write", "xref": 1971, "ts": 0, "blob": "{'filename': u'/data/data/com.cdjm.reader.zheyang58/files/mybook.epub'}", "type": "SYSCALL", "id": 2076}, {"sysname": "write", "xref": 1971, "ts": 0, "blob": "{'filename': u'/data/data/com.cdjm.reader.zheyang58/files/mybook.epub'}", "type": "SYSCALL", "id": 2077}, {"sysname": "write", "xref": 1971, "ts": 0, "blob": "{'filename': u'/data/data/com.cdjm.reader.zheyang58/files/mybook.epub'}", "type": "SYSCALL", "id": 2078}, {"sysname": "write", "xref": 1971, "ts": 0, "blob": "{'filename': u'/data/data/com.cdjm.reader.zheyang58/files/mybook.epub'}", "type": "SYSCALL", "id": 2079}, {"sysname": "write", "xref": 1971, "ts": 0, "blob": "{'filename': u'/data/data/com.cdjm.reader.zheyang58/files/mybook.epub'}", "type": "SYSCALL", "id": 2080}, {"sysname": "write", "xref": 1971, "ts": 0, "blob": "{'filename': u'/data/data/com.cdjm.reader.zheyang58/files/mybook.epub'}", "type": "SYSCALL", "id": 2081}, {"sysname": "write", "xref": 1971, "ts": 0, "blob": "{'filename': u'/data/data/com.cdjm.reader.zheyang58/files/mybook.epub'}", "type": "SYSCALL", "id": 2082}, {"sysname": "write", "xref": 1971, "ts": 0, "blob": "{'filename': u'/data/data/com.cdjm.reader.zheyang58/files/mybook.epub'}", "type": "SYSCALL", "id": 2083}, {"sysname": "write", "xref": 1971, "ts": 0, "blob": "{'filename': u'/data/data/com.cdjm.reader.zheyang58/files/mybook.epub'}", "type": "SYSCALL", "id": 2084}, {"sysname": "write", "xref": 1971, "ts": 0, "blob": "{'filename': u'/data/data/com.cdjm.reader.zheyang58/files/mybook.epub'}", "type": "SYSCALL", "id": 2085}, {"sysname": "write", "xref": 1971, "ts": 0, "blob": "{'filename': u'/data/data/com.cdjm.reader.zheyang58/files/mybook.epub'}", "type": "SYSCALL", "id": 2086}, {"sysname": "write", "xref": 1971, "ts": 0, "blob": "{'filename': u'/data/data/com.cdjm.reader.zheyang58/files/mybook.epub'}", "type": "SYSCALL", "id": 2087}, {"sysname": "write", "xref": 1971, "ts": 0, "blob": "{'filename': u'/data/data/com.cdjm.reader.zheyang58/files/mybook.epub'}", "type": "SYSCALL", "id": 2088}, {"sysname": "write", "xref": 1971, "ts": 0, "blob": "{'filename': u'/data/data/com.cdjm.reader.zheyang58/files/mybook.epub'}", "type": "SYSCALL", "id": 2089}, {"sysname": "write", "xref": 1971, "ts": 0, "blob": "{'filename': u'/data/data/com.cdjm.reader.zheyang58/files/mybook.epub'}", "type": "SYSCALL", "id": 2090}, {"sysname": "write", "xref": 1971, "ts": 0, "blob": "{'filename': u'/data/data/com.cdjm.reader.zheyang58/files/mybook.epub'}", "type": "SYSCALL", "id": 2091}, {"sysname": "write", "xref": 1971, "ts": 0, "blob": "{'filename': u'/data/data/com.cdjm.reader.zheyang58/files/mybook.epub'}", "type": "SYSCALL", "id": 2092}, {"sysname": "write", "xref": 1971, "ts": 0, "blob": "{'filename': u'/data/data/com.cdjm.reader.zheyang58/files/mybook.epub'}", "type": "SYSCALL", "id": 2093}, {"sysname": "write", "xref": 1971, "ts": 0, "blob": "{'filename': u'/data/data/com.cdjm.reader.zheyang58/files/mybook.epub'}", "type": "SYSCALL", "id": 2094}, {"sysname": "write", "xref": 1971, "ts": 0, "blob": "{'filename': u'/data/data/com.cdjm.reader.zheyang58/files/mybook.epub'}", "type": "SYSCALL", "id": 2095}, {"sysname": "write", "xref": 1971, "ts": 0, "blob": "{'filename': u'/data/data/com.cdjm.reader.zheyang58/files/mybook.epub'}", "type": "SYSCALL", "id": 2096}, {"sysname": "write", "xref": 1971, "ts": 0, "blob": "{'filename': u'/data/data/com.cdjm.reader.zheyang58/files/mybook.epub'}", "type": "SYSCALL", "id": 2097}, {"sysname": "write", "xref": 1971, "ts": 0, "blob": "{'filename': u'/data/data/com.cdjm.reader.zheyang58/files/mybook.epub'}", "type": "SYSCALL", "id": 2098}, {"sysname": "write", "xref": 1971, "ts": 0, "blob": "{'filename': u'/data/data/com.cdjm.reader.zheyang58/files/mybook.epub'}", "type": "SYSCALL", "id": 2099}, {"sysname": "write", "xref": 1971, "ts": 0, "blob": "{'filename': u'/data/data/com.cdjm.reader.zheyang58/files/mybook.epub'}", "type": "SYSCALL", "id": 2100}, {"sysname": "write", "xref": 1971, "ts": 0, "blob": "{'filename': u'/data/data/com.cdjm.reader.zheyang58/files/mybook.epub'}", "type": "SYSCALL", "id": 2101}, {"sysname": "write", "xref": 1971, "ts": 0, "blob": "{'filename': u'/data/data/com.cdjm.reader.zheyang58/files/mybook.epub'}", "type": "SYSCALL", "id": 2102}, {"sysname": "write", "xref": 1971, "ts": 0, "blob": "{'filename': u'/data/data/com.cdjm.reader.zheyang58/files/mybook.epub'}", "type": "SYSCALL", "id": 2103}, {"sysname": "write", "xref": 1971, "ts": 0, "blob": "{'filename': u'/data/data/com.cdjm.reader.zheyang58/files/mybook.epub'}", "type": "SYSCALL", "id": 2104}, {"sysname": "write", "xref": 1971, "ts": 0, "blob": "{'filename': u'/data/data/com.cdjm.reader.zheyang58/files/mybook.epub'}", "type": "SYSCALL", "id": 2105}, {"sysname": "write", "xref": 1971, "ts": 0, "blob": "{'filename': u'/data/data/com.cdjm.reader.zheyang58/files/mybook.epub'}", "type": "SYSCALL", "id": 2106}, {"sysname": "write", "xref": 1971, "ts": 0, "blob": "{'filename': u'/data/data/com.cdjm.reader.zheyang58/files/mybook.epub'}", "type": "SYSCALL", "id": 2107}, {"sysname": "write", "xref": 1971, "ts": 0, "blob": "{'filename': u'/data/data/com.cdjm.reader.zheyang58/files/mybook.epub'}", "type": "SYSCALL", "id": 2108}, {"sysname": "write", "xref": 1971, "ts": 0, "blob": "{'filename': u'/data/data/com.cdjm.reader.zheyang58/files/mybook.epub'}", "type": "SYSCALL", "id": 2109}, {"sysname": "write", "xref": 1971, "ts": 0, "blob": "{'filename': u'/data/data/com.cdjm.reader.zheyang58/files/mybook.epub'}", "type": "SYSCALL", "id": 2110}, {"sysname": "write", "xref": 1971, "ts": 0, "blob": "{'filename': u'/data/data/com.cdjm.reader.zheyang58/files/mybook.epub'}", "type": "SYSCALL", "id": 2111}, {"sysname": "write", "xref": 1971, "ts": 0, "blob": "{'filename': u'/data/data/com.cdjm.reader.zheyang58/files/mybook.epub'}", "type": "SYSCALL", "id": 2112}, {"sysname": "write", "xref": 1971, "ts": 0, "blob": "{'filename': u'/data/data/com.cdjm.reader.zheyang58/files/mybook.epub'}", "type": "SYSCALL", "id": 2113}, {"sysname": "write", "xref": 1971, "ts": 0, "blob": "{'filename': u'/data/data/com.cdjm.reader.zheyang58/files/mybook.epub'}", "type": "SYSCALL", "id": 2114}, {"sysname": "write", "xref": 1971, "ts": 0, "blob": "{'filename': u'/data/data/com.cdjm.reader.zheyang58/files/mybook.epub'}", "type": "SYSCALL", "id": 2115}, {"sysname": "write", "xref": 1971, "ts": 0, "blob": "{'filename': u'/data/data/com.cdjm.reader.zheyang58/files/mybook.epub'}", "type": "SYSCALL", "id": 2116}, {"sysname": "write", "xref": 1971, "ts": 0, "blob": "{'filename': u'/data/data/com.cdjm.reader.zheyang58/files/mybook.epub'}", "type": "SYSCALL", "id": 2117}, {"sysname": "write", "xref": 1971, "ts": 0, "blob": "{'filename': u'/data/data/com.cdjm.reader.zheyang58/files/mybook.epub'}", "type": "SYSCALL", "id": 2118}, {"sysname": "write", "xref": 1971, "ts": 0, "blob": "{'filename': u'/data/data/com.cdjm.reader.zheyang58/files/mybook.epub'}", "type": "SYSCALL", "id": 2119}, {"sysname": "write", "xref": 1971, "ts": 0, "blob": "{'filename': u'/data/data/com.cdjm.reader.zheyang58/files/mybook.epub'}", "type": "SYSCALL", "id": 2120}, {"sysname": "write", "xref": 1971, "ts": 0, "blob": "{'filename': u'/data/data/com.cdjm.reader.zheyang58/files/mybook.epub'}", "type": "SYSCALL", "id": 2121}, {"sysname": "write", "xref": 1971, "ts": 0, "blob": "{'filename': u'/data/data/com.cdjm.reader.zheyang58/files/mybook.epub'}", "type": "SYSCALL", "id": 2122}, {"sysname": "write", "xref": 1971, "ts": 0, "blob": "{'filename': u'/data/data/com.cdjm.reader.zheyang58/files/mybook.epub'}", "type": "SYSCALL", "id": 2123}, {"sysname": "write", "xref": 1971, "ts": 0, "blob": "{'filename': u'/data/data/com.cdjm.reader.zheyang58/files/mybook.epub'}", "type": "SYSCALL", "id": 2124}, {"sysname": "write", "xref": 1971, "ts": 0, "blob": "{'filename': u'/data/data/com.cdjm.reader.zheyang58/files/mybook.epub'}", "type": "SYSCALL", "id": 2125}, {"sysname": "write", "xref": 1971, "ts": 0, "blob": "{'filename': u'/data/data/com.cdjm.reader.zheyang58/files/mybook.epub'}", "type": "SYSCALL", "id": 2126}, {"sysname": "write", "xref": 1971, "ts": 0, "blob": "{'filename': u'/data/data/com.cdjm.reader.zheyang58/files/mybook.epub'}", "type": "SYSCALL", "id": 2127}, {"sysname": "write", "xref": 1971, "ts": 0, "blob": "{'filename': u'/data/data/com.cdjm.reader.zheyang58/files/mybook.epub'}", "type": "SYSCALL", "id": 2128}, {"sysname": "write", "xref": 1971, "ts": 0, "blob": "{'filename': u'/data/data/com.cdjm.reader.zheyang58/files/mybook.epub'}", "type": "SYSCALL", "id": 2129}, {"sysname": "write", "xref": 1971, "ts": 0, "blob": "{'filename': u'/data/data/com.cdjm.reader.zheyang58/files/mybook.epub'}", "type": "SYSCALL", "id": 2130}, {"sysname": "write", "xref": 1971, "ts": 0, "blob": "{'filename': u'/data/data/com.cdjm.reader.zheyang58/files/mybook.epub'}", "type": "SYSCALL", "id": 2131}, {"sysname": "write", "xref": 1971, "ts": 0, "blob": "{'filename': u'/data/data/com.cdjm.reader.zheyang58/files/mybook.epub'}", "type": "SYSCALL", "id": 2132}, {"sysname": "write", "xref": 1971, "ts": 0, "blob": "{'filename': u'/data/data/com.cdjm.reader.zheyang58/files/mybook.epub'}", "type": "SYSCALL", "id": 2133}, {"sysname": "write", "xref": 1971, "ts": 0, "blob": "{'filename': u'/data/data/com.cdjm.reader.zheyang58/files/mybook.epub'}", "type": "SYSCALL", "id": 2134}, {"sysname": "write", "xref": 1971, "ts": 0, "blob": "{'filename': u'/data/data/com.cdjm.reader.zheyang58/files/mybook.epub'}", "type": "SYSCALL", "id": 2135}, {"sysname": "write", "xref": 1971, "ts": 0, "blob": "{'filename': u'/data/data/com.cdjm.reader.zheyang58/files/mybook.epub'}", "type": "SYSCALL", "id": 2136}, {"sysname": "write", "xref": 1971, "ts": 0, "blob": "{'filename': u'/data/data/com.cdjm.reader.zheyang58/files/mybook.epub'}", "type": "SYSCALL", "id": 2137}, {"sysname": "write", "xref": 1971, "ts": 0, "blob": "{'filename': u'/data/data/com.cdjm.reader.zheyang58/files/mybook.epub'}", "type": "SYSCALL", "id": 2138}, {"sysname": "write", "xref": 1971, "ts": 0, "blob": "{'filename': u'/data/data/com.cdjm.reader.zheyang58/files/mybook.epub'}", "type": "SYSCALL", "id": 2139}, {"sysname": "write", "xref": 1971, "ts": 0, "blob": "{'filename': u'/data/data/com.cdjm.reader.zheyang58/files/mybook.epub'}", "type": "SYSCALL", "id": 2140}, {"sysname": "write", "xref": 1971, "ts": 0, "blob": "{'filename': u'/data/data/com.cdjm.reader.zheyang58/files/mybook.epub'}", "type": "SYSCALL", "id": 2141}, {"sysname": "write", "xref": 1971, "ts": 0, "blob": "{'filename': u'/data/data/com.cdjm.reader.zheyang58/files/mybook.epub'}", "type": "SYSCALL", "id": 2142}, {"sysname": "write", "xref": 1971, "ts": 0, "blob": "{'filename': u'/data/data/com.cdjm.reader.zheyang58/files/mybook.epub'}", "type": "SYSCALL", "id": 2143}, {"sysname": "write", "xref": 1971, "ts": 0, "blob": "{'filename': u'/data/data/com.cdjm.reader.zheyang58/files/mybook.epub'}", "type": "SYSCALL", "id": 2144}, {"sysname": "write", "xref": 1971, "ts": 0, "blob": "{'filename': u'/data/data/com.cdjm.reader.zheyang58/files/mybook.epub'}", "type": "SYSCALL", "id": 2145}, {"sysname": "write", "xref": 1971, "ts": 0, "blob": "{'filename': u'/data/data/com.cdjm.reader.zheyang58/files/mybook.epub'}", "type": "SYSCALL", "id": 2146}, {"sysname": "write", "xref": 1971, "ts": 0, "blob": "{'filename': u'/data/data/com.cdjm.reader.zheyang58/files/mybook.epub'}", "type": "SYSCALL", "id": 2147}, {"sysname": "write", "xref": 1971, "ts": 0, "blob": "{'filename': u'/data/data/com.cdjm.reader.zheyang58/files/mybook.epub'}", "type": "SYSCALL", "id": 2148}, {"sysname": "write", "xref": 1971, "ts": 0, "blob": "{'filename': u'/data/data/com.cdjm.reader.zheyang58/files/mybook.epub'}", "type": "SYSCALL", "id": 2149}, {"sysname": "write", "xref": 1971, "ts": 0, "blob": "{'filename': u'/data/data/com.cdjm.reader.zheyang58/files/mybook.epub'}", "type": "SYSCALL", "id": 2150}, {"sysname": "write", "xref": 1971, "ts": 0, "blob": "{'filename': u'/data/data/com.cdjm.reader.zheyang58/files/mybook.epub'}", "type": "SYSCALL", "id": 2151}, {"sysname": "write", "xref": 1971, "ts": 0, "blob": "{'filename': u'/data/data/com.cdjm.reader.zheyang58/files/mybook.epub'}", "type": "SYSCALL", "id": 2152}, {"sysname": "write", "xref": 1971, "ts": 0, "blob": "{'filename': u'/data/data/com.cdjm.reader.zheyang58/files/mybook.epub'}", "type": "SYSCALL", "id": 2153}, {"sysname": "write", "xref": 1971, "ts": 0, "blob": "{'filename': u'/data/data/com.cdjm.reader.zheyang58/files/mybook.epub'}", "type": "SYSCALL", "id": 2154}, {"sysname": "write", "xref": 1971, "ts": 0, "blob": "{'filename': u'/data/data/com.cdjm.reader.zheyang58/files/mybook.epub'}", "type": "SYSCALL", "id": 2155}, {"sysname": "write", "xref": 1971, "ts": 0, "blob": "{'filename': u'/data/data/com.cdjm.reader.zheyang58/files/mybook.epub'}", "type": "SYSCALL", "id": 2156}, {"sysname": "write", "xref": 1971, "ts": 0, "blob": "{'filename': u'/data/data/com.cdjm.reader.zheyang58/files/mybook.epub'}", "type": "SYSCALL", "id": 2157}, {"sysname": "write", "xref": 1971, "ts": 0, "blob": "{'filename': u'/data/data/com.cdjm.reader.zheyang58/files/mybook.epub'}", "type": "SYSCALL", "id": 2158}, {"sysname": "write", "xref": 1971, "ts": 0, "blob": "{'filename': u'/data/data/com.cdjm.reader.zheyang58/files/mybook.epub'}", "type": "SYSCALL", "id": 2159}, {"sysname": "write", "xref": 1971, "ts": 0, "blob": "{'filename': u'/data/data/com.cdjm.reader.zheyang58/files/mybook.epub'}", "type": "SYSCALL", "id": 2160}, {"sysname": "write", "xref": 1971, "ts": 0, "blob": "{'filename': u'/data/data/com.cdjm.reader.zheyang58/files/mybook.epub'}", "type": "SYSCALL", "id": 2161}, {"sysname": "write", "xref": 1971, "ts": 0, "blob": "{'filename': u'/data/data/com.cdjm.reader.zheyang58/files/mybook.epub'}", "type": "SYSCALL", "id": 2162}, {"sysname": "write", "xref": 1971, "ts": 0, "blob": "{'filename': u'/data/data/com.cdjm.reader.zheyang58/files/mybook.epub'}", "type": "SYSCALL", "id": 2163}, {"sysname": "write", "xref": 1971, "ts": 0, "blob": "{'filename': u'/data/data/com.cdjm.reader.zheyang58/files/mybook.epub'}", "type": "SYSCALL", "id": 2164}, {"sysname": "write", "xref": 1971, "ts": 0, "blob": "{'filename': u'/data/data/com.cdjm.reader.zheyang58/files/mybook.epub'}", "type": "SYSCALL", "id": 2165}, {"sysname": "write", "xref": 1971, "ts": 0, "blob": "{'filename': u'/data/data/com.cdjm.reader.zheyang58/files/mybook.epub'}", "type": "SYSCALL", "id": 2166}, {"sysname": "write", "xref": 1971, "ts": 0, "blob": "{'filename': u'/data/data/com.cdjm.reader.zheyang58/files/mybook.epub'}", "type": "SYSCALL", "id": 2167}, {"sysname": "write", "xref": 1971, "ts": 0, "blob": "{'filename': u'/data/data/com.cdjm.reader.zheyang58/files/mybook.epub'}", "type": "SYSCALL", "id": 2168}, {"sysname": "write", "xref": 1971, "ts": 0, "blob": "{'filename': u'/data/data/com.cdjm.reader.zheyang58/files/mybook.epub'}", "type": "SYSCALL", "id": 2169}, {"sysname": "write", "xref": 1971, "ts": 0, "blob": "{'filename': u'/data/data/com.cdjm.reader.zheyang58/files/mybook.epub'}", "type": "SYSCALL", "id": 2170}, {"sysname": "write", "xref": 1971, "ts": 0, "blob": "{'filename': u'/data/data/com.cdjm.reader.zheyang58/files/mybook.epub'}", "type": "SYSCALL", "id": 2171}, {"sysname": "write", "xref": 1971, "ts": 0, "blob": "{'filename': u'/data/data/com.cdjm.reader.zheyang58/files/mybook.epub'}", "type": "SYSCALL", "id": 2172}, {"sysname": "write", "xref": 1971, "ts": 0, "blob": "{'filename': u'/data/data/com.cdjm.reader.zheyang58/files/mybook.epub'}", "type": "SYSCALL", "id": 2173}, {"sysname": "write", "xref": 1971, "ts": 0, "blob": "{'filename': u'/data/data/com.cdjm.reader.zheyang58/files/mybook.epub'}", "type": "SYSCALL", "id": 2174}]}, {"tid": 325, "procname": "Thread-8", "class": "FS ACCESS", "low": [{"sysname": "open", "blob": "{'flags': 131138, 'mode': 420, 'filename': u'/data/data/com.cdjm.reader.zheyang58/databases/books.db\\x00'}", "type": "SYSCALL", "id": 2204, "ts": 0}, {"sysname": "write", "xref": 2204, "ts": 0, "blob": "{'filename': u'/data/data/com.cdjm.reader.zheyang58/databases/books.db'}", "type": "SYSCALL", "id": 2247}, {"sysname": "write", "xref": 2204, "ts": 0, "blob": "{'filename': u'/data/data/com.cdjm.reader.zheyang58/databases/books.db'}", "type": "SYSCALL", "id": 2249}, {"sysname": "write", "xref": 2204, "ts": 0, "blob": "{'filename': u'/data/data/com.cdjm.reader.zheyang58/databases/books.db'}", "type": "SYSCALL", "id": 2251}, {"sysname": "write", "xref": 2204, "ts": 0, "blob": "{'filename': u'/data/data/com.cdjm.reader.zheyang58/databases/books.db'}", "type": "SYSCALL", "id": 2306}, {"sysname": "write", "xref": 2204, "ts": 0, "blob": "{'filename': u'/data/data/com.cdjm.reader.zheyang58/databases/books.db'}", "type": "SYSCALL", "id": 2308}, {"sysname": "write", "xref": 2204, "ts": 0, "blob": "{'filename': u'/data/data/com.cdjm.reader.zheyang58/databases/books.db'}", "type": "SYSCALL", "id": 4297}, {"sysname": "write", "xref": 2204, "ts": 0, "blob": "{'filename': u'/data/data/com.cdjm.reader.zheyang58/databases/books.db'}", "type": "SYSCALL", "id": 4299}, {"sysname": "write", "xref": 2204, "ts": 0, "blob": "{'filename': u'/data/data/com.cdjm.reader.zheyang58/databases/books.db'}", "type": "SYSCALL", "id": 4301}, {"sysname": "write", "xref": 2204, "ts": 0, "blob": "{'filename': u'/data/data/com.cdjm.reader.zheyang58/databases/books.db'}", "type": "SYSCALL", "id": 4318}, {"sysname": "write", "xref": 2204, "ts": 0, "blob": "{'filename': u'/data/data/com.cdjm.reader.zheyang58/databases/books.db'}", "type": "SYSCALL", "id": 4320}, {"sysname": "write", "xref": 2204, "ts": 0, "blob": "{'filename': u'/data/data/com.cdjm.reader.zheyang58/databases/books.db'}", "type": "SYSCALL", "id": 4322}, {"sysname": "write", "xref": 2204, "ts": 0, "blob": "{'filename': u'/data/data/com.cdjm.reader.zheyang58/databases/books.db'}", "type": "SYSCALL", "id": 4324}, {"sysname": "write", "xref": 2204, "ts": 0, "blob": "{'filename': u'/data/data/com.cdjm.reader.zheyang58/databases/books.db'}", "type": "SYSCALL", "id": 4338}, {"sysname": "write", "xref": 2204, "ts": 0, "blob": "{'filename': u'/data/data/com.cdjm.reader.zheyang58/databases/books.db'}", "type": "SYSCALL", "id": 4340}, {"sysname": "write", "xref": 2204, "ts": 0, "blob": "{'filename': u'/data/data/com.cdjm.reader.zheyang58/databases/books.db'}", "type": "SYSCALL", "id": 4342}, {"sysname": "write", "xref": 2204, "ts": 0, "blob": "{'filename': u'/data/data/com.cdjm.reader.zheyang58/databases/books.db'}", "type": "SYSCALL", "id": 4344}, {"sysname": "write", "xref": 2204, "ts": 0, "blob": "{'filename': u'/data/data/com.cdjm.reader.zheyang58/databases/books.db'}", "type": "SYSCALL", "id": 4346}, {"sysname": "write", "xref": 2204, "ts": 0, "blob": "{'filename': u'/data/data/com.cdjm.reader.zheyang58/databases/books.db'}", "type": "SYSCALL", "id": 4348}, {"sysname": "write", "xref": 2204, "ts": 0, "blob": "{'filename': u'/data/data/com.cdjm.reader.zheyang58/databases/books.db'}", "type": "SYSCALL", "id": 4350}, {"sysname": "write", "xref": 2204, "ts": 0, "blob": "{'filename': u'/data/data/com.cdjm.reader.zheyang58/databases/books.db'}", "type": "SYSCALL", "id": 4352}, {"sysname": "write", "xref": 2204, "ts": 0, "blob": "{'filename': u'/data/data/com.cdjm.reader.zheyang58/databases/books.db'}", "type": "SYSCALL", "id": 4355}, {"sysname": "write", "xref": 2204, "ts": 0, "blob": "{'filename': u'/data/data/com.cdjm.reader.zheyang58/databases/books.db'}", "type": "SYSCALL", "id": 4357}, {"sysname": "write", "xref": 2204, "ts": 0, "blob": "{'filename': u'/data/data/com.cdjm.reader.zheyang58/databases/books.db'}", "type": "SYSCALL", "id": 4359}, {"sysname": "write", "xref": 2204, "ts": 0, "blob": "{'filename': u'/data/data/com.cdjm.reader.zheyang58/databases/books.db'}", "type": "SYSCALL", "id": 4361}, {"sysname": "write", "xref": 2204, "ts": 0, "blob": "{'filename': u'/data/data/com.cdjm.reader.zheyang58/databases/books.db'}", "type": "SYSCALL", "id": 4366}, {"sysname": "write", "xref": 2204, "ts": 0, "blob": "{'filename': u'/data/data/com.cdjm.reader.zheyang58/databases/books.db'}", "type": "SYSCALL", "id": 4368}, {"sysname": "write", "xref": 2204, "ts": 0, "blob": "{'filename': u'/data/data/com.cdjm.reader.zheyang58/databases/books.db'}", "type": "SYSCALL", "id": 4370}, {"sysname": "write", "xref": 2204, "ts": 0, "blob": "{'filename': u'/data/data/com.cdjm.reader.zheyang58/databases/books.db'}", "type": "SYSCALL", "id": 4372}, {"sysname": "write", "xref": 2204, "ts": 0, "blob": "{'filename': u'/data/data/com.cdjm.reader.zheyang58/databases/books.db'}", "type": "SYSCALL", "id": 4374}, {"sysname": "write", "xref": 2204, "ts": 0, "blob": "{'filename': u'/data/data/com.cdjm.reader.zheyang58/databases/books.db'}", "type": "SYSCALL", "id": 4376}, {"sysname": "write", "xref": 2204, "ts": 0, "blob": "{'filename': u'/data/data/com.cdjm.reader.zheyang58/databases/books.db'}", "type": "SYSCALL", "id": 4378}, {"sysname": "write", "xref": 2204, "ts": 0, "blob": "{'filename': u'/data/data/com.cdjm.reader.zheyang58/databases/books.db'}", "type": "SYSCALL", "id": 4380}, {"sysname": "write", "xref": 2204, "ts": 0, "blob": "{'filename': u'/data/data/com.cdjm.reader.zheyang58/databases/books.db'}", "type": "SYSCALL", "id": 4384}, {"sysname": "write", "xref": 2204, "ts": 0, "blob": "{'filename': u'/data/data/com.cdjm.reader.zheyang58/databases/books.db'}", "type": "SYSCALL", "id": 4386}, {"sysname": "write", "xref": 2204, "ts": 0, "blob": "{'filename': u'/data/data/com.cdjm.reader.zheyang58/databases/books.db'}", "type": "SYSCALL", "id": 4388}, {"sysname": "write", "xref": 2204, "ts": 0, "blob": "{'filename': u'/data/data/com.cdjm.reader.zheyang58/databases/books.db'}", "type": "SYSCALL", "id": 4390}, {"sysname": "write", "xref": 2204, "ts": 0, "blob": "{'filename': u'/data/data/com.cdjm.reader.zheyang58/databases/books.db'}", "type": "SYSCALL", "id": 4394}, {"sysname": "write", "xref": 2204, "ts": 0, "blob": "{'filename': u'/data/data/com.cdjm.reader.zheyang58/databases/books.db'}", "type": "SYSCALL", "id": 4397}, {"sysname": "write", "xref": 2204, "ts": 0, "blob": "{'filename': u'/data/data/com.cdjm.reader.zheyang58/databases/books.db'}", "type": "SYSCALL", "id": 4399}, {"sysname": "write", "xref": 2204, "ts": 0, "blob": "{'filename': u'/data/data/com.cdjm.reader.zheyang58/databases/books.db'}", "type": "SYSCALL", "id": 4401}, {"sysname": "write", "xref": 2204, "ts": 0, "blob": "{'filename': u'/data/data/com.cdjm.reader.zheyang58/databases/books.db'}", "type": "SYSCALL", "id": 4406}, {"sysname": "write", "xref": 2204, "ts": 0, "blob": "{'filename': u'/data/data/com.cdjm.reader.zheyang58/databases/books.db'}", "type": "SYSCALL", "id": 4408}, {"sysname": "write", "xref": 2204, "ts": 0, "blob": "{'filename': u'/data/data/com.cdjm.reader.zheyang58/databases/books.db'}", "type": "SYSCALL", "id": 5370}, {"sysname": "write", "xref": 2204, "ts": 0, "blob": "{'filename': u'/data/data/com.cdjm.reader.zheyang58/databases/books.db'}", "type": "SYSCALL", "id": 5372}, {"sysname": "write", "xref": 2204, "ts": 0, "blob": "{'filename': u'/data/data/com.cdjm.reader.zheyang58/databases/books.db'}", "type": "SYSCALL", "id": 5374}, {"sysname": "write", "xref": 2204, "ts": 0, "blob": "{'filename': u'/data/data/com.cdjm.reader.zheyang58/databases/books.db'}", "type": "SYSCALL", "id": 5376}, {"sysname": "write", "xref": 2204, "ts": 0, "blob": "{'filename': u'/data/data/com.cdjm.reader.zheyang58/databases/books.db'}", "type": "SYSCALL", "id": 5378}, {"sysname": "write", "xref": 2204, "ts": 0, "blob": "{'filename': u'/data/data/com.cdjm.reader.zheyang58/databases/books.db'}", "type": "SYSCALL", "id": 5383}, {"sysname": "write", "xref": 2204, "ts": 0, "blob": "{'filename': u'/data/data/com.cdjm.reader.zheyang58/databases/books.db'}", "type": "SYSCALL", "id": 5385}, {"sysname": "write", "xref": 2204, "ts": 0, "blob": "{'filename': u'/data/data/com.cdjm.reader.zheyang58/databases/books.db'}", "type": "SYSCALL", "id": 5387}, {"sysname": "write", "xref": 2204, "ts": 0, "blob": "{'filename': u'/data/data/com.cdjm.reader.zheyang58/databases/books.db'}", "type": "SYSCALL", "id": 5389}, {"sysname": "write", "xref": 2204, "ts": 0, "blob": "{'filename': u'/data/data/com.cdjm.reader.zheyang58/databases/books.db'}", "type": "SYSCALL", "id": 5391}, {"sysname": "write", "xref": 2204, "ts": 0, "blob": "{'filename': u'/data/data/com.cdjm.reader.zheyang58/databases/books.db'}", "type": "SYSCALL", "id": 5393}, {"sysname": "write", "xref": 2204, "ts": 0, "blob": "{'filename': u'/data/data/com.cdjm.reader.zheyang58/databases/books.db'}", "type": "SYSCALL", "id": 5395}, {"sysname": "write", "xref": 2204, "ts": 0, "blob": "{'filename': u'/data/data/com.cdjm.reader.zheyang58/databases/books.db'}", "type": "SYSCALL", "id": 5397}, {"sysname": "write", "xref": 2204, "ts": 0, "blob": "{'filename': u'/data/data/com.cdjm.reader.zheyang58/databases/books.db'}", "type": "SYSCALL", "id": 5400}, {"sysname": "write", "xref": 2204, "ts": 0, "blob": "{'filename': u'/data/data/com.cdjm.reader.zheyang58/databases/books.db'}", "type": "SYSCALL", "id": 5402}, {"sysname": "write", "xref": 2204, "ts": 0, "blob": "{'filename': u'/data/data/com.cdjm.reader.zheyang58/databases/books.db'}", "type": "SYSCALL", "id": 5408}, {"sysname": "write", "xref": 2204, "ts": 0, "blob": "{'filename': u'/data/data/com.cdjm.reader.zheyang58/databases/books.db'}", "type": "SYSCALL", "id": 5410}, {"sysname": "write", "xref": 2204, "ts": 0, "blob": "{'filename': u'/data/data/com.cdjm.reader.zheyang58/databases/books.db'}", "type": "SYSCALL", "id": 5412}, {"sysname": "write", "xref": 2204, "ts": 0, "blob": "{'filename': u'/data/data/com.cdjm.reader.zheyang58/databases/books.db'}", "type": "SYSCALL", "id": 5417}, {"sysname": "write", "xref": 2204, "ts": 0, "blob": "{'filename': u'/data/data/com.cdjm.reader.zheyang58/databases/books.db'}", "type": "SYSCALL", "id": 5419}, {"sysname": "write", "xref": 2204, "ts": 0, "blob": "{'filename': u'/data/data/com.cdjm.reader.zheyang58/databases/books.db'}", "type": "SYSCALL", "id": 5421}, {"sysname": "write", "xref": 2204, "ts": 0, "blob": "{'filename': u'/data/data/com.cdjm.reader.zheyang58/databases/books.db'}", "type": "SYSCALL", "id": 5423}, {"sysname": "write", "xref": 2204, "ts": 0, "blob": "{'filename': u'/data/data/com.cdjm.reader.zheyang58/databases/books.db'}", "type": "SYSCALL", "id": 5425}, {"sysname": "write", "xref": 2204, "ts": 0, "blob": "{'filename': u'/data/data/com.cdjm.reader.zheyang58/databases/books.db'}", "type": "SYSCALL", "id": 5433}, {"sysname": "write", "xref": 2204, "ts": 0, "blob": "{'filename': u'/data/data/com.cdjm.reader.zheyang58/databases/books.db'}", "type": "SYSCALL", "id": 5435}, {"sysname": "write", "xref": 2204, "ts": 0, "blob": "{'filename': u'/data/data/com.cdjm.reader.zheyang58/databases/books.db'}", "type": "SYSCALL", "id": 5437}, {"sysname": "write", "xref": 2204, "ts": 0, "blob": "{'filename': u'/data/data/com.cdjm.reader.zheyang58/databases/books.db'}", "type": "SYSCALL", "id": 5439}, {"sysname": "write", "xref": 2204, "ts": 0, "blob": "{'filename': u'/data/data/com.cdjm.reader.zheyang58/databases/books.db'}", "type": "SYSCALL", "id": 5450}, {"sysname": "write", "xref": 2204, "ts": 0, "blob": "{'filename': u'/data/data/com.cdjm.reader.zheyang58/databases/books.db'}", "type": "SYSCALL", "id": 5452}, {"sysname": "write", "xref": 2204, "ts": 0, "blob": "{'filename': u'/data/data/com.cdjm.reader.zheyang58/databases/books.db'}", "type": "SYSCALL", "id": 5454}, {"sysname": "write", "xref": 2204, "ts": 0, "blob": "{'filename': u'/data/data/com.cdjm.reader.zheyang58/databases/books.db'}", "type": "SYSCALL", "id": 5456}, {"sysname": "write", "xref": 2204, "ts": 0, "blob": "{'filename': u'/data/data/com.cdjm.reader.zheyang58/databases/books.db'}", "type": "SYSCALL", "id": 5458}, {"sysname": "write", "xref": 2204, "ts": 0, "blob": "{'filename': u'/data/data/com.cdjm.reader.zheyang58/databases/books.db'}", "type": "SYSCALL", "id": 5469}, {"sysname": "write", "xref": 2204, "ts": 0, "blob": "{'filename': u'/data/data/com.cdjm.reader.zheyang58/databases/books.db'}", "type": "SYSCALL", "id": 5471}, {"sysname": "write", "xref": 2204, "ts": 0, "blob": "{'filename': u'/data/data/com.cdjm.reader.zheyang58/databases/books.db'}", "type": "SYSCALL", "id": 5473}, {"sysname": "write", "xref": 2204, "ts": 0, "blob": "{'filename': u'/data/data/com.cdjm.reader.zheyang58/databases/books.db'}", "type": "SYSCALL", "id": 5475}, {"sysname": "write", "xref": 2204, "ts": 0, "blob": "{'filename': u'/data/data/com.cdjm.reader.zheyang58/databases/books.db'}", "type": "SYSCALL", "id": 5482}, {"sysname": "write", "xref": 2204, "ts": 0, "blob": "{'filename': u'/data/data/com.cdjm.reader.zheyang58/databases/books.db'}", "type": "SYSCALL", "id": 5484}, {"sysname": "write", "xref": 2204, "ts": 0, "blob": "{'filename': u'/data/data/com.cdjm.reader.zheyang58/databases/books.db'}", "type": "SYSCALL", "id": 5536}, {"sysname": "write", "xref": 2204, "ts": 0, "blob": "{'filename': u'/data/data/com.cdjm.reader.zheyang58/databases/books.db'}", "type": "SYSCALL", "id": 13468}, {"sysname": "write", "xref": 2204, "ts": 0, "blob": "{'filename': u'/data/data/com.cdjm.reader.zheyang58/databases/books.db'}", "type": "SYSCALL", "id": 13470}, {"sysname": "write", "xref": 2204, "ts": 0, "blob": "{'filename': u'/data/data/com.cdjm.reader.zheyang58/databases/books.db'}", "type": "SYSCALL", "id": 13472}, {"sysname": "write", "xref": 2204, "ts": 0, "blob": "{'filename': u'/data/data/com.cdjm.reader.zheyang58/databases/books.db'}", "type": "SYSCALL", "id": 14944}, {"sysname": "write", "xref": 2204, "ts": 0, "blob": "{'filename': u'/data/data/com.cdjm.reader.zheyang58/databases/books.db'}", "type": "SYSCALL", "id": 14946}, {"sysname": "write", "xref": 2204, "ts": 0, "blob": "{'filename': u'/data/data/com.cdjm.reader.zheyang58/databases/books.db'}", "type": "SYSCALL", "id": 14948}, {"sysname": "write", "xref": 2204, "ts": 0, "blob": "{'filename': u'/data/data/com.cdjm.reader.zheyang58/databases/books.db'}", "type": "SYSCALL", "id": 14950}, {"sysname": "write", "xref": 2204, "ts": 0, "blob": "{'filename': u'/data/data/com.cdjm.reader.zheyang58/databases/books.db'}", "type": "SYSCALL", "id": 14952}, {"sysname": "write", "xref": 2204, "ts": 0, "blob": "{'filename': u'/data/data/com.cdjm.reader.zheyang58/databases/books.db'}", "type": "SYSCALL", "id": 14954}, {"sysname": "write", "xref": 2204, "ts": 0, "blob": "{'filename': u'/data/data/com.cdjm.reader.zheyang58/databases/books.db'}", "type": "SYSCALL", "id": 14956}, {"sysname": "write", "xref": 2204, "ts": 0, "blob": "{'filename': u'/data/data/com.cdjm.reader.zheyang58/databases/books.db'}", "type": "SYSCALL", "id": 14958}, {"sysname": "write", "xref": 2204, "ts": 0, "blob": "{'filename': u'/data/data/com.cdjm.reader.zheyang58/databases/books.db'}", "type": "SYSCALL", "id": 14960}, {"sysname": "write", "xref": 2204, "ts": 0, "blob": "{'filename': u'/data/data/com.cdjm.reader.zheyang58/databases/books.db'}", "type": "SYSCALL", "id": 15023}, {"sysname": "write", "xref": 2204, "ts": 0, "blob": "{'filename': u'/data/data/com.cdjm.reader.zheyang58/databases/books.db'}", "type": "SYSCALL", "id": 15025}, {"sysname": "write", "xref": 2204, "ts": 0, "blob": "{'filename': u'/data/data/com.cdjm.reader.zheyang58/databases/books.db'}", "type": "SYSCALL", "id": 15027}, {"sysname": "write", "xref": 2204, "ts": 0, "blob": "{'filename': u'/data/data/com.cdjm.reader.zheyang58/databases/books.db'}", "type": "SYSCALL", "id": 15029}]}, {"tid": 318, "procname": "eader.zheyang58", "class": "FS ACCESS", "low": [{"sysname": "open", "blob": "{'flags': 131138, 'mode': 420, 'filename': u'/data/data/com.cdjm.reader.zheyang58/databases/webview.db\\x00'}", "type": "SYSCALL", "id": 3326, "ts": 0}, {"sysname": "write", "xref": 3326, "ts": 0, "blob": "{'filename': u'/data/data/com.cdjm.reader.zheyang58/databases/webview.db'}", "type": "SYSCALL", "id": 3410}, {"sysname": "write", "xref": 3326, "ts": 0, "blob": "{'filename': u'/data/data/com.cdjm.reader.zheyang58/databases/webview.db'}", "type": "SYSCALL", "id": 3412}, {"sysname": "write", "xref": 3326, "ts": 0, "blob": "{'filename': u'/data/data/com.cdjm.reader.zheyang58/databases/webview.db'}", "type": "SYSCALL", "id": 3414}, {"sysname": "write", "xref": 3326, "ts": 0, "blob": "{'filename': u'/data/data/com.cdjm.reader.zheyang58/databases/webview.db'}", "type": "SYSCALL", "id": 3487}, {"sysname": "write", "xref": 3326, "ts": 0, "blob": "{'filename': u'/data/data/com.cdjm.reader.zheyang58/databases/webview.db'}", "type": "SYSCALL", "id": 3490}, {"sysname": "write", "xref": 3326, "ts": 0, "blob": "{'filename': u'/data/data/com.cdjm.reader.zheyang58/databases/webview.db'}", "type": "SYSCALL", "id": 3747}, {"sysname": "write", "xref": 3326, "ts": 0, "blob": "{'filename': u'/data/data/com.cdjm.reader.zheyang58/databases/webview.db'}", "type": "SYSCALL", "id": 3749}, {"sysname": "write", "xref": 3326, "ts": 0, "blob": "{'filename': u'/data/data/com.cdjm.reader.zheyang58/databases/webview.db'}", "type": "SYSCALL", "id": 3751}, {"sysname": "write", "xref": 3326, "ts": 0, "blob": "{'filename': u'/data/data/com.cdjm.reader.zheyang58/databases/webview.db'}", "type": "SYSCALL", "id": 3757}, {"sysname": "write", "xref": 3326, "ts": 0, "blob": "{'filename': u'/data/data/com.cdjm.reader.zheyang58/databases/webview.db'}", "type": "SYSCALL", "id": 3759}, {"sysname": "write", "xref": 3326, "ts": 0, "blob": "{'filename': u'/data/data/com.cdjm.reader.zheyang58/databases/webview.db'}", "type": "SYSCALL", "id": 3761}, {"sysname": "write", "xref": 3326, "ts": 0, "blob": "{'filename': u'/data/data/com.cdjm.reader.zheyang58/databases/webview.db'}", "type": "SYSCALL", "id": 3763}, {"sysname": "write", "xref": 3326, "ts": 0, "blob": "{'filename': u'/data/data/com.cdjm.reader.zheyang58/databases/webview.db'}", "type": "SYSCALL", "id": 3765}, {"sysname": "write", "xref": 3326, "ts": 0, "blob": "{'filename': u'/data/data/com.cdjm.reader.zheyang58/databases/webview.db'}", "type": "SYSCALL", "id": 3769}, {"sysname": "write", "xref": 3326, "ts": 0, "blob": "{'filename': u'/data/data/com.cdjm.reader.zheyang58/databases/webview.db'}", "type": "SYSCALL", "id": 3771}, {"sysname": "write", "xref": 3326, "ts": 0, "blob": "{'filename': u'/data/data/com.cdjm.reader.zheyang58/databases/webview.db'}", "type": "SYSCALL", "id": 3773}, {"sysname": "write", "xref": 3326, "ts": 0, "blob": "{'filename': u'/data/data/com.cdjm.reader.zheyang58/databases/webview.db'}", "type": "SYSCALL", "id": 3775}, {"sysname": "write", "xref": 3326, "ts": 0, "blob": "{'filename': u'/data/data/com.cdjm.reader.zheyang58/databases/webview.db'}", "type": "SYSCALL", "id": 3777}]}, {"tid": 328, "procname": "Thread-11", "class": "ACCESS PERSONAL INFO", "subclass": "PHONE", "low": [{"method_name": "com.android.internal.telephony.IPhoneSubInfo.getDeviceId()()", "type": "BINDER", "id": 3406, "ts": 0}]}, {"tid": 328, "procname": "Thread-11", "class": "ACCESS PERSONAL INFO", "subclass": "PHONE", "low": [{"method_name": "com.android.internal.telephony.IPhoneSubInfo.getLine1Number()()", "type": "BINDER", "id": 3558, "ts": 0}]}, {"tid": 332, "procname": "WebViewWorkerTh", "class": "FS ACCESS", "low": [{"sysname": "open", "blob": "{'flags': 131138, 'mode': 420, 'filename': u'/data/data/com.cdjm.reader.zheyang58/databases/webviewCache.db\\x00'}", "type": "SYSCALL", "id": 3813, "ts": 0}, {"sysname": "write", "xref": 3813, "ts": 0, "blob": "{'filename': u'/data/data/com.cdjm.reader.zheyang58/databases/webviewCache.db'}", "type": "SYSCALL", "id": 3932}, {"sysname": "write", "xref": 3813, "ts": 0, "blob": "{'filename': u'/data/data/com.cdjm.reader.zheyang58/databases/webviewCache.db'}", "type": "SYSCALL", "id": 3934}, {"sysname": "write", "xref": 3813, "ts": 0, "blob": "{'filename': u'/data/data/com.cdjm.reader.zheyang58/databases/webviewCache.db'}", "type": "SYSCALL", "id": 3936}, {"sysname": "write", "xref": 3813, "ts": 0, "blob": "{'filename': u'/data/data/com.cdjm.reader.zheyang58/databases/webviewCache.db'}", "type": "SYSCALL", "id": 4030}, {"sysname": "write", "xref": 3813, "ts": 0, "blob": "{'filename': u'/data/data/com.cdjm.reader.zheyang58/databases/webviewCache.db'}", "type": "SYSCALL", "id": 4032}, {"sysname": "write", "xref": 3813, "ts": 0, "blob": "{'filename': u'/data/data/com.cdjm.reader.zheyang58/databases/webviewCache.db'}", "type": "SYSCALL", "id": 4417}, {"sysname": "write", "xref": 3813, "ts": 0, "blob": "{'filename': u'/data/data/com.cdjm.reader.zheyang58/databases/webviewCache.db'}", "type": "SYSCALL", "id": 4419}, {"sysname": "write", "xref": 3813, "ts": 0, "blob": "{'filename': u'/data/data/com.cdjm.reader.zheyang58/databases/webviewCache.db'}", "type": "SYSCALL", "id": 4426}, {"sysname": "write", "xref": 3813, "ts": 0, "blob": "{'filename': u'/data/data/com.cdjm.reader.zheyang58/databases/webviewCache.db'}", "type": "SYSCALL", "id": 4428}, {"sysname": "write", "xref": 3813, "ts": 0, "blob": "{'filename': u'/data/data/com.cdjm.reader.zheyang58/databases/webviewCache.db'}", "type": "SYSCALL", "id": 4430}, {"sysname": "write", "xref": 3813, "ts": 0, "blob": "{'filename': u'/data/data/com.cdjm.reader.zheyang58/databases/webviewCache.db'}", "type": "SYSCALL", "id": 4712}, {"sysname": "write", "xref": 3813, "ts": 0, "blob": "{'filename': u'/data/data/com.cdjm.reader.zheyang58/databases/webviewCache.db'}", "type": "SYSCALL", "id": 4714}, {"sysname": "write", "xref": 3813, "ts": 0, "blob": "{'filename': u'/data/data/com.cdjm.reader.zheyang58/databases/webviewCache.db'}", "type": "SYSCALL", "id": 4716}, {"sysname": "write", "xref": 3813, "ts": 0, "blob": "{'filename': u'/data/data/com.cdjm.reader.zheyang58/databases/webviewCache.db'}", "type": "SYSCALL", "id": 4718}, {"sysname": "write", "xref": 3813, "ts": 0, "blob": "{'filename': u'/data/data/com.cdjm.reader.zheyang58/databases/webviewCache.db'}", "type": "SYSCALL", "id": 4899}, {"sysname": "write", "xref": 3813, "ts": 0, "blob": "{'filename': u'/data/data/com.cdjm.reader.zheyang58/databases/webviewCache.db'}", "type": "SYSCALL", "id": 4907}, {"sysname": "write", "xref": 3813, "ts": 0, "blob": "{'filename': u'/data/data/com.cdjm.reader.zheyang58/databases/webviewCache.db'}", "type": "SYSCALL", "id": 4909}, {"sysname": "write", "xref": 3813, "ts": 0, "blob": "{'filename': u'/data/data/com.cdjm.reader.zheyang58/databases/webviewCache.db'}", "type": "SYSCALL", "id": 4911}, {"sysname": "write", "xref": 3813, "ts": 0, "blob": "{'filename': u'/data/data/com.cdjm.reader.zheyang58/databases/webviewCache.db'}", "type": "SYSCALL", "id": 9606}, {"sysname": "write", "xref": 3813, "ts": 0, "blob": "{'filename': u'/data/data/com.cdjm.reader.zheyang58/databases/webviewCache.db'}", "type": "SYSCALL", "id": 9608}, {"sysname": "write", "xref": 3813, "ts": 0, "blob": "{'filename': u'/data/data/com.cdjm.reader.zheyang58/databases/webviewCache.db'}", "type": "SYSCALL", "id": 9610}, {"sysname": "write", "xref": 3813, "ts": 0, "blob": "{'filename': u'/data/data/com.cdjm.reader.zheyang58/databases/webviewCache.db'}", "type": "SYSCALL", "id": 9612}]}, {"tid": 328, "procname": "Thread-11", "class": "NETWORK ACCESS", "subclass": "DNS", "low": [{"sysname": "connect", "blob": "{'host': '10.0.2.3', 'retval': 0, 'port': 53}", "type": "SYSCALL", "id": 3903, "ts": 0}, {"sysname": "sendto", "xref": 3903, "ts": 0, "blob": "{'query_data': 'www.jiemai-tech.com. 1 1'}", "type": "SYSCALL", "id": 3904}]}, {"tid": 328, "procname": "Thread-11", "class": "NETWORK ACCESS", "low": [{"sysname": "connect", "blob": "{'host': '::ffff:125.65.110.202', 'retval': -115, 'port': 8081}", "type": "SYSCALL", "id": 3987, "ts": 0}, {"sysname": "sendto", "xref": 3987, "ts": 0, "blob": "=%7B%27destination%27%3A+%27%3A%3Affff%3A125.65.110.202+%27%2C+%27data%27%3A+%27POST+%2Ftest%2Flog+HTTP%2F1.1%5Cr%5CnContent-Length%3A+54%5Cr%5CnContent-Type%3A+application%2Fx-www-form-urlencoded%5Cr%5CnHost%3A+www.jiemai-tech.com%3A8081%5Cr%5CnConnection%3A+Keep-Alive%5Cr%5CnUser-Agent%3A+Apache-HttpClient%2FUNAVAILABLE+%28java+1.4%29%5Cr%5CnExpect%3A+100-Continue%5Cr%5Cn%5Cr%5Cn%27%2C+%27dest-port%27%3A+8081%7D", "type": "SYSCALL", "id": 4337}, {"sysname": "sendto", "xref": 3987, "ts": 0, "blob": "=%7B%27destination%27%3A+%27%3A%3Affff%3A125.65.110.202+%27%2C+%27data%27%3A+%27imei%3D000000000000000%26telcode%3D15555218135%26program%3Debook%27%2C+%27dest-port%27%3A+8081%7D", "type": "SYSCALL", "id": 4395}]}, {"tid": 77, "procname": "ActivityManager", "class": "ACCESS PERSONAL INFO", "subclass": "SMS", "low": [{"recv by": "com.cdjm.reader.zheyang58", "intent": "android.provider.Telephony.SMS_RECEIVED", "type": "INTENT", "id": 4711, "ts": 0}]}, {"tid": 335, "procname": "Thread-17", "class": "FS ACCESS", "low": [{"sysname": "open", "blob": "{'flags': 131138, 'mode': 420, 'filename': u'/data/data/com.cdjm.reader.zheyang58/databases/domob_ads.db\\x00'}", "type": "SYSCALL", "id": 4722, "ts": 0}, {"sysname": "write", "xref": 4722, "ts": 0, "blob": "{'filename': u'/data/data/com.cdjm.reader.zheyang58/databases/domob_ads.db'}", "type": "SYSCALL", "id": 4930}, {"sysname": "write", "xref": 4722, "ts": 0, "blob": "{'filename': u'/data/data/com.cdjm.reader.zheyang58/databases/domob_ads.db'}", "type": "SYSCALL", "id": 4932}, {"sysname": "write", "xref": 4722, "ts": 0, "blob": "{'filename': u'/data/data/com.cdjm.reader.zheyang58/databases/domob_ads.db'}", "type": "SYSCALL", "id": 4938}, {"sysname": "write", "xref": 4722, "ts": 0, "blob": "{'filename': u'/data/data/com.cdjm.reader.zheyang58/databases/domob_ads.db'}", "type": "SYSCALL", "id": 5119}, {"sysname": "write", "xref": 4722, "ts": 0, "blob": "{'filename': u'/data/data/com.cdjm.reader.zheyang58/databases/domob_ads.db'}", "type": "SYSCALL", "id": 5121}, {"sysname": "write", "xref": 4722, "ts": 0, "blob": "{'filename': u'/data/data/com.cdjm.reader.zheyang58/databases/domob_ads.db'}", "type": "SYSCALL", "id": 5461}, {"sysname": "write", "xref": 4722, "ts": 0, "blob": "{'filename': u'/data/data/com.cdjm.reader.zheyang58/databases/domob_ads.db'}", "type": "SYSCALL", "id": 5463}, {"sysname": "write", "xref": 4722, "ts": 0, "blob": "{'filename': u'/data/data/com.cdjm.reader.zheyang58/databases/domob_ads.db'}", "type": "SYSCALL", "id": 5465}, {"sysname": "write", "xref": 4722, "ts": 0, "blob": "{'filename': u'/data/data/com.cdjm.reader.zheyang58/databases/domob_ads.db'}", "type": "SYSCALL", "id": 5467}, {"sysname": "write", "xref": 4722, "ts": 0, "blob": "{'filename': u'/data/data/com.cdjm.reader.zheyang58/databases/domob_ads.db'}", "type": "SYSCALL", "id": 5478}, {"sysname": "write", "xref": 4722, "ts": 0, "blob": "{'filename': u'/data/data/com.cdjm.reader.zheyang58/databases/domob_ads.db'}", "type": "SYSCALL", "id": 5619}, {"sysname": "write", "xref": 4722, "ts": 0, "blob": "{'filename': u'/data/data/com.cdjm.reader.zheyang58/databases/domob_ads.db'}", "type": "SYSCALL", "id": 5621}, {"sysname": "write", "xref": 4722, "ts": 0, "blob": "{'filename': u'/data/data/com.cdjm.reader.zheyang58/databases/domob_ads.db'}", "type": "SYSCALL", "id": 7268}, {"sysname": "write", "xref": 4722, "ts": 0, "blob": "{'filename': u'/data/data/com.cdjm.reader.zheyang58/databases/domob_ads.db'}", "type": "SYSCALL", "id": 7270}]}, {"tid": 335, "procname": "Thread-17", "class": "ACCESS PERSONAL INFO", "subclass": "PHONE", "low": [{"method_name": "com.android.internal.telephony.IPhoneSubInfo.getDeviceId()()", "type": "BINDER", "id": 5778, "ts": 0}]}, {"tid": 335, "procname": "Thread-17", "class": "ACCESS PERSONAL INFO", "subclass": "PHONE", "low": [{"method_name": "com.android.internal.telephony.IPhoneSubInfo.getDeviceId()()", "type": "BINDER", "id": 5797, "ts": 0}]}, {"tid": 335, "procname": "Thread-17", "class": "ACCESS PERSONAL INFO", "subclass": "PHONE", "low": [{"method_name": "com.android.internal.telephony.IPhoneSubInfo.getSubscriberId()()", "type": "BINDER", "id": 5811, "ts": 0}]}, {"tid": 155, "procname": "Binder Thread #", "class": "ACCESS PERSONAL INFO", "subclass": "SMS", "low": [{"recv by": "com.cdjm.reader.zheyang58", "intent": "android.provider.Telephony.SMS_RECEIVED", "type": "INTENT", "id": 5912, "ts": 0}]}, {"tid": 335, "procname": "Thread-17", "class": "ACCESS PERSONAL INFO", "subclass": "PHONE", "low": [{"method_name": "android.app.IActivityManager.GET_CONTENT_PROVIDER_TRANSACTION()", "type": "BINDER", "id": 5979, "ts": 0}]}, {"tid": 318, "procname": "eader.zheyang58", "class": "FS ACCESS", "low": [{"sysname": "open", "blob": "{'flags': 131649, 'mode': 384, 'filename': u'/data/data/com.cdjm.reader.zheyang58/shared_prefs/0.xml\\x00'}", "type": "SYSCALL", "id": 6094, "ts": 0}, {"sysname": "write", "xref": 6094, "ts": 0, "blob": "{'filename': u'/data/data/com.cdjm.reader.zheyang58/shared_prefs/0.xml'}", "type": "SYSCALL", "id": 6127}]}, {"tid": 335, "procname": "Thread-17", "class": "NETWORK ACCESS", "subclass": "DNS", "low": [{"sysname": "connect", "blob": "{'host': '10.0.2.3', 'retval': 0, 'port': 53}", "type": "SYSCALL", "id": 6130, "ts": 0}, {"sysname": "sendto", "xref": 6130, "ts": 0, "blob": "{'query_data': 'r.domob.cn. 1 1'}", "type": "SYSCALL", "id": 6131}]}, {"tid": 335, "procname": "Thread-17", "class": "NETWORK ACCESS", "subclass": "HTTP", "low": [{"sysname": "connect", "blob": "{'host': '::ffff:58.83.143.22', 'retval': -115, 'port': 80}", "type": "SYSCALL", "id": 6162, "ts": 0}, {"sysname": "sendto", "xref": 6162, "ts": 0, "blob": "=POST+%2Fa%2F+HTTP%2F1.1%0D%0AHost%3A+r.domob.cn%0D%0AUser-Agent%3A+Dalvik%2F1.2.0+%28Linux%3B+U%3B+Android+2.2.3%3B+generic+Build%2FFRK76C%29%0D%0AConnection%3A+Keep-Alive%0D%0AContent-Length%3A+333%0D%0AContent-Type%3A+application%2Fx-www-form-urlencoded%0D%0A", "type": "SYSCALL", "id": 6183}, {"sysname": "sendto", "xref": 6162, "ts": 0, "blob": "=rt%3D4%26ipb%3D56OJye3IuMW%252FbB8j8N%26ua%3Dandroid%252C%252C2.2.3%252C%252Cgeneric%252CAndroid%252C%252C%252C%26l%3Den-us%26f%3Djsonp%26e%3DUTF-8%26sdk%3D1%26v%3D20110513-android-20110513%26idv%3D000000000000000%252C310260000000000%252Cb02f9666-b411-4f3d-93c0-94018e223b0f%26network%3Dgprs%26ts%3D1343206520060%26lm%255Bconfig%255D%3D2012-12-20%253A00%253A00%253A00%26lm%255Bres%255D%3D2012-12-20%253A00%253A00%253A00%26avg%3D0", "type": "SYSCALL", "id": 6295}]}, {"tid": 318, "procname": "eader.zheyang58", "class": "FS ACCESS", "low": [{"sysname": "open", "blob": "{'flags': 131649, 'mode': 384, 'filename': u'/data/data/com.cdjm.reader.zheyang58/shared_prefs/0.xml\\x00'}", "type": "SYSCALL", "id": 6163, "ts": 0}, {"sysname": "write", "xref": 6163, "ts": 0, "blob": "{'filename': u'/data/data/com.cdjm.reader.zheyang58/shared_prefs/0.xml'}", "type": "SYSCALL", "id": 6166}]}, {"tid": 318, "procname": "eader.zheyang58", "class": "FS ACCESS", "low": [{"sysname": "open", "blob": "{'flags': 131649, 'mode': 384, 'filename': u'/data/data/com.cdjm.reader.zheyang58/shared_prefs/0.xml\\x00'}", "type": "SYSCALL", "id": 6177, "ts": 0}, {"sysname": "write", "xref": 6177, "ts": 0, "blob": "{'filename': u'/data/data/com.cdjm.reader.zheyang58/shared_prefs/0.xml'}", "type": "SYSCALL", "id": 6184}]}, {"tid": 318, "procname": "eader.zheyang58", "class": "FS ACCESS", "low": [{"sysname": "open", "blob": "{'flags': 131649, 'mode': 384, 'filename': u'/data/data/com.cdjm.reader.zheyang58/files/anservera.db\\x00'}", "type": "SYSCALL", "id": 6193, "ts": 0}, {"sysname": "write", "xref": 6193, "ts": 0, "blob": "{'filename': u'/data/data/com.cdjm.reader.zheyang58/files/anservera.db'}", "type": "SYSCALL", "id": 6195}, {"sysname": "write", "xref": 6193, "ts": 0, "blob": "{'filename': u'/data/data/com.cdjm.reader.zheyang58/files/anservera.db'}", "type": "SYSCALL", "id": 6196}, {"sysname": "write", "xref": 6193, "ts": 0, "blob": "{'filename': u'/data/data/com.cdjm.reader.zheyang58/files/anservera.db'}", "type": "SYSCALL", "id": 6197}, {"sysname": "write", "xref": 6193, "ts": 0, "blob": "{'filename': u'/data/data/com.cdjm.reader.zheyang58/files/anservera.db'}", "type": "SYSCALL", "id": 6198}, {"sysname": "write", "xref": 6193, "ts": 0, "blob": "{'filename': u'/data/data/com.cdjm.reader.zheyang58/files/anservera.db'}", "type": "SYSCALL", "id": 6199}, {"sysname": "write", "xref": 6193, "ts": 0, "blob": "{'filename': u'/data/data/com.cdjm.reader.zheyang58/files/anservera.db'}", "type": "SYSCALL", "id": 6200}, {"sysname": "write", "xref": 6193, "ts": 0, "blob": "{'filename': u'/data/data/com.cdjm.reader.zheyang58/files/anservera.db'}", "type": "SYSCALL", "id": 6201}, {"sysname": "write", "xref": 6193, "ts": 0, "blob": "{'filename': u'/data/data/com.cdjm.reader.zheyang58/files/anservera.db'}", "type": "SYSCALL", "id": 6202}, {"sysname": "write", "xref": 6193, "ts": 0, "blob": "{'filename': u'/data/data/com.cdjm.reader.zheyang58/files/anservera.db'}", "type": "SYSCALL", "id": 6203}, {"sysname": "write", "xref": 6193, "ts": 0, "blob": "{'filename': u'/data/data/com.cdjm.reader.zheyang58/files/anservera.db'}", "type": "SYSCALL", "id": 6204}, {"sysname": "write", "xref": 6193, "ts": 0, "blob": "{'filename': u'/data/data/com.cdjm.reader.zheyang58/files/anservera.db'}", "type": "SYSCALL", "id": 6205}, {"sysname": "write", "xref": 6193, "ts": 0, "blob": "{'filename': u'/data/data/com.cdjm.reader.zheyang58/files/anservera.db'}", "type": "SYSCALL", "id": 6208}, {"sysname": "write", "xref": 6193, "ts": 0, "blob": "{'filename': u'/data/data/com.cdjm.reader.zheyang58/files/anservera.db'}", "type": "SYSCALL", "id": 6209}, {"sysname": "write", "xref": 6193, "ts": 0, "blob": "{'filename': u'/data/data/com.cdjm.reader.zheyang58/files/anservera.db'}", "type": "SYSCALL", "id": 6210}, {"sysname": "write", "xref": 6193, "ts": 0, "blob": "{'filename': u'/data/data/com.cdjm.reader.zheyang58/files/anservera.db'}", "type": "SYSCALL", "id": 6211}, {"sysname": "write", "xref": 6193, "ts": 0, "blob": "{'filename': u'/data/data/com.cdjm.reader.zheyang58/files/anservera.db'}", "type": "SYSCALL", "id": 6229}, {"sysname": "write", "xref": 6193, "ts": 0, "blob": "{'filename': u'/data/data/com.cdjm.reader.zheyang58/files/anservera.db'}", "type": "SYSCALL", "id": 6262}, {"sysname": "write", "xref": 6193, "ts": 0, "blob": "{'filename': u'/data/data/com.cdjm.reader.zheyang58/files/anservera.db'}", "type": "SYSCALL", "id": 6263}, {"sysname": "write", "xref": 6193, "ts": 0, "blob": "{'filename': u'/data/data/com.cdjm.reader.zheyang58/files/anservera.db'}", "type": "SYSCALL", "id": 6266}, {"sysname": "write", "xref": 6193, "ts": 0, "blob": "{'filename': u'/data/data/com.cdjm.reader.zheyang58/files/anservera.db'}", "type": "SYSCALL", "id": 6288}, {"sysname": "write", "xref": 6193, "ts": 0, "blob": "{'filename': u'/data/data/com.cdjm.reader.zheyang58/files/anservera.db'}", "type": "SYSCALL", "id": 6289}, {"sysname": "write", "xref": 6193, "ts": 0, "blob": "{'filename': u'/data/data/com.cdjm.reader.zheyang58/files/anservera.db'}", "type": "SYSCALL", "id": 6290}, {"sysname": "write", "xref": 6193, "ts": 0, "blob": "{'filename': u'/data/data/com.cdjm.reader.zheyang58/files/anservera.db'}", "type": "SYSCALL", "id": 6300}, {"sysname": "write", "xref": 6193, "ts": 0, "blob": "{'filename': u'/data/data/com.cdjm.reader.zheyang58/files/anservera.db'}", "type": "SYSCALL", "id": 6312}, {"sysname": "write", "xref": 6193, "ts": 0, "blob": "{'filename': u'/data/data/com.cdjm.reader.zheyang58/files/anservera.db'}", "type": "SYSCALL", "id": 6319}, {"sysname": "write", "xref": 6193, "ts": 0, "blob": "{'filename': u'/data/data/com.cdjm.reader.zheyang58/files/anservera.db'}", "type": "SYSCALL", "id": 6320}, {"sysname": "write", "xref": 6193, "ts": 0, "blob": "{'filename': u'/data/data/com.cdjm.reader.zheyang58/files/anservera.db'}", "type": "SYSCALL", "id": 6335}, {"sysname": "write", "xref": 6193, "ts": 0, "blob": "{'filename': u'/data/data/com.cdjm.reader.zheyang58/files/anservera.db'}", "type": "SYSCALL", "id": 6336}, {"sysname": "write", "xref": 6193, "ts": 0, "blob": "{'filename': u'/data/data/com.cdjm.reader.zheyang58/files/anservera.db'}", "type": "SYSCALL", "id": 6348}, {"sysname": "write", "xref": 6193, "ts": 0, "blob": "{'filename': u'/data/data/com.cdjm.reader.zheyang58/files/anservera.db'}", "type": "SYSCALL", "id": 6349}, {"sysname": "write", "xref": 6193, "ts": 0, "blob": "{'filename': u'/data/data/com.cdjm.reader.zheyang58/files/anservera.db'}", "type": "SYSCALL", "id": 6363}]}, {"tid": 318, "procname": "eader.zheyang58", "class": "FS ACCESS", "low": [{"sysname": "open", "blob": "{'flags': 131649, 'mode': 384, 'filename': u'/data/data/com.cdjm.reader.zheyang58/files/anserverb.db\\x00'}", "type": "SYSCALL", "id": 6458, "ts": 0}, {"sysname": "write", "xref": 6458, "ts": 0, "blob": "{'filename': u'/data/data/com.cdjm.reader.zheyang58/files/anserverb.db'}", "type": "SYSCALL", "id": 6478}, {"sysname": "write", "xref": 6458, "ts": 0, "blob": "{'filename': u'/data/data/com.cdjm.reader.zheyang58/files/anserverb.db'}", "type": "SYSCALL", "id": 6479}, {"sysname": "write", "xref": 6458, "ts": 0, "blob": "{'filename': u'/data/data/com.cdjm.reader.zheyang58/files/anserverb.db'}", "type": "SYSCALL", "id": 6480}, {"sysname": "write", "xref": 6458, "ts": 0, "blob": "{'filename': u'/data/data/com.cdjm.reader.zheyang58/files/anserverb.db'}", "type": "SYSCALL", "id": 6499}, {"sysname": "write", "xref": 6458, "ts": 0, "blob": "{'filename': u'/data/data/com.cdjm.reader.zheyang58/files/anserverb.db'}", "type": "SYSCALL", "id": 6504}, {"sysname": "write", "xref": 6458, "ts": 0, "blob": "{'filename': u'/data/data/com.cdjm.reader.zheyang58/files/anserverb.db'}", "type": "SYSCALL", "id": 6505}, {"sysname": "write", "xref": 6458, "ts": 0, "blob": "{'filename': u'/data/data/com.cdjm.reader.zheyang58/files/anserverb.db'}", "type": "SYSCALL", "id": 6523}, {"sysname": "write", "xref": 6458, "ts": 0, "blob": "{'filename': u'/data/data/com.cdjm.reader.zheyang58/files/anserverb.db'}", "type": "SYSCALL", "id": 6524}, {"sysname": "write", "xref": 6458, "ts": 0, "blob": "{'filename': u'/data/data/com.cdjm.reader.zheyang58/files/anserverb.db'}", "type": "SYSCALL", "id": 6525}, {"sysname": "write", "xref": 6458, "ts": 0, "blob": "{'filename': u'/data/data/com.cdjm.reader.zheyang58/files/anserverb.db'}", "type": "SYSCALL", "id": 6531}, {"sysname": "write", "xref": 6458, "ts": 0, "blob": "{'filename': u'/data/data/com.cdjm.reader.zheyang58/files/anserverb.db'}", "type": "SYSCALL", "id": 6532}, {"sysname": "write", "xref": 6458, "ts": 0, "blob": "{'filename': u'/data/data/com.cdjm.reader.zheyang58/files/anserverb.db'}", "type": "SYSCALL", "id": 6549}, {"sysname": "write", "xref": 6458, "ts": 0, "blob": "{'filename': u'/data/data/com.cdjm.reader.zheyang58/files/anserverb.db'}", "type": "SYSCALL", "id": 6550}, {"sysname": "write", "xref": 6458, "ts": 0, "blob": "{'filename': u'/data/data/com.cdjm.reader.zheyang58/files/anserverb.db'}", "type": "SYSCALL", "id": 6551}, {"sysname": "write", "xref": 6458, "ts": 0, "blob": "{'filename': u'/data/data/com.cdjm.reader.zheyang58/files/anserverb.db'}", "type": "SYSCALL", "id": 6563}, {"sysname": "write", "xref": 6458, "ts": 0, "blob": "{'filename': u'/data/data/com.cdjm.reader.zheyang58/files/anserverb.db'}", "type": "SYSCALL", "id": 6564}, {"sysname": "write", "xref": 6458, "ts": 0, "blob": "{'filename': u'/data/data/com.cdjm.reader.zheyang58/files/anserverb.db'}", "type": "SYSCALL", "id": 6565}, {"sysname": "write", "xref": 6458, "ts": 0, "blob": "{'filename': u'/data/data/com.cdjm.reader.zheyang58/files/anserverb.db'}", "type": "SYSCALL", "id": 6578}, {"sysname": "write", "xref": 6458, "ts": 0, "blob": "{'filename': u'/data/data/com.cdjm.reader.zheyang58/files/anserverb.db'}", "type": "SYSCALL", "id": 6582}, {"sysname": "write", "xref": 6458, "ts": 0, "blob": "{'filename': u'/data/data/com.cdjm.reader.zheyang58/files/anserverb.db'}", "type": "SYSCALL", "id": 6583}, {"sysname": "write", "xref": 6458, "ts": 0, "blob": "{'filename': u'/data/data/com.cdjm.reader.zheyang58/files/anserverb.db'}", "type": "SYSCALL", "id": 6584}, {"sysname": "write", "xref": 6458, "ts": 0, "blob": "{'filename': u'/data/data/com.cdjm.reader.zheyang58/files/anserverb.db'}", "type": "SYSCALL", "id": 6614}, {"sysname": "write", "xref": 6458, "ts": 0, "blob": "{'filename': u'/data/data/com.cdjm.reader.zheyang58/files/anserverb.db'}", "type": "SYSCALL", "id": 6615}, {"sysname": "write", "xref": 6458, "ts": 0, "blob": "{'filename': u'/data/data/com.cdjm.reader.zheyang58/files/anserverb.db'}", "type": "SYSCALL", "id": 6626}, {"sysname": "write", "xref": 6458, "ts": 0, "blob": "{'filename': u'/data/data/com.cdjm.reader.zheyang58/files/anserverb.db'}", "type": "SYSCALL", "id": 6627}, {"sysname": "write", "xref": 6458, "ts": 0, "blob": "{'filename': u'/data/data/com.cdjm.reader.zheyang58/files/anserverb.db'}", "type": "SYSCALL", "id": 6639}, {"sysname": "write", "xref": 6458, "ts": 0, "blob": "{'filename': u'/data/data/com.cdjm.reader.zheyang58/files/anserverb.db'}", "type": "SYSCALL", "id": 6640}]}, {"tid": 318, "procname": "eader.zheyang58", "class": "FS ACCESS", "low": [{"sysname": "open", "blob": "{'flags': 131649, 'mode': 384, 'filename': u'/data/data/com.cdjm.reader.zheyang58/shared_prefs/0.xml\\x00'}", "type": "SYSCALL", "id": 6694, "ts": 0}, {"sysname": "write", "xref": 6694, "ts": 0, "blob": "{'filename': u'/data/data/com.cdjm.reader.zheyang58/shared_prefs/0.xml'}", "type": "SYSCALL", "id": 6755}]}, {"tid": 318, "procname": "eader.zheyang58", "class": "FS ACCESS", "low": [{"sysname": "open", "blob": "{'flags': 131649, 'mode': 384, 'filename': u'/data/data/com.cdjm.reader.zheyang58/shared_prefs/0.xml\\x00'}", "type": "SYSCALL", "id": 6826, "ts": 0}, {"sysname": "write", "xref": 6826, "ts": 0, "blob": "{'filename': u'/data/data/com.cdjm.reader.zheyang58/shared_prefs/0.xml'}", "type": "SYSCALL", "id": 6878}]}, {"tid": 331, "procname": "Timer-2", "class": "ACCESS PERSONAL INFO", "subclass": "PHONE", "low": [{"method_name": "com.android.internal.telephony.IPhoneSubInfo.getDeviceId()()", "type": "BINDER", "id": 7287, "ts": 0}]}, {"tid": 331, "procname": "Timer-2", "class": "ACCESS PERSONAL INFO", "subclass": "LOCATION", "low": [{"method_name": "android.location.ILocationManager.TRANSACTION_getProviders()", "type": "BINDER", "id": 7360, "ts": 0}]}, {"tid": 331, "procname": "Timer-2", "class": "ACCESS PERSONAL INFO", "subclass": "LOCATION", "low": [{"method_name": "android.location.ILocationManager.TRANSACTION_getProviders()", "type": "BINDER", "id": 7395, "ts": 0}]}, {"tid": 331, "procname": "Timer-2", "class": "ACCESS PERSONAL INFO", "subclass": "LOCATION", "low": [{"method_name": "android.location.ILocationManager.TRANSACTION_getProviders()", "type": "BINDER", "id": 7403, "ts": 0}]}, {"tid": 331, "procname": "Timer-2", "class": "ACCESS PERSONAL INFO", "subclass": "LOCATION", "low": [{"method_name": "android.location.ILocationManager.TRANSACTION_getProviders()", "type": "BINDER", "id": 7415, "ts": 0}]}, {"tid": 331, "procname": "Timer-2", "class": "ACCESS PERSONAL INFO", "subclass": "LOCATION", "low": [{"method_name": "android.location.ILocationManager.TRANSACTION_getProviders()", "type": "BINDER", "id": 7423, "ts": 0}]}, {"tid": 331, "procname": "Timer-2", "class": "ACCESS PERSONAL INFO", "subclass": "LOCATION", "low": [{"method_name": "android.location.ILocationManager.TRANSACTION_getProviders()", "type": "BINDER", "id": 7430, "ts": 0}]}, {"tid": 331, "procname": "Timer-2", "class": "ACCESS PERSONAL INFO", "subclass": "LOCATION", "low": [{"method_name": "android.location.ILocationManager.TRANSACTION_getProviders()", "type": "BINDER", "id": 7436, "ts": 0}]}, {"tid": 331, "procname": "Timer-2", "class": "ACCESS PERSONAL INFO", "subclass": "LOCATION", "low": [{"method_name": "android.location.ILocationManager.TRANSACTION_getProviders()", "type": "BINDER", "id": 7444, "ts": 0}]}, {"tid": 331, "procname": "Timer-2", "class": "ACCESS PERSONAL INFO", "subclass": "LOCATION", "low": [{"method_name": "android.location.ILocationManager.TRANSACTION_getProviders()", "type": "BINDER", "id": 7451, "ts": 0}]}, {"tid": 331, "procname": "Timer-2", "class": "NETWORK ACCESS", "subclass": "DNS", "low": [{"sysname": "connect", "blob": "{'host': '10.0.2.3', 'retval': 0, 'port': 53}", "type": "SYSCALL", "id": 7603, "ts": 0}, {"sysname": "sendto", "xref": 7603, "ts": 0, "blob": "{'query_data': 'ad.jiemai-tech.com. 1 1'}", "type": "SYSCALL", "id": 7604}]}, {"tid": 331, "procname": "Timer-2", "class": "NETWORK ACCESS", "low": [{"sysname": "connect", "blob": "{'host': '::ffff:117.41.243.33', 'retval': -115, 'port': 7500}", "type": "SYSCALL", "id": 7646, "ts": 0}, {"sysname": "sendto", "xref": 7646, "ts": 0, "blob": "=%7B%27destination%27%3A+%27%3A%3Affff%3A117.41.243.33+%27%2C+%27data%27%3A+%27POST+%2Fad%2Fgethousead.php+HTTP%2F1.1%5Cr%5CnContent-Length%3A+119%5Cr%5CnContent-Type%3A+application%2Fx-www-form-urlencoded%5Cr%5CnHost%3A+ad.jiemai-tech.com%3A7500%5Cr%5CnConnection%3A+Keep-Alive%5Cr%5CnUser-Agent%3A+Apache-HttpClient%2FUNAVAILABLE+%28java+1.4%29%5Cr%5CnExpect%3A+100-Continue%5Cr%5Cn%5Cr%5Cn%27%2C+%27dest-port%27%3A+7500%7D", "type": "SYSCALL", "id": 7704}, {"sysname": "sendto", "xref": 7646, "ts": 0, "blob": "=%7B%27destination%27%3A+%27%3A%3Affff%3A117.41.243.33+%27%2C+%27data%27%3A+%27pkg%3Dcom.cdjm.reader.zheyang58%26imei%3D000000000000000%26model%3Dgeneric%2Bgeneric%26ver%3D2.2.3%26net%3Dmobile%26extra%3Dinternet%26w%3D320%26h%3D32%27%2C+%27dest-port%27%3A+7500%7D", "type": "SYSCALL", "id": 7718}]}, {"tid": 338, "procname": "dexopt", "class": "FS ACCESS", "low": [{"sysname": "open", "blob": "{'flags': 131138, 'mode': 420, 'filename': u'/data/data/com.cdjm.reader.zheyang58/files/anserverb.dex\\x00'}", "type": "SYSCALL", "id": 7943, "ts": 0}, {"sysname": "write", "xref": 7943, "ts": 0, "blob": "{'filename': u'/data/data/com.cdjm.reader.zheyang58/files/anserverb.dex'}", "type": "SYSCALL", "id": 7948}, {"sysname": "write", "xref": 7943, "ts": 0, "blob": "{'filename': u'/data/data/com.cdjm.reader.zheyang58/files/anserverb.dex'}", "type": "SYSCALL", "id": 7952}, {"sysname": "write", "xref": 7943, "ts": 0, "blob": "{'filename': u'/data/data/com.cdjm.reader.zheyang58/files/anserverb.dex'}", "type": "SYSCALL", "id": 7954}, {"sysname": "write", "xref": 7943, "ts": 0, "blob": "{'filename': u'/data/data/com.cdjm.reader.zheyang58/files/anserverb.dex'}", "type": "SYSCALL", "id": 9413}, {"sysname": "write", "xref": 7943, "ts": 0, "blob": "{'filename': u'/data/data/com.cdjm.reader.zheyang58/files/anserverb.dex'}", "type": "SYSCALL", "id": 9416}, {"sysname": "write", "xref": 7943, "ts": 0, "blob": "{'filename': u'/data/data/com.cdjm.reader.zheyang58/files/anserverb.dex'}", "type": "SYSCALL", "id": 9424}, {"sysname": "write", "xref": 7943, "ts": 0, "blob": "{'filename': u'/data/data/com.cdjm.reader.zheyang58/files/anserverb.dex'}", "type": "SYSCALL", "id": 9425}, {"sysname": "write", "xref": 7943, "ts": 0, "blob": "{'filename': u'/data/data/com.cdjm.reader.zheyang58/files/anserverb.dex'}", "type": "SYSCALL", "id": 9430}]}, {"tid": 338, "procname": "eader.zheyang58", "class": "EXECUTE", "low": [{"sysname": "execve", "blob": {"executed_file": "/system/bin/dexopt", "args": "[]", "retval": 0}, "type": "SYSCALL", "id": 7973, "ts": 0}]}, {"tid": 339, "procname": "http0", "class": "NETWORK ACCESS", "subclass": "DNS", "low": [{"sysname": "connect", "blob": "{'host': '10.0.2.3', 'retval': 0, 'port': 53}", "type": "SYSCALL", "id": 8428, "ts": 0}, {"sysname": "sendto", "xref": 8428, "ts": 0, "blob": "{'query_data': 'mws.adsage.com. 1 1'}", "type": "SYSCALL", "id": 8429}]}, {"tid": 339, "procname": "http0", "class": "NETWORK ACCESS", "subclass": "HTTP", "low": [{"sysname": "connect", "blob": "{'host': '::ffff:61.158.249.141', 'retval': -115, 'port': 80}", "type": "SYSCALL", "id": 8622, "ts": 0}, {"sysname": "sendto", "xref": 8622, "ts": 0, "blob": "=GET+%2Fmobisage%2Fbcadm%2F11607%2F201205221023409499.jpg+HTTP%2F1.1%0D%0AHost%3A+mws.adsage.com%0D%0AUser-Agent%3A+Mozilla%2F5.0+%28Linux%3B+U%3B+Android+2.2.3%3B+en-us%3B+generic+Build%2FFRK76C%29+AppleWebKit%2F533.1+%28KHTML%2C+like+Gecko%29+Version%2F4.0+Mobile+Safari%2F533.1%0D%0AAccept%3A+text%2Fxml%2C+text%2Fhtml%2C+application%2Fxhtml%2Bxml%2C+image%2Fpng%2C+text%2Fplain%2C+%2A%2F%2A%3Bq%3D0.8%0D%0AAccept-Language%3A+en-US%0D%0AAccept-Encoding%3A+gzip%0D%0AAccept-Charset%3A+utf-8%2C+iso-8859-1%2C+utf-16%2C+%2A%3Bq%3D0.7%0D%0AReferer%3A+http%3A%2F%2Fad.jiemai-tech.com%3A7500%2Fad%2F%0D%0A", "type": "SYSCALL", "id": 8737}]}, {"tid": 332, "procname": "WebViewWorkerTh", "class": "FS ACCESS", "low": [{"sysname": "open", "blob": "{'flags': 131649, 'mode': 384, 'filename': u'/data/data/com.cdjm.reader.zheyang58/cache/webviewCache/1ce6c04a\\x00'}", "type": "SYSCALL", "id": 9521, "ts": 0}, {"sysname": "write", "xref": 9521, "ts": 0, "blob": "{'filename': u'/data/data/com.cdjm.reader.zheyang58/cache/webviewCache/1ce6c04a'}", "type": "SYSCALL", "id": 9524}, {"sysname": "write", "xref": 9521, "ts": 0, "blob": "{'filename': u'/data/data/com.cdjm.reader.zheyang58/cache/webviewCache/1ce6c04a'}", "type": "SYSCALL", "id": 9529}, {"sysname": "write", "xref": 9521, "ts": 0, "blob": "{'filename': u'/data/data/com.cdjm.reader.zheyang58/cache/webviewCache/1ce6c04a'}", "type": "SYSCALL", "id": 9532}]}, {"tid": 318, "procname": "eader.zheyang58", "class": "FS ACCESS", "low": [{"sysname": "open", "blob": "{'flags': 131649, 'mode': 384, 'filename': u'/data/data/com.cdjm.reader.zheyang58/shared_prefs/0.xml\\x00'}", "type": "SYSCALL", "id": 9531, "ts": 0}, {"sysname": "write", "xref": 9531, "ts": 0, "blob": "{'filename': u'/data/data/com.cdjm.reader.zheyang58/shared_prefs/0.xml'}", "type": "SYSCALL", "id": 9552}]}, {"tid": 318, "procname": "eader.zheyang58", "class": "FS ACCESS", "low": [{"sysname": "open", "blob": "{'flags': 131649, 'mode': 384, 'filename': u'/data/data/com.cdjm.reader.zheyang58/shared_prefs/0.xml\\x00'}", "type": "SYSCALL", "id": 9597, "ts": 0}, {"sysname": "write", "xref": 9597, "ts": 0, "blob": "{'filename': u'/data/data/com.cdjm.reader.zheyang58/shared_prefs/0.xml'}", "type": "SYSCALL", "id": 9847}]}, {"tid": 318, "procname": "eader.zheyang58", "class": "FS ACCESS", "low": [{"sysname": "open", "blob": "{'flags': 131649, 'mode': 384, 'filename': u'/data/data/com.cdjm.reader.zheyang58/shared_prefs/11.xml\\x00'}", "type": "SYSCALL", "id": 9890, "ts": 0}, {"sysname": "write", "xref": 9890, "ts": 0, "blob": "{'filename': u'/data/data/com.cdjm.reader.zheyang58/shared_prefs/11.xml'}", "type": "SYSCALL", "id": 9923}]}, {"tid": 344, "procname": "Thread-24", "class": "ACCESS PERSONAL INFO", "subclass": "PHONE", "low": [{"method_name": "com.android.internal.telephony.IPhoneSubInfo.getSubscriberId()()", "type": "BINDER", "id": 10155, "ts": 0}]}, {"tid": 344, "procname": "Thread-24", "class": "ACCESS PERSONAL INFO", "subclass": "PHONE", "low": [{"method_name": "com.android.internal.telephony.IPhoneSubInfo.getDeviceId()()", "type": "BINDER", "id": 10214, "ts": 0}]}, {"tid": 344, "procname": "Thread-24", "class": "FS ACCESS", "low": [{"sysname": "open", "blob": "{'flags': 131649, 'mode': 384, 'filename': u'/data/data/com.cdjm.reader.zheyang58/shared_prefs/0.xml\\x00'}", "type": "SYSCALL", "id": 10237, "ts": 0}, {"sysname": "write", "xref": 10237, "ts": 0, "blob": "{'filename': u'/data/data/com.cdjm.reader.zheyang58/shared_prefs/0.xml'}", "type": "SYSCALL", "id": 10253}]}, {"tid": 344, "procname": "Thread-24", "class": "NETWORK ACCESS", "subclass": "DNS", "low": [{"sysname": "connect", "blob": "{'host': '10.0.2.3', 'retval': 0, 'port': 53}", "type": "SYSCALL", "id": 10843, "ts": 0}, {"sysname": "sendto", "xref": 10843, "ts": 0, "blob": "{'query_data': 'b4.cookier.co.cc. 1 1'}", "type": "SYSCALL", "id": 10844}]}, {"tid": 344, "procname": "Thread-24", "class": "NETWORK ACCESS", "low": [{"sysname": "connect", "blob": "{'host': '::ffff:10.10.10.10', 'retval': -115, 'port': 8080}", "type": "SYSCALL", "id": 10864, "ts": 0}]}, {"tid": 344, "procname": "Thread-24", "class": "FS ACCESS", "low": [{"sysname": "open", "blob": "{'flags': 131649, 'mode': 384, 'filename': u'/data/data/com.cdjm.reader.zheyang58/shared_prefs/11.xml\\x00'}", "type": "SYSCALL", "id": 12077, "ts": 0}, {"sysname": "write", "xref": 12077, "ts": 0, "blob": "{'filename': u'/data/data/com.cdjm.reader.zheyang58/shared_prefs/11.xml'}", "type": "SYSCALL", "id": 12078}]}, {"tid": 344, "procname": "Thread-24", "class": "FS ACCESS", "low": [{"sysname": "open", "blob": "{'flags': 131649, 'mode': 384, 'filename': u'/data/data/com.cdjm.reader.zheyang58/shared_prefs/11.xml\\x00'}", "type": "SYSCALL", "id": 12091, "ts": 0}, {"sysname": "write", "xref": 12091, "ts": 0, "blob": "{'filename': u'/data/data/com.cdjm.reader.zheyang58/shared_prefs/11.xml'}", "type": "SYSCALL", "id": 12092}]}, {"tid": 344, "procname": "Thread-24", "class": "FS ACCESS", "low": [{"sysname": "open", "blob": "{'flags': 131649, 'mode': 384, 'filename': u'/data/data/com.cdjm.reader.zheyang58/shared_prefs/11.xml\\x00'}", "type": "SYSCALL", "id": 12101, "ts": 0}, {"sysname": "write", "xref": 12101, "ts": 0, "blob": "{'filename': u'/data/data/com.cdjm.reader.zheyang58/shared_prefs/11.xml'}", "type": "SYSCALL", "id": 12102}]}, {"tid": 346, "procname": "dexopt", "class": "FS ACCESS", "low": [{"sysname": "open", "blob": "{'flags': 131138, 'mode': 420, 'filename': u'/data/data/com.cdjm.reader.zheyang58/files/com.cdjm.reader.zheyang58-1.dex\\x00'}", "type": "SYSCALL", "id": 12349, "ts": 0}, {"sysname": "write", "xref": 12349, "ts": 0, "blob": "{'filename': u'/data/data/com.cdjm.reader.zheyang58/files/com.cdjm.reader.zheyang58-1.dex'}", "type": "SYSCALL", "id": 12353}, {"sysname": "write", "xref": 12349, "ts": 0, "blob": "{'filename': u'/data/data/com.cdjm.reader.zheyang58/files/com.cdjm.reader.zheyang58-1.dex'}", "type": "SYSCALL", "id": 12358}, {"sysname": "write", "xref": 12349, "ts": 0, "blob": "{'filename': u'/data/data/com.cdjm.reader.zheyang58/files/com.cdjm.reader.zheyang58-1.dex'}", "type": "SYSCALL", "id": 12359}, {"sysname": "write", "xref": 12349, "ts": 0, "blob": "{'filename': u'/data/data/com.cdjm.reader.zheyang58/files/com.cdjm.reader.zheyang58-1.dex'}", "type": "SYSCALL", "id": 12360}, {"sysname": "write", "xref": 12349, "ts": 0, "blob": "{'filename': u'/data/data/com.cdjm.reader.zheyang58/files/com.cdjm.reader.zheyang58-1.dex'}", "type": "SYSCALL", "id": 12361}, {"sysname": "write", "xref": 12349, "ts": 0, "blob": "{'filename': u'/data/data/com.cdjm.reader.zheyang58/files/com.cdjm.reader.zheyang58-1.dex'}", "type": "SYSCALL", "id": 12362}, {"sysname": "write", "xref": 12349, "ts": 0, "blob": "{'filename': u'/data/data/com.cdjm.reader.zheyang58/files/com.cdjm.reader.zheyang58-1.dex'}", "type": "SYSCALL", "id": 12363}, {"sysname": "write", "xref": 12349, "ts": 0, "blob": "{'filename': u'/data/data/com.cdjm.reader.zheyang58/files/com.cdjm.reader.zheyang58-1.dex'}", "type": "SYSCALL", "id": 12364}, {"sysname": "write", "xref": 12349, "ts": 0, "blob": "{'filename': u'/data/data/com.cdjm.reader.zheyang58/files/com.cdjm.reader.zheyang58-1.dex'}", "type": "SYSCALL", "id": 12365}, {"sysname": "write", "xref": 12349, "ts": 0, "blob": "{'filename': u'/data/data/com.cdjm.reader.zheyang58/files/com.cdjm.reader.zheyang58-1.dex'}", "type": "SYSCALL", "id": 12366}, {"sysname": "write", "xref": 12349, "ts": 0, "blob": "{'filename': u'/data/data/com.cdjm.reader.zheyang58/files/com.cdjm.reader.zheyang58-1.dex'}", "type": "SYSCALL", "id": 12367}, {"sysname": "write", "xref": 12349, "ts": 0, "blob": "{'filename': u'/data/data/com.cdjm.reader.zheyang58/files/com.cdjm.reader.zheyang58-1.dex'}", "type": "SYSCALL", "id": 12368}, {"sysname": "write", "xref": 12349, "ts": 0, "blob": "{'filename': u'/data/data/com.cdjm.reader.zheyang58/files/com.cdjm.reader.zheyang58-1.dex'}", "type": "SYSCALL", "id": 12369}, {"sysname": "write", "xref": 12349, "ts": 0, "blob": "{'filename': u'/data/data/com.cdjm.reader.zheyang58/files/com.cdjm.reader.zheyang58-1.dex'}", "type": "SYSCALL", "id": 12370}, {"sysname": "write", "xref": 12349, "ts": 0, "blob": "{'filename': u'/data/data/com.cdjm.reader.zheyang58/files/com.cdjm.reader.zheyang58-1.dex'}", "type": "SYSCALL", "id": 12371}, {"sysname": "write", "xref": 12349, "ts": 0, "blob": "{'filename': u'/data/data/com.cdjm.reader.zheyang58/files/com.cdjm.reader.zheyang58-1.dex'}", "type": "SYSCALL", "id": 12372}, {"sysname": "write", "xref": 12349, "ts": 0, "blob": "{'filename': u'/data/data/com.cdjm.reader.zheyang58/files/com.cdjm.reader.zheyang58-1.dex'}", "type": "SYSCALL", "id": 12373}, {"sysname": "write", "xref": 12349, "ts": 0, "blob": "{'filename': u'/data/data/com.cdjm.reader.zheyang58/files/com.cdjm.reader.zheyang58-1.dex'}", "type": "SYSCALL", "id": 12374}, {"sysname": "write", "xref": 12349, "ts": 0, "blob": "{'filename': u'/data/data/com.cdjm.reader.zheyang58/files/com.cdjm.reader.zheyang58-1.dex'}", "type": "SYSCALL", "id": 12375}, {"sysname": "write", "xref": 12349, "ts": 0, "blob": "{'filename': u'/data/data/com.cdjm.reader.zheyang58/files/com.cdjm.reader.zheyang58-1.dex'}", "type": "SYSCALL", "id": 12376}, {"sysname": "write", "xref": 12349, "ts": 0, "blob": "{'filename': u'/data/data/com.cdjm.reader.zheyang58/files/com.cdjm.reader.zheyang58-1.dex'}", "type": "SYSCALL", "id": 12377}, {"sysname": "write", "xref": 12349, "ts": 0, "blob": "{'filename': u'/data/data/com.cdjm.reader.zheyang58/files/com.cdjm.reader.zheyang58-1.dex'}", "type": "SYSCALL", "id": 13153}, {"sysname": "write", "xref": 12349, "ts": 0, "blob": "{'filename': u'/data/data/com.cdjm.reader.zheyang58/files/com.cdjm.reader.zheyang58-1.dex'}", "type": "SYSCALL", "id": 13156}, {"sysname": "write", "xref": 12349, "ts": 0, "blob": "{'filename': u'/data/data/com.cdjm.reader.zheyang58/files/com.cdjm.reader.zheyang58-1.dex'}", "type": "SYSCALL", "id": 13157}, {"sysname": "write", "xref": 12349, "ts": 0, "blob": "{'filename': u'/data/data/com.cdjm.reader.zheyang58/files/com.cdjm.reader.zheyang58-1.dex'}", "type": "SYSCALL", "id": 13158}, {"sysname": "write", "xref": 12349, "ts": 0, "blob": "{'filename': u'/data/data/com.cdjm.reader.zheyang58/files/com.cdjm.reader.zheyang58-1.dex'}", "type": "SYSCALL", "id": 13164}]}, {"tid": 346, "procname": "eader.zheyang58", "class": "EXECUTE", "low": [{"sysname": "execve", "blob": {"executed_file": "/system/bin/dexopt", "args": "[]", "retval": 0}, "type": "SYSCALL", "id": 12389, "ts": 0}]}, {"tid": 318, "procname": "eader.zheyang58", "class": "ACCESS PERSONAL INFO", "subclass": "PHONE", "low": [{"method_name": "com.android.internal.telephony.IPhoneSubInfo.getDeviceId()()", "type": "BINDER", "id": 13951, "ts": 0}]}, {"tid": 340, "procname": "http1", "class": "NETWORK ACCESS", "low": [{"sysname": "connect", "blob": "{'host': '::ffff:117.41.243.33', 'retval': -115, 'port': 7500}", "type": "SYSCALL", "id": 14193, "ts": 0}, {"sysname": "sendto", "xref": 14193, "ts": 0, "blob": "=%7B%27destination%27%3A+%27%3A%3Affff%3A117.41.243.33+%27%2C+%27data%27%3A+%27GET+%2Fad%2Fgetstart.php%3Fpkg%3Dcom.cdjm.reader.zheyang58%26imei%3D000000000000000%26model%3Dgeneric%2520generic%26ver%3D2.2.3%26net%3Dmobile%26extra%3Dinternet+HTTP%2F1.1%5Cr%5CnHost%3A+ad.jiemai-tech.com%3A7500%5Cr%5CnAccept-Encoding%3A+gzip%5Cr%5CnAccept-Language%3A+en-US%5Cr%5CnAccept%3A+application%2Fxml%2Capplication%2Fxhtml%2Bxml%2Ctext%2Fhtml%3Bq%3D0.9%2Ctext%2Fplain%3Bq%3D0.8%2Cimage%2Fpng%2C%2A%2F%2A%3Bq%3D0.5%5Cr%5CnUser-Agent%3A+Mozilla%2F5.0+%28Linux%3B+U%3B+Android+2.2.3%3B+en-us%3B+generic+Build%2FFRK76C%29+AppleWebKit%2F533.1+%28KHTML%2C+like+Gecko%29+Version%2F4.0+Mobile+Safari%2F533.1%5Cr%5CnAccept-Charset%3A+utf-8%2C+iso-8859-1%2C+utf-16%2C+%2A%3Bq%3D0.7%5Cr%5Cn%5Cr%5Cn%27%2C+%27dest-port%27%3A+7500%7D", "type": "SYSCALL", "id": 14348}]}, {"tid": 348, "procname": "Thread-27", "class": "NETWORK ACCESS", "low": [{"sysname": "connect", "blob": "{'host': '::ffff:10.10.10.10', 'retval': -115, 'port': 8080}", "type": "SYSCALL", "id": 15999, "ts": 0}]}, {"tid": 348, "procname": "Thread-27", "class": "FS ACCESS", "low": [{"sysname": "open", "blob": "{'flags': 131649, 'mode': 384, 'filename': u'/data/data/com.cdjm.reader.zheyang58/shared_prefs/11.xml\\x00'}", "type": "SYSCALL", "id": 16893, "ts": 0}, {"sysname": "write", "xref": 16893, "ts": 0, "blob": "{'filename': u'/data/data/com.cdjm.reader.zheyang58/shared_prefs/11.xml'}", "type": "SYSCALL", "id": 16898}]}, {"tid": 349, "procname": "eader.zheyang58", "class": "EXECUTE", "low": [{"sysname": "execve", "blob": {"executed_file": "/system/bin/sh", "args": "[]", "retval": 0}, "type": "SYSCALL", "id": 17741, "ts": 0}]}, {"tid": 350, "procname": "Thread-28", "class": "FS ACCESS", "low": [{"sysname": "open", "blob": "{'flags': 131649, 'mode': 384, 'filename': u'/data/data/com.cdjm.reader.zheyang58/shared_prefs/210.xml\\x00'}", "type": "SYSCALL", "id": 18567, "ts": 0}, {"sysname": "write", "xref": 18567, "ts": 0, "blob": "{'filename': u'/data/data/com.cdjm.reader.zheyang58/shared_prefs/210.xml'}", "type": "SYSCALL", "id": 18574}]}, {"tid": 318, "procname": "eader.zheyang58", "class": "FS ACCESS", "low": [{"sysname": "open", "blob": "{'flags': 131649, 'mode': 384, 'filename': u'/data/data/com.cdjm.reader.zheyang58/shared_prefs/0.xml\\x00'}", "type": "SYSCALL", "id": 18569, "ts": 0}, {"sysname": "write", "xref": 18569, "ts": 0, "blob": "{'filename': u'/data/data/com.cdjm.reader.zheyang58/shared_prefs/0.xml'}", "type": "SYSCALL", "id": 18581}]}, {"tid": 350, "procname": "Thread-28", "class": "FS ACCESS", "low": [{"sysname": "open", "blob": "{'flags': 131649, 'mode': 384, 'filename': u'/data/data/com.cdjm.reader.zheyang58/shared_prefs/210.xml\\x00'}", "type": "SYSCALL", "id": 18591, "ts": 0}, {"sysname": "write", "xref": 18591, "ts": 0, "blob": "{'filename': u'/data/data/com.cdjm.reader.zheyang58/shared_prefs/210.xml'}", "type": "SYSCALL", "id": 18618}]}, {"tid": 350, "procname": "Thread-28", "class": "FS ACCESS", "low": [{"sysname": "open", "blob": "{'flags': 131649, 'mode': 384, 'filename': u'/data/data/com.cdjm.reader.zheyang58/shared_prefs/210.xml\\x00'}", "type": "SYSCALL", "id": 18643, "ts": 0}, {"sysname": "write", "xref": 18643, "ts": 0, "blob": "{'filename': u'/data/data/com.cdjm.reader.zheyang58/shared_prefs/210.xml'}", "type": "SYSCALL", "id": 18734}]}, {"tid": 351, "procname": "Thread-29", "class": "ACCESS PERSONAL INFO", "subclass": "PHONE", "low": [{"method_name": "com.android.internal.telephony.IPhoneSubInfo.getSubscriberId()()", "type": "BINDER", "id": 18912, "ts": 0}]}]}}, "userid": "joystick", "country": "UNAVAILABLE", "date_end": "N/A", "date_start": "N/A", "date_submitted": "2012-11-19 17:57:08", "static": "/copperdroid/reports//AnserverBot_genome_stimulated/057f30568cf23fcdb633732c20ceb7464e15d397.apk.log", "submitter_ip": "127.0.0.1", "pcap": "/copperdroid/reports//AnserverBot_genome_stimulated/057f30568cf23fcdb633732c20ceb7464e15d397.apk.pcap", "md5": "da2d8889e898ab4a909e2948dc2ded63"}