{"behaviors": {"static": {}, "dynamic": {"host": [{"tid": 77, "procname": "ActivityManager", "class": "ACCESS PERSONAL INFO", "subclass": "SMS", "low": [{"recv by": "com.keji.danti729", "intent": "android.provider.Telephony.SMS_RECEIVED", "type": "INTENT", "id": 2194, "ts": 0}]}, {"tid": 70, "procname": "Binder Thread #", "class": "ACCESS PERSONAL INFO", "subclass": "SMS", "low": [{"recv by": "com.keji.danti729", "intent": "android.provider.Telephony.SMS_RECEIVED", "type": "INTENT", "id": 2198, "ts": 0}]}]}}, "userid": "joystick", "country": "UNAVAILABLE", "date_end": "N/A", "date_start": "N/A", "date_submitted": "2012-11-19 17:55:51", "static": "/copperdroid/reports//AnserverBot_genome_stimulated/087aee9d1d99e13279272a256b2702338ea2d58b.apk.log", "submitter_ip": "127.0.0.1", "pcap": "/copperdroid/reports//AnserverBot_genome_stimulated/087aee9d1d99e13279272a256b2702338ea2d58b.apk.pcap", "md5": "a11f9f46733bfe20ac32a2b2264daf6c"}