{"behaviors": {"static": {}, "dynamic": {"host": [{"tid": 77, "procname": "ActivityManager", "class": "ACCESS PERSONAL INFO", "subclass": "SMS", "low": [{"recv by": "com.keji.danti626", "intent": "android.provider.Telephony.SMS_RECEIVED", "type": "INTENT", "id": 2269, "ts": 0}]}, {"tid": 155, "procname": "Binder Thread #", "class": "ACCESS PERSONAL INFO", "subclass": "SMS", "low": [{"recv by": "com.keji.danti626", "intent": "android.provider.Telephony.SMS_RECEIVED", "type": "INTENT", "id": 2272, "ts": 0}]}]}}, "userid": "joystick", "country": "UNAVAILABLE", "date_end": "N/A", "date_start": "N/A", "date_submitted": "2012-11-19 17:52:47", "static": "/copperdroid/reports//AnserverBot_genome_stimulated/13aa69204267cc67aefce0fd66f1d88f7f674b83.apk.log", "submitter_ip": "127.0.0.1", "pcap": "/copperdroid/reports//AnserverBot_genome_stimulated/13aa69204267cc67aefce0fd66f1d88f7f674b83.apk.pcap", "md5": "c16b2d6872b62bcd811f9ec8f748f963"}