{"behaviors": {"static": {}, "dynamic": {"host": [{"tid": 77, "procname": "ActivityManager", "class": "ACCESS PERSONAL INFO", "subclass": "SMS", "low": [{"recv by": "com.keji.danti567", "intent": "android.provider.Telephony.SMS_RECEIVED", "type": "INTENT", "id": 2198, "ts": 0}]}]}}, "userid": "joystick", "country": "UNAVAILABLE", "date_end": "N/A", "date_start": "N/A", "date_submitted": "2012-11-19 18:00:46", "static": "/copperdroid/reports//AnserverBot_genome_stimulated/13d7fe4fe6760f6c9d467cc4daf2649ad7d8c7c2.apk.log", "submitter_ip": "127.0.0.1", "pcap": "/copperdroid/reports//AnserverBot_genome_stimulated/13d7fe4fe6760f6c9d467cc4daf2649ad7d8c7c2.apk.pcap", "md5": "acc50d41d0629b1158e0f045981e4ba8"}