{"behaviors": {"static": {}, "dynamic": {"host": [{"tid": 318, "procname": "droid.dateSkill", "class": "ACCESS PERSONAL INFO", "subclass": "PHONE", "low": [{"method_name": "com.android.internal.telephony.IPhoneSubInfo.getIccSerialNumber()()", "type": "BINDER", "id": 1586, "ts": 0}]}, {"tid": 324, "procname": "Thread-8", "class": "ACCESS PERSONAL INFO", "subclass": "PHONE", "low": [{"method_name": "com.android.internal.telephony.IPhoneSubInfo.getLine1Number()()", "type": "BINDER", "id": 1702, "ts": 0}]}, {"tid": 326, "procname": "Thread-10", "class": "NETWORK ACCESS", "subclass": "DNS", "low": [{"sysname": "connect", "blob": "{'host': '10.0.2.3', 'retval': 0, 'port': 53}", "type": "SYSCALL", "id": 1753, "ts": 0}, {"sysname": "sendto", "xref": 1753, "ts": 0, "blob": "{'query_data': 'www.baidu.com. 1 1'}", "type": "SYSCALL", "id": 1754}]}, {"tid": 326, "procname": "Thread-10", "class": "NETWORK ACCESS", "subclass": "HTTP", "low": [{"sysname": "connect", "blob": "{'host': '::ffff:220.181.111.147', 'retval': -115, 'port': 80}", "type": "SYSCALL", "id": 1782, "ts": 0}, {"sysname": "sendto", "xref": 1782, "ts": 0, "blob": "=GET+%2F+HTTP%2F1.1%0D%0AHost%3A+www.baidu.com%0D%0AUser-Agent%3A+Dalvik%2F1.2.0+%28Linux%3B+U%3B+Android+2.2.3%3B+generic+Build%2FFRK76C%29%0D%0AConnection%3A+Keep-Alive%0D%0A", "type": "SYSCALL", "id": 2025}]}, {"tid": 324, "procname": "Thread-8", "class": "NETWORK ACCESS", "subclass": "DNS", "low": [{"sysname": "connect", "blob": "{'host': '10.0.2.3', 'retval': 0, 'port': 53}", "type": "SYSCALL", "id": 1821, "ts": 0}, {"sysname": "sendto", "xref": 1821, "ts": 0, "blob": "{'query_data': 'p1.189works.com. 1 1'}", "type": "SYSCALL", "id": 1822}]}, {"tid": 318, "procname": "droid.dateSkill", "class": "FS ACCESS", "low": [{"sysname": "open", "blob": "{'flags': 131649, 'mode': 384, 'filename': u'/data/data/com.android.dateSkill/shared_prefs/0.xml\\x00'}", "type": "SYSCALL", "id": 1975, "ts": 0}, {"sysname": "write", "xref": 1975, "ts": 0, "blob": "{'filename': u'/data/data/com.android.dateSkill/shared_prefs/0.xml'}", "type": "SYSCALL", "id": 1983}]}, {"tid": 318, "procname": "droid.dateSkill", "class": "FS ACCESS", "low": [{"sysname": "open", "blob": "{'flags': 131649, 'mode': 384, 'filename': u'/data/data/com.android.dateSkill/shared_prefs/0.xml\\x00'}", "type": "SYSCALL", "id": 1995, "ts": 0}, {"sysname": "write", "xref": 1995, "ts": 0, "blob": "{'filename': u'/data/data/com.android.dateSkill/shared_prefs/0.xml'}", "type": "SYSCALL", "id": 2000}]}, {"tid": 318, "procname": "droid.dateSkill", "class": "FS ACCESS", "low": [{"sysname": "open", "blob": "{'flags': 131649, 'mode': 384, 'filename': u'/data/data/com.android.dateSkill/shared_prefs/0.xml\\x00'}", "type": "SYSCALL", "id": 2017, "ts": 0}, {"sysname": "write", "xref": 2017, "ts": 0, "blob": "{'filename': u'/data/data/com.android.dateSkill/shared_prefs/0.xml'}", "type": "SYSCALL", "id": 2044}]}, {"tid": 318, "procname": "droid.dateSkill", "class": "FS ACCESS", "low": [{"sysname": "open", "blob": "{'flags': 131649, 'mode': 384, 'filename': u'/data/data/com.android.dateSkill/files/anservera.db\\x00'}", "type": "SYSCALL", "id": 2124, "ts": 0}, {"sysname": "write", "xref": 2124, "ts": 0, "blob": "{'filename': u'/data/data/com.android.dateSkill/files/anservera.db'}", "type": "SYSCALL", "id": 2137}, {"sysname": "write", "xref": 2124, "ts": 0, "blob": "{'filename': u'/data/data/com.android.dateSkill/files/anservera.db'}", "type": "SYSCALL", "id": 2147}, {"sysname": "write", "xref": 2124, "ts": 0, "blob": "{'filename': u'/data/data/com.android.dateSkill/files/anservera.db'}", "type": "SYSCALL", "id": 2148}, {"sysname": "write", "xref": 2124, "ts": 0, "blob": "{'filename': u'/data/data/com.android.dateSkill/files/anservera.db'}", "type": "SYSCALL", "id": 2155}, {"sysname": "write", "xref": 2124, "ts": 0, "blob": "{'filename': u'/data/data/com.android.dateSkill/files/anservera.db'}", "type": "SYSCALL", "id": 2156}, {"sysname": "write", "xref": 2124, "ts": 0, "blob": "{'filename': u'/data/data/com.android.dateSkill/files/anservera.db'}", "type": "SYSCALL", "id": 2157}, {"sysname": "write", "xref": 2124, "ts": 0, "blob": "{'filename': u'/data/data/com.android.dateSkill/files/anservera.db'}", "type": "SYSCALL", "id": 2163}, {"sysname": "write", "xref": 2124, "ts": 0, "blob": "{'filename': u'/data/data/com.android.dateSkill/files/anservera.db'}", "type": "SYSCALL", "id": 2164}, {"sysname": "write", "xref": 2124, "ts": 0, "blob": "{'filename': u'/data/data/com.android.dateSkill/files/anservera.db'}", "type": "SYSCALL", "id": 2170}, {"sysname": "write", "xref": 2124, "ts": 0, "blob": "{'filename': u'/data/data/com.android.dateSkill/files/anservera.db'}", "type": "SYSCALL", "id": 2171}, {"sysname": "write", "xref": 2124, "ts": 0, "blob": "{'filename': u'/data/data/com.android.dateSkill/files/anservera.db'}", "type": "SYSCALL", "id": 2176}, {"sysname": "write", "xref": 2124, "ts": 0, "blob": "{'filename': u'/data/data/com.android.dateSkill/files/anservera.db'}", "type": "SYSCALL", "id": 2177}, {"sysname": "write", "xref": 2124, "ts": 0, "blob": "{'filename': u'/data/data/com.android.dateSkill/files/anservera.db'}", "type": "SYSCALL", "id": 2178}, {"sysname": "write", "xref": 2124, "ts": 0, "blob": "{'filename': u'/data/data/com.android.dateSkill/files/anservera.db'}", "type": "SYSCALL", "id": 2185}, {"sysname": "write", "xref": 2124, "ts": 0, "blob": "{'filename': u'/data/data/com.android.dateSkill/files/anservera.db'}", "type": "SYSCALL", "id": 2186}, {"sysname": "write", "xref": 2124, "ts": 0, "blob": "{'filename': u'/data/data/com.android.dateSkill/files/anservera.db'}", "type": "SYSCALL", "id": 2187}, {"sysname": "write", "xref": 2124, "ts": 0, "blob": "{'filename': u'/data/data/com.android.dateSkill/files/anservera.db'}", "type": "SYSCALL", "id": 2193}, {"sysname": "write", "xref": 2124, "ts": 0, "blob": "{'filename': u'/data/data/com.android.dateSkill/files/anservera.db'}", "type": "SYSCALL", "id": 2194}, {"sysname": "write", "xref": 2124, "ts": 0, "blob": "{'filename': u'/data/data/com.android.dateSkill/files/anservera.db'}", "type": "SYSCALL", "id": 2198}, {"sysname": "write", "xref": 2124, "ts": 0, "blob": "{'filename': u'/data/data/com.android.dateSkill/files/anservera.db'}", "type": "SYSCALL", "id": 2199}, {"sysname": "write", "xref": 2124, "ts": 0, "blob": "{'filename': u'/data/data/com.android.dateSkill/files/anservera.db'}", "type": "SYSCALL", "id": 2200}, {"sysname": "write", "xref": 2124, "ts": 0, "blob": "{'filename': u'/data/data/com.android.dateSkill/files/anservera.db'}", "type": "SYSCALL", "id": 2206}, {"sysname": "write", "xref": 2124, "ts": 0, "blob": "{'filename': u'/data/data/com.android.dateSkill/files/anservera.db'}", "type": "SYSCALL", "id": 2207}, {"sysname": "write", "xref": 2124, "ts": 0, "blob": "{'filename': u'/data/data/com.android.dateSkill/files/anservera.db'}", "type": "SYSCALL", "id": 2213}, {"sysname": "write", "xref": 2124, "ts": 0, "blob": "{'filename': u'/data/data/com.android.dateSkill/files/anservera.db'}", "type": "SYSCALL", "id": 2214}, {"sysname": "write", "xref": 2124, "ts": 0, "blob": "{'filename': u'/data/data/com.android.dateSkill/files/anservera.db'}", "type": "SYSCALL", "id": 2215}, {"sysname": "write", "xref": 2124, "ts": 0, "blob": "{'filename': u'/data/data/com.android.dateSkill/files/anservera.db'}", "type": "SYSCALL", "id": 2226}, {"sysname": "write", "xref": 2124, "ts": 0, "blob": "{'filename': u'/data/data/com.android.dateSkill/files/anservera.db'}", "type": "SYSCALL", "id": 2227}, {"sysname": "write", "xref": 2124, "ts": 0, "blob": "{'filename': u'/data/data/com.android.dateSkill/files/anservera.db'}", "type": "SYSCALL", "id": 2233}, {"sysname": "write", "xref": 2124, "ts": 0, "blob": "{'filename': u'/data/data/com.android.dateSkill/files/anservera.db'}", "type": "SYSCALL", "id": 2234}, {"sysname": "write", "xref": 2124, "ts": 0, "blob": "{'filename': u'/data/data/com.android.dateSkill/files/anservera.db'}", "type": "SYSCALL", "id": 2241}]}, {"tid": 318, "procname": "droid.dateSkill", "class": "FS ACCESS", "low": [{"sysname": "open", "blob": "{'flags': 131649, 'mode': 384, 'filename': u'/data/data/com.android.dateSkill/files/anserverb.db\\x00'}", "type": "SYSCALL", "id": 2293, "ts": 0}, {"sysname": "write", "xref": 2293, "ts": 0, "blob": "{'filename': u'/data/data/com.android.dateSkill/files/anserverb.db'}", "type": "SYSCALL", "id": 2301}, {"sysname": "write", "xref": 2293, "ts": 0, "blob": "{'filename': u'/data/data/com.android.dateSkill/files/anserverb.db'}", "type": "SYSCALL", "id": 2302}, {"sysname": "write", "xref": 2293, "ts": 0, "blob": "{'filename': u'/data/data/com.android.dateSkill/files/anserverb.db'}", "type": "SYSCALL", "id": 2303}, {"sysname": "write", "xref": 2293, "ts": 0, "blob": "{'filename': u'/data/data/com.android.dateSkill/files/anserverb.db'}", "type": "SYSCALL", "id": 2304}, {"sysname": "write", "xref": 2293, "ts": 0, "blob": "{'filename': u'/data/data/com.android.dateSkill/files/anserverb.db'}", "type": "SYSCALL", "id": 2315}, {"sysname": "write", "xref": 2293, "ts": 0, "blob": "{'filename': u'/data/data/com.android.dateSkill/files/anserverb.db'}", "type": "SYSCALL", "id": 2316}, {"sysname": "write", "xref": 2293, "ts": 0, "blob": "{'filename': u'/data/data/com.android.dateSkill/files/anserverb.db'}", "type": "SYSCALL", "id": 2317}, {"sysname": "write", "xref": 2293, "ts": 0, "blob": "{'filename': u'/data/data/com.android.dateSkill/files/anserverb.db'}", "type": "SYSCALL", "id": 2318}, {"sysname": "write", "xref": 2293, "ts": 0, "blob": "{'filename': u'/data/data/com.android.dateSkill/files/anserverb.db'}", "type": "SYSCALL", "id": 2319}, {"sysname": "write", "xref": 2293, "ts": 0, "blob": "{'filename': u'/data/data/com.android.dateSkill/files/anserverb.db'}", "type": "SYSCALL", "id": 2320}, {"sysname": "write", "xref": 2293, "ts": 0, "blob": "{'filename': u'/data/data/com.android.dateSkill/files/anserverb.db'}", "type": "SYSCALL", "id": 2321}, {"sysname": "write", "xref": 2293, "ts": 0, "blob": "{'filename': u'/data/data/com.android.dateSkill/files/anserverb.db'}", "type": "SYSCALL", "id": 2332}, {"sysname": "write", "xref": 2293, "ts": 0, "blob": "{'filename': u'/data/data/com.android.dateSkill/files/anserverb.db'}", "type": "SYSCALL", "id": 2333}, {"sysname": "write", "xref": 2293, "ts": 0, "blob": "{'filename': u'/data/data/com.android.dateSkill/files/anserverb.db'}", "type": "SYSCALL", "id": 2338}, {"sysname": "write", "xref": 2293, "ts": 0, "blob": "{'filename': u'/data/data/com.android.dateSkill/files/anserverb.db'}", "type": "SYSCALL", "id": 2339}, {"sysname": "write", "xref": 2293, "ts": 0, "blob": "{'filename': u'/data/data/com.android.dateSkill/files/anserverb.db'}", "type": "SYSCALL", "id": 2350}, {"sysname": "write", "xref": 2293, "ts": 0, "blob": "{'filename': u'/data/data/com.android.dateSkill/files/anserverb.db'}", "type": "SYSCALL", "id": 2356}, {"sysname": "write", "xref": 2293, "ts": 0, "blob": "{'filename': u'/data/data/com.android.dateSkill/files/anserverb.db'}", "type": "SYSCALL", "id": 2357}, {"sysname": "write", "xref": 2293, "ts": 0, "blob": "{'filename': u'/data/data/com.android.dateSkill/files/anserverb.db'}", "type": "SYSCALL", "id": 2363}, {"sysname": "write", "xref": 2293, "ts": 0, "blob": "{'filename': u'/data/data/com.android.dateSkill/files/anserverb.db'}", "type": "SYSCALL", "id": 2364}, {"sysname": "write", "xref": 2293, "ts": 0, "blob": "{'filename': u'/data/data/com.android.dateSkill/files/anserverb.db'}", "type": "SYSCALL", "id": 2365}, {"sysname": "write", "xref": 2293, "ts": 0, "blob": "{'filename': u'/data/data/com.android.dateSkill/files/anserverb.db'}", "type": "SYSCALL", "id": 2371}, {"sysname": "write", "xref": 2293, "ts": 0, "blob": "{'filename': u'/data/data/com.android.dateSkill/files/anserverb.db'}", "type": "SYSCALL", "id": 2372}, {"sysname": "write", "xref": 2293, "ts": 0, "blob": "{'filename': u'/data/data/com.android.dateSkill/files/anserverb.db'}", "type": "SYSCALL", "id": 2373}, {"sysname": "write", "xref": 2293, "ts": 0, "blob": "{'filename': u'/data/data/com.android.dateSkill/files/anserverb.db'}", "type": "SYSCALL", "id": 2378}, {"sysname": "write", "xref": 2293, "ts": 0, "blob": "{'filename': u'/data/data/com.android.dateSkill/files/anserverb.db'}", "type": "SYSCALL", "id": 2379}, {"sysname": "write", "xref": 2293, "ts": 0, "blob": "{'filename': u'/data/data/com.android.dateSkill/files/anserverb.db'}", "type": "SYSCALL", "id": 2386}]}, {"tid": 318, "procname": "droid.dateSkill", "class": "FS ACCESS", "low": [{"sysname": "open", "blob": "{'flags': 131649, 'mode': 384, 'filename': u'/data/data/com.android.dateSkill/shared_prefs/0.xml\\x00'}", "type": "SYSCALL", "id": 2404, "ts": 0}, {"sysname": "write", "xref": 2404, "ts": 0, "blob": "{'filename': u'/data/data/com.android.dateSkill/shared_prefs/0.xml'}", "type": "SYSCALL", "id": 2433}]}, {"tid": 318, "procname": "droid.dateSkill", "class": "FS ACCESS", "low": [{"sysname": "open", "blob": "{'flags': 131649, 'mode': 384, 'filename': u'/data/data/com.android.dateSkill/shared_prefs/0.xml\\x00'}", "type": "SYSCALL", "id": 2474, "ts": 0}, {"sysname": "write", "xref": 2474, "ts": 0, "blob": "{'filename': u'/data/data/com.android.dateSkill/shared_prefs/0.xml'}", "type": "SYSCALL", "id": 2509}]}, {"tid": 327, "procname": "dexopt", "class": "FS ACCESS", "low": [{"sysname": "open", "blob": "{'flags': 131138, 'mode': 420, 'filename': u'/data/data/com.android.dateSkill/files/anserverb.dex\\x00'}", "type": "SYSCALL", "id": 4431, "ts": 0}, {"sysname": "write", "xref": 4431, "ts": 0, "blob": "{'filename': u'/data/data/com.android.dateSkill/files/anserverb.dex'}", "type": "SYSCALL", "id": 4441}, {"sysname": "write", "xref": 4431, "ts": 0, "blob": "{'filename': u'/data/data/com.android.dateSkill/files/anserverb.dex'}", "type": "SYSCALL", "id": 4450}, {"sysname": "write", "xref": 4431, "ts": 0, "blob": "{'filename': u'/data/data/com.android.dateSkill/files/anserverb.dex'}", "type": "SYSCALL", "id": 4451}, {"sysname": "write", "xref": 4431, "ts": 0, "blob": "{'filename': u'/data/data/com.android.dateSkill/files/anserverb.dex'}", "type": "SYSCALL", "id": 5049}, {"sysname": "write", "xref": 4431, "ts": 0, "blob": "{'filename': u'/data/data/com.android.dateSkill/files/anserverb.dex'}", "type": "SYSCALL", "id": 5052}, {"sysname": "write", "xref": 4431, "ts": 0, "blob": "{'filename': u'/data/data/com.android.dateSkill/files/anserverb.dex'}", "type": "SYSCALL", "id": 5053}, {"sysname": "write", "xref": 4431, "ts": 0, "blob": "{'filename': u'/data/data/com.android.dateSkill/files/anserverb.dex'}", "type": "SYSCALL", "id": 5054}, {"sysname": "write", "xref": 4431, "ts": 0, "blob": "{'filename': u'/data/data/com.android.dateSkill/files/anserverb.dex'}", "type": "SYSCALL", "id": 5059}]}, {"tid": 327, "procname": "droid.dateSkill", "class": "EXECUTE", "low": [{"sysname": "execve", "blob": {"executed_file": "/system/bin/dexopt", "args": "[]", "retval": 0}, "type": "SYSCALL", "id": 4474, "ts": 0}]}, {"tid": 77, "procname": "ActivityManager", "class": "ACCESS PERSONAL INFO", "subclass": "SMS", "low": [{"recv by": "com.android.dateSkill", "intent": "android.provider.Telephony.SMS_RECEIVED", "type": "INTENT", "id": 5036, "ts": 0}]}, {"tid": 318, "procname": "droid.dateSkill", "class": "FS ACCESS", "low": [{"sysname": "open", "blob": "{'flags': 131649, 'mode': 384, 'filename': u'/data/data/com.android.dateSkill/shared_prefs/0.xml\\x00'}", "type": "SYSCALL", "id": 5096, "ts": 0}, {"sysname": "write", "xref": 5096, "ts": 0, "blob": "{'filename': u'/data/data/com.android.dateSkill/shared_prefs/0.xml'}", "type": "SYSCALL", "id": 5097}]}, {"tid": 318, "procname": "droid.dateSkill", "class": "FS ACCESS", "low": [{"sysname": "open", "blob": "{'flags': 131649, 'mode': 384, 'filename': u'/data/data/com.android.dateSkill/shared_prefs/0.xml\\x00'}", "type": "SYSCALL", "id": 5106, "ts": 0}, {"sysname": "write", "xref": 5106, "ts": 0, "blob": "{'filename': u'/data/data/com.android.dateSkill/shared_prefs/0.xml'}", "type": "SYSCALL", "id": 5107}]}, {"tid": 318, "procname": "droid.dateSkill", "class": "FS ACCESS", "low": [{"sysname": "open", "blob": "{'flags': 131649, 'mode': 384, 'filename': u'/data/data/com.android.dateSkill/shared_prefs/11.xml\\x00'}", "type": "SYSCALL", "id": 5114, "ts": 0}, {"sysname": "write", "xref": 5114, "ts": 0, "blob": "{'filename': u'/data/data/com.android.dateSkill/shared_prefs/11.xml'}", "type": "SYSCALL", "id": 5115}]}, {"tid": 329, "procname": "Thread-11", "class": "ACCESS PERSONAL INFO", "subclass": "PHONE", "low": [{"method_name": "com.android.internal.telephony.IPhoneSubInfo.getLine1Number()()", "type": "BINDER", "id": 5189, "ts": 0}]}, {"tid": 331, "procname": "Thread-13", "class": "ACCESS PERSONAL INFO", "subclass": "PHONE", "low": [{"method_name": "com.android.internal.telephony.IPhoneSubInfo.getSubscriberId()()", "type": "BINDER", "id": 5308, "ts": 0}]}, {"tid": 331, "procname": "Thread-13", "class": "ACCESS PERSONAL INFO", "subclass": "PHONE", "low": [{"method_name": "com.android.internal.telephony.IPhoneSubInfo.getDeviceId()()", "type": "BINDER", "id": 5378, "ts": 0}]}, {"tid": 331, "procname": "Thread-13", "class": "FS ACCESS", "low": [{"sysname": "open", "blob": "{'flags': 131649, 'mode': 384, 'filename': u'/data/data/com.android.dateSkill/shared_prefs/0.xml\\x00'}", "type": "SYSCALL", "id": 5405, "ts": 0}, {"sysname": "write", "xref": 5405, "ts": 0, "blob": "{'filename': u'/data/data/com.android.dateSkill/shared_prefs/0.xml'}", "type": "SYSCALL", "id": 5525}]}, {"tid": 164, "procname": "Binder Thread #", "class": "ACCESS PERSONAL INFO", "subclass": "SMS", "low": [{"recv by": "com.android.dateSkill", "intent": "android.provider.Telephony.SMS_RECEIVED", "type": "INTENT", "id": 5944, "ts": 0}]}, {"tid": 331, "procname": "Thread-13", "class": "NETWORK ACCESS", "subclass": "DNS", "low": [{"sysname": "connect", "blob": "{'host': '10.0.2.3', 'retval': 0, 'port': 53}", "type": "SYSCALL", "id": 6272, "ts": 0}, {"sysname": "sendto", "xref": 6272, "ts": 0, "blob": "{'query_data': 'b4.cookier.co.cc. 1 1'}", "type": "SYSCALL", "id": 6273}]}, {"tid": 331, "procname": "Thread-13", "class": "NETWORK ACCESS", "low": [{"sysname": "connect", "blob": "{'host': '::ffff:10.10.10.10', 'retval': -115, 'port': 8080}", "type": "SYSCALL", "id": 6293, "ts": 0}]}, {"tid": 331, "procname": "Thread-13", "class": "FS ACCESS", "low": [{"sysname": "open", "blob": "{'flags': 131649, 'mode': 384, 'filename': u'/data/data/com.android.dateSkill/shared_prefs/11.xml\\x00'}", "type": "SYSCALL", "id": 7392, "ts": 0}, {"sysname": "write", "xref": 7392, "ts": 0, "blob": "{'filename': u'/data/data/com.android.dateSkill/shared_prefs/11.xml'}", "type": "SYSCALL", "id": 7406}]}, {"tid": 331, "procname": "Thread-13", "class": "FS ACCESS", "low": [{"sysname": "open", "blob": "{'flags': 131649, 'mode': 384, 'filename': u'/data/data/com.android.dateSkill/shared_prefs/11.xml\\x00'}", "type": "SYSCALL", "id": 7445, "ts": 0}, {"sysname": "write", "xref": 7445, "ts": 0, "blob": "{'filename': u'/data/data/com.android.dateSkill/shared_prefs/11.xml'}", "type": "SYSCALL", "id": 7459}]}, {"tid": 331, "procname": "Thread-13", "class": "FS ACCESS", "low": [{"sysname": "open", "blob": "{'flags': 131649, 'mode': 384, 'filename': u'/data/data/com.android.dateSkill/shared_prefs/11.xml\\x00'}", "type": "SYSCALL", "id": 7482, "ts": 0}, {"sysname": "write", "xref": 7482, "ts": 0, "blob": "{'filename': u'/data/data/com.android.dateSkill/shared_prefs/11.xml'}", "type": "SYSCALL", "id": 7496}]}, {"tid": 334, "procname": "dexopt", "class": "FS ACCESS", "low": [{"sysname": "open", "blob": "{'flags': 131138, 'mode': 420, 'filename': u'/data/data/com.android.dateSkill/files/com.android.dateSkill-1.dex\\x00'}", "type": "SYSCALL", "id": 7770, "ts": 0}, {"sysname": "write", "xref": 7770, "ts": 0, "blob": "{'filename': u'/data/data/com.android.dateSkill/files/com.android.dateSkill-1.dex'}", "type": "SYSCALL", "id": 7774}, {"sysname": "write", "xref": 7770, "ts": 0, "blob": "{'filename': u'/data/data/com.android.dateSkill/files/com.android.dateSkill-1.dex'}", "type": "SYSCALL", "id": 7779}, {"sysname": "write", "xref": 7770, "ts": 0, "blob": "{'filename': u'/data/data/com.android.dateSkill/files/com.android.dateSkill-1.dex'}", "type": "SYSCALL", "id": 7780}, {"sysname": "write", "xref": 7770, "ts": 0, "blob": "{'filename': u'/data/data/com.android.dateSkill/files/com.android.dateSkill-1.dex'}", "type": "SYSCALL", "id": 7781}, {"sysname": "write", "xref": 7770, "ts": 0, "blob": "{'filename': u'/data/data/com.android.dateSkill/files/com.android.dateSkill-1.dex'}", "type": "SYSCALL", "id": 7782}, {"sysname": "write", "xref": 7770, "ts": 0, "blob": "{'filename': u'/data/data/com.android.dateSkill/files/com.android.dateSkill-1.dex'}", "type": "SYSCALL", "id": 8414}, {"sysname": "write", "xref": 7770, "ts": 0, "blob": "{'filename': u'/data/data/com.android.dateSkill/files/com.android.dateSkill-1.dex'}", "type": "SYSCALL", "id": 8417}, {"sysname": "write", "xref": 7770, "ts": 0, "blob": "{'filename': u'/data/data/com.android.dateSkill/files/com.android.dateSkill-1.dex'}", "type": "SYSCALL", "id": 8418}, {"sysname": "write", "xref": 7770, "ts": 0, "blob": "{'filename': u'/data/data/com.android.dateSkill/files/com.android.dateSkill-1.dex'}", "type": "SYSCALL", "id": 8419}, {"sysname": "write", "xref": 7770, "ts": 0, "blob": "{'filename': u'/data/data/com.android.dateSkill/files/com.android.dateSkill-1.dex'}", "type": "SYSCALL", "id": 8424}]}, {"tid": 334, "procname": "droid.dateSkill", "class": "EXECUTE", "low": [{"sysname": "execve", "blob": {"executed_file": "/system/bin/dexopt", "args": "[]", "retval": 0}, "type": "SYSCALL", "id": 7794, "ts": 0}]}, {"tid": 335, "procname": "Thread-15", "class": "ACCESS PERSONAL INFO", "subclass": "PHONE", "low": [{"method_name": "com.android.internal.telephony.IPhoneSubInfo.getLine1Number()()", "type": "BINDER", "id": 8859, "ts": 0}]}, {"tid": 337, "procname": "Thread-17", "class": "NETWORK ACCESS", "low": [{"sysname": "connect", "blob": "{'host': '::ffff:10.10.10.10', 'retval': -115, 'port': 8080}", "type": "SYSCALL", "id": 9547, "ts": 0}]}, {"tid": 337, "procname": "Thread-17", "class": "FS ACCESS", "low": [{"sysname": "open", "blob": "{'flags': 131649, 'mode': 384, 'filename': u'/data/data/com.android.dateSkill/shared_prefs/11.xml\\x00'}", "type": "SYSCALL", "id": 10950, "ts": 0}, {"sysname": "write", "xref": 10950, "ts": 0, "blob": "{'filename': u'/data/data/com.android.dateSkill/shared_prefs/11.xml'}", "type": "SYSCALL", "id": 10980}]}, {"tid": 338, "procname": "droid.dateSkill", "class": "EXECUTE", "low": [{"sysname": "execve", "blob": {"executed_file": "/system/bin/sh", "args": "[]", "retval": 0}, "type": "SYSCALL", "id": 11085, "ts": 0}]}, {"tid": 318, "procname": "droid.dateSkill", "class": "FS ACCESS", "low": [{"sysname": "open", "blob": "{'flags': 131649, 'mode': 384, 'filename': u'/data/data/com.android.dateSkill/shared_prefs/0.xml\\x00'}", "type": "SYSCALL", "id": 11678, "ts": 0}, {"sysname": "write", "xref": 11678, "ts": 0, "blob": "{'filename': u'/data/data/com.android.dateSkill/shared_prefs/0.xml'}", "type": "SYSCALL", "id": 11680}]}, {"tid": 339, "procname": "Thread-18", "class": "FS ACCESS", "low": [{"sysname": "open", "blob": "{'flags': 131649, 'mode': 384, 'filename': u'/data/data/com.android.dateSkill/shared_prefs/210.xml\\x00'}", "type": "SYSCALL", "id": 11679, "ts": 0}, {"sysname": "write", "xref": 11679, "ts": 0, "blob": "{'filename': u'/data/data/com.android.dateSkill/shared_prefs/210.xml'}", "type": "SYSCALL", "id": 11699}]}, {"tid": 339, "procname": "Thread-18", "class": "FS ACCESS", "low": [{"sysname": "open", "blob": "{'flags': 131649, 'mode': 384, 'filename': u'/data/data/com.android.dateSkill/shared_prefs/210.xml\\x00'}", "type": "SYSCALL", "id": 11709, "ts": 0}, {"sysname": "write", "xref": 11709, "ts": 0, "blob": "{'filename': u'/data/data/com.android.dateSkill/shared_prefs/210.xml'}", "type": "SYSCALL", "id": 11747}]}, {"tid": 340, "procname": "droid.dateSkill", "class": "EXECUTE", "low": [{"sysname": "execve", "blob": {"executed_file": "/system/bin/sh", "args": "[]", "retval": 0}, "type": "SYSCALL", "id": 11733, "ts": 0}]}, {"tid": 339, "procname": "Thread-18", "class": "FS ACCESS", "low": [{"sysname": "open", "blob": "{'flags': 131649, 'mode': 384, 'filename': u'/data/data/com.android.dateSkill/shared_prefs/210.xml\\x00'}", "type": "SYSCALL", "id": 11792, "ts": 0}, {"sysname": "write", "xref": 11792, "ts": 0, "blob": "{'filename': u'/data/data/com.android.dateSkill/shared_prefs/210.xml'}", "type": "SYSCALL", "id": 11871}]}, {"tid": 341, "procname": "Thread-19", "class": "ACCESS PERSONAL INFO", "subclass": "PHONE", "low": [{"method_name": "com.android.internal.telephony.IPhoneSubInfo.getSubscriberId()()", "type": "BINDER", "id": 12071, "ts": 0}]}, {"tid": 341, "procname": "Thread-19", "class": "NETWORK ACCESS", "low": [{"sysname": "connect", "blob": "{'host': '::ffff:10.10.10.10', 'retval': -115, 'port': 8080}", "type": "SYSCALL", "id": 12620, "ts": 0}]}, {"tid": 318, "procname": "droid.dateSkill", "class": "FS ACCESS", "low": [{"sysname": "open", "blob": "{'flags': 131649, 'mode': 384, 'filename': u'/data/data/com.android.dateSkill/shared_prefs/210.xml\\x00'}", "type": "SYSCALL", "id": 12636, "ts": 0}, {"sysname": "write", "xref": 12636, "ts": 0, "blob": "{'filename': u'/data/data/com.android.dateSkill/shared_prefs/210.xml'}", "type": "SYSCALL", "id": 12676}]}, {"tid": 318, "procname": "droid.dateSkill", "class": "FS ACCESS", "low": [{"sysname": "open", "blob": "{'flags': 131649, 'mode': 384, 'filename': u'/data/data/com.android.dateSkill/shared_prefs/0.xml\\x00'}", "type": "SYSCALL", "id": 12717, "ts": 0}, {"sysname": "write", "xref": 12717, "ts": 0, "blob": "{'filename': u'/data/data/com.android.dateSkill/shared_prefs/0.xml'}", "type": "SYSCALL", "id": 12764}]}, {"tid": 342, "procname": "droid.dateSkill", "class": "EXECUTE", "low": [{"sysname": "execve", "blob": {"executed_file": "/system/bin/sh", "args": "[]", "retval": 0}, "type": "SYSCALL", "id": 12924, "ts": 0}]}, {"tid": 343, "procname": "Thread-20", "class": "ACCESS PERSONAL INFO", "subclass": "PHONE", "low": [{"method_name": "com.android.internal.telephony.IPhoneSubInfo.getLine1Number()()", "type": "BINDER", "id": 13493, "ts": 0}]}, {"tid": 318, "procname": "droid.dateSkill", "class": "FS ACCESS", "low": [{"sysname": "open", "blob": "{'flags': 131649, 'mode': 384, 'filename': u'/data/data/com.android.dateSkill/shared_prefs/0.xml\\x00'}", "type": "SYSCALL", "id": 13739, "ts": 0}, {"sysname": "write", "xref": 13739, "ts": 0, "blob": "{'filename': u'/data/data/com.android.dateSkill/shared_prefs/0.xml'}", "type": "SYSCALL", "id": 13740}]}, {"tid": 344, "procname": "droid.dateSkill", "class": "EXECUTE", "low": [{"sysname": "execve", "blob": {"executed_file": "/system/bin/sh", "args": "[]", "retval": 0}, "type": "SYSCALL", "id": 13831, "ts": 0}]}, {"tid": 341, "procname": "Thread-19", "class": "FS ACCESS", "low": [{"sysname": "open", "blob": "{'flags': 131649, 'mode': 384, 'filename': u'/data/data/com.android.dateSkill/shared_prefs/21.xml\\x00'}", "type": "SYSCALL", "id": 14418, "ts": 0}, {"sysname": "write", "xref": 14418, "ts": 0, "blob": "{'filename': u'/data/data/com.android.dateSkill/shared_prefs/21.xml'}", "type": "SYSCALL", "id": 14419}]}, {"tid": 341, "procname": "Thread-19", "class": "FS ACCESS", "low": [{"sysname": "open", "blob": "{'flags': 131649, 'mode': 384, 'filename': u'/data/data/com.android.dateSkill/shared_prefs/21.xml\\x00'}", "type": "SYSCALL", "id": 14431, "ts": 0}, {"sysname": "write", "xref": 14431, "ts": 0, "blob": "{'filename': u'/data/data/com.android.dateSkill/shared_prefs/21.xml'}", "type": "SYSCALL", "id": 14432}]}, {"tid": 341, "procname": "Thread-19", "class": "FS ACCESS", "low": [{"sysname": "open", "blob": "{'flags': 131649, 'mode': 384, 'filename': u'/data/data/com.android.dateSkill/shared_prefs/210.xml\\x00'}", "type": "SYSCALL", "id": 14441, "ts": 0}, {"sysname": "write", "xref": 14441, "ts": 0, "blob": "{'filename': u'/data/data/com.android.dateSkill/shared_prefs/210.xml'}", "type": "SYSCALL", "id": 14445}]}, {"tid": 318, "procname": "droid.dateSkill", "class": "FS ACCESS", "low": [{"sysname": "open", "blob": "{'flags': 131649, 'mode': 384, 'filename': u'/data/data/com.android.dateSkill/shared_prefs/0.xml\\x00'}", "type": "SYSCALL", "id": 14476, "ts": 0}, {"sysname": "write", "xref": 14476, "ts": 0, "blob": "{'filename': u'/data/data/com.android.dateSkill/shared_prefs/0.xml'}", "type": "SYSCALL", "id": 14566}]}, {"tid": 346, "procname": "d.process.acore", "class": "ACCESS PERSONAL INFO", "subclass": "ACCOUNT", "low": [{"method_name": "android.accounts.IAccountManager.TRANSACTION_getAccounts()", "type": "BINDER", "id": 16027, "ts": 0}]}, {"tid": 354, "procname": "Thread-22", "class": "ACCESS PERSONAL INFO", "subclass": "PHONE", "low": [{"method_name": "com.android.internal.telephony.IPhoneSubInfo.getLine1Number()()", "type": "BINDER", "id": 16432, "ts": 0}]}, {"tid": 351, "procname": "Binder Thread #", "class": "ACCESS PERSONAL INFO", "subclass": "ACCOUNT", "low": [{"method_name": "android.accounts.IAccountManager.TRANSACTION_getAccountsByFeatures()", "type": "BINDER", "id": 16682, "ts": 0}]}, {"tid": 361, "procname": "Thread-23", "class": "ACCESS PERSONAL INFO", "subclass": "PHONE", "low": [{"method_name": "com.android.internal.telephony.IPhoneSubInfo.getLine1Number()()", "type": "BINDER", "id": 17600, "ts": 0}]}]}}, "userid": "joystick", "country": "UNAVAILABLE", "date_end": "N/A", "date_start": "N/A", "date_submitted": "2012-11-19 17:52:39", "static": "/copperdroid/reports//AnserverBot_genome_stimulated/193cd2a8d549b1ff607569ea6c3f5936ce44c47f.apk.log", "submitter_ip": "127.0.0.1", "pcap": "/copperdroid/reports//AnserverBot_genome_stimulated/193cd2a8d549b1ff607569ea6c3f5936ce44c47f.apk.pcap", "md5": "0fedb99715db80729d2887d090bed329"}