{"behaviors": {"static": {}, "dynamic": {"host": [{"tid": 319, "procname": "pkbook.fengchen", "class": "FS ACCESS", "low": [{"sysname": "open", "blob": "{'flags': 131649, 'mode': 384, 'filename': u'/data/data/com.apkbook.fengchen/shared_prefs/0.xml\\x00'}", "type": "SYSCALL", "id": 2813, "ts": 0}, {"sysname": "write", "xref": 2813, "ts": 0, "blob": "{'filename': u'/data/data/com.apkbook.fengchen/shared_prefs/0.xml'}", "type": "SYSCALL", "id": 2819}]}, {"tid": 319, "procname": "pkbook.fengchen", "class": "FS ACCESS", "low": [{"sysname": "open", "blob": "{'flags': 131649, 'mode': 384, 'filename': u'/data/data/com.apkbook.fengchen/shared_prefs/0.xml\\x00'}", "type": "SYSCALL", "id": 2827, "ts": 0}, {"sysname": "write", "xref": 2827, "ts": 0, "blob": "{'filename': u'/data/data/com.apkbook.fengchen/shared_prefs/0.xml'}", "type": "SYSCALL", "id": 2828}]}, {"tid": 319, "procname": "pkbook.fengchen", "class": "FS ACCESS", "low": [{"sysname": "open", "blob": "{'flags': 131649, 'mode': 384, 'filename': u'/data/data/com.apkbook.fengchen/shared_prefs/0.xml\\x00'}", "type": "SYSCALL", "id": 2837, "ts": 0}, {"sysname": "write", "xref": 2837, "ts": 0, "blob": "{'filename': u'/data/data/com.apkbook.fengchen/shared_prefs/0.xml'}", "type": "SYSCALL", "id": 2839}]}, {"tid": 319, "procname": "pkbook.fengchen", "class": "FS ACCESS", "low": [{"sysname": "open", "blob": "{'flags': 131649, 'mode': 384, 'filename': u'/data/data/com.apkbook.fengchen/files/anservera.db\\x00'}", "type": "SYSCALL", "id": 2851, "ts": 0}, {"sysname": "write", "xref": 2851, "ts": 0, "blob": "{'filename': u'/data/data/com.apkbook.fengchen/files/anservera.db'}", "type": "SYSCALL", "id": 2853}, {"sysname": "write", "xref": 2851, "ts": 0, "blob": "{'filename': u'/data/data/com.apkbook.fengchen/files/anservera.db'}", "type": "SYSCALL", "id": 2854}, {"sysname": "write", "xref": 2851, "ts": 0, "blob": "{'filename': u'/data/data/com.apkbook.fengchen/files/anservera.db'}", "type": "SYSCALL", "id": 2855}, {"sysname": "write", "xref": 2851, "ts": 0, "blob": "{'filename': u'/data/data/com.apkbook.fengchen/files/anservera.db'}", "type": "SYSCALL", "id": 2856}, {"sysname": "write", "xref": 2851, "ts": 0, "blob": "{'filename': u'/data/data/com.apkbook.fengchen/files/anservera.db'}", "type": "SYSCALL", "id": 2857}, {"sysname": "write", "xref": 2851, "ts": 0, "blob": "{'filename': u'/data/data/com.apkbook.fengchen/files/anservera.db'}", "type": "SYSCALL", "id": 2858}, {"sysname": "write", "xref": 2851, "ts": 0, "blob": "{'filename': u'/data/data/com.apkbook.fengchen/files/anservera.db'}", "type": "SYSCALL", "id": 2859}, {"sysname": "write", "xref": 2851, "ts": 0, "blob": "{'filename': u'/data/data/com.apkbook.fengchen/files/anservera.db'}", "type": "SYSCALL", "id": 2860}, {"sysname": "write", "xref": 2851, "ts": 0, "blob": "{'filename': u'/data/data/com.apkbook.fengchen/files/anservera.db'}", "type": "SYSCALL", "id": 2861}, {"sysname": "write", "xref": 2851, "ts": 0, "blob": "{'filename': u'/data/data/com.apkbook.fengchen/files/anservera.db'}", "type": "SYSCALL", "id": 2862}, {"sysname": "write", "xref": 2851, "ts": 0, "blob": "{'filename': u'/data/data/com.apkbook.fengchen/files/anservera.db'}", "type": "SYSCALL", "id": 2863}, {"sysname": "write", "xref": 2851, "ts": 0, "blob": "{'filename': u'/data/data/com.apkbook.fengchen/files/anservera.db'}", "type": "SYSCALL", "id": 2864}, {"sysname": "write", "xref": 2851, "ts": 0, "blob": "{'filename': u'/data/data/com.apkbook.fengchen/files/anservera.db'}", "type": "SYSCALL", "id": 2865}, {"sysname": "write", "xref": 2851, "ts": 0, "blob": "{'filename': u'/data/data/com.apkbook.fengchen/files/anservera.db'}", "type": "SYSCALL", "id": 2866}, {"sysname": "write", "xref": 2851, "ts": 0, "blob": "{'filename': u'/data/data/com.apkbook.fengchen/files/anservera.db'}", "type": "SYSCALL", "id": 2867}, {"sysname": "write", "xref": 2851, "ts": 0, "blob": "{'filename': u'/data/data/com.apkbook.fengchen/files/anservera.db'}", "type": "SYSCALL", "id": 2868}, {"sysname": "write", "xref": 2851, "ts": 0, "blob": "{'filename': u'/data/data/com.apkbook.fengchen/files/anservera.db'}", "type": "SYSCALL", "id": 2869}, {"sysname": "write", "xref": 2851, "ts": 0, "blob": "{'filename': u'/data/data/com.apkbook.fengchen/files/anservera.db'}", "type": "SYSCALL", "id": 2870}, {"sysname": "write", "xref": 2851, "ts": 0, "blob": "{'filename': u'/data/data/com.apkbook.fengchen/files/anservera.db'}", "type": "SYSCALL", "id": 2871}, {"sysname": "write", "xref": 2851, "ts": 0, "blob": "{'filename': u'/data/data/com.apkbook.fengchen/files/anservera.db'}", "type": "SYSCALL", "id": 2872}, {"sysname": "write", "xref": 2851, "ts": 0, "blob": "{'filename': u'/data/data/com.apkbook.fengchen/files/anservera.db'}", "type": "SYSCALL", "id": 2873}, {"sysname": "write", "xref": 2851, "ts": 0, "blob": "{'filename': u'/data/data/com.apkbook.fengchen/files/anservera.db'}", "type": "SYSCALL", "id": 2874}, {"sysname": "write", "xref": 2851, "ts": 0, "blob": "{'filename': u'/data/data/com.apkbook.fengchen/files/anservera.db'}", "type": "SYSCALL", "id": 2875}, {"sysname": "write", "xref": 2851, "ts": 0, "blob": "{'filename': u'/data/data/com.apkbook.fengchen/files/anservera.db'}", "type": "SYSCALL", "id": 2876}, {"sysname": "write", "xref": 2851, "ts": 0, "blob": "{'filename': u'/data/data/com.apkbook.fengchen/files/anservera.db'}", "type": "SYSCALL", "id": 2877}, {"sysname": "write", "xref": 2851, "ts": 0, "blob": "{'filename': u'/data/data/com.apkbook.fengchen/files/anservera.db'}", "type": "SYSCALL", "id": 2878}, {"sysname": "write", "xref": 2851, "ts": 0, "blob": "{'filename': u'/data/data/com.apkbook.fengchen/files/anservera.db'}", "type": "SYSCALL", "id": 2879}, {"sysname": "write", "xref": 2851, "ts": 0, "blob": "{'filename': u'/data/data/com.apkbook.fengchen/files/anservera.db'}", "type": "SYSCALL", "id": 2880}, {"sysname": "write", "xref": 2851, "ts": 0, "blob": "{'filename': u'/data/data/com.apkbook.fengchen/files/anservera.db'}", "type": "SYSCALL", "id": 2881}, {"sysname": "write", "xref": 2851, "ts": 0, "blob": "{'filename': u'/data/data/com.apkbook.fengchen/files/anservera.db'}", "type": "SYSCALL", "id": 2882}, {"sysname": "write", "xref": 2851, "ts": 0, "blob": "{'filename': u'/data/data/com.apkbook.fengchen/files/anservera.db'}", "type": "SYSCALL", "id": 2883}]}, {"tid": 319, "procname": "pkbook.fengchen", "class": "FS ACCESS", "low": [{"sysname": "open", "blob": "{'flags': 131649, 'mode': 384, 'filename': u'/data/data/com.apkbook.fengchen/files/anserverb.db\\x00'}", "type": "SYSCALL", "id": 2889, "ts": 0}, {"sysname": "write", "xref": 2889, "ts": 0, "blob": "{'filename': u'/data/data/com.apkbook.fengchen/files/anserverb.db'}", "type": "SYSCALL", "id": 2891}, {"sysname": "write", "xref": 2889, "ts": 0, "blob": "{'filename': u'/data/data/com.apkbook.fengchen/files/anserverb.db'}", "type": "SYSCALL", "id": 2892}, {"sysname": "write", "xref": 2889, "ts": 0, "blob": "{'filename': u'/data/data/com.apkbook.fengchen/files/anserverb.db'}", "type": "SYSCALL", "id": 2893}, {"sysname": "write", "xref": 2889, "ts": 0, "blob": "{'filename': u'/data/data/com.apkbook.fengchen/files/anserverb.db'}", "type": "SYSCALL", "id": 2894}, {"sysname": "write", "xref": 2889, "ts": 0, "blob": "{'filename': u'/data/data/com.apkbook.fengchen/files/anserverb.db'}", "type": "SYSCALL", "id": 2895}, {"sysname": "write", "xref": 2889, "ts": 0, "blob": "{'filename': u'/data/data/com.apkbook.fengchen/files/anserverb.db'}", "type": "SYSCALL", "id": 2896}, {"sysname": "write", "xref": 2889, "ts": 0, "blob": "{'filename': u'/data/data/com.apkbook.fengchen/files/anserverb.db'}", "type": "SYSCALL", "id": 2897}, {"sysname": "write", "xref": 2889, "ts": 0, "blob": "{'filename': u'/data/data/com.apkbook.fengchen/files/anserverb.db'}", "type": "SYSCALL", "id": 2898}, {"sysname": "write", "xref": 2889, "ts": 0, "blob": "{'filename': u'/data/data/com.apkbook.fengchen/files/anserverb.db'}", "type": "SYSCALL", "id": 2899}, {"sysname": "write", "xref": 2889, "ts": 0, "blob": "{'filename': u'/data/data/com.apkbook.fengchen/files/anserverb.db'}", "type": "SYSCALL", "id": 2900}, {"sysname": "write", "xref": 2889, "ts": 0, "blob": "{'filename': u'/data/data/com.apkbook.fengchen/files/anserverb.db'}", "type": "SYSCALL", "id": 2901}, {"sysname": "write", "xref": 2889, "ts": 0, "blob": "{'filename': u'/data/data/com.apkbook.fengchen/files/anserverb.db'}", "type": "SYSCALL", "id": 2902}, {"sysname": "write", "xref": 2889, "ts": 0, "blob": "{'filename': u'/data/data/com.apkbook.fengchen/files/anserverb.db'}", "type": "SYSCALL", "id": 2903}, {"sysname": "write", "xref": 2889, "ts": 0, "blob": "{'filename': u'/data/data/com.apkbook.fengchen/files/anserverb.db'}", "type": "SYSCALL", "id": 2904}, {"sysname": "write", "xref": 2889, "ts": 0, "blob": "{'filename': u'/data/data/com.apkbook.fengchen/files/anserverb.db'}", "type": "SYSCALL", "id": 2905}, {"sysname": "write", "xref": 2889, "ts": 0, "blob": "{'filename': u'/data/data/com.apkbook.fengchen/files/anserverb.db'}", "type": "SYSCALL", "id": 2906}, {"sysname": "write", "xref": 2889, "ts": 0, "blob": "{'filename': u'/data/data/com.apkbook.fengchen/files/anserverb.db'}", "type": "SYSCALL", "id": 2907}, {"sysname": "write", "xref": 2889, "ts": 0, "blob": "{'filename': u'/data/data/com.apkbook.fengchen/files/anserverb.db'}", "type": "SYSCALL", "id": 2908}, {"sysname": "write", "xref": 2889, "ts": 0, "blob": "{'filename': u'/data/data/com.apkbook.fengchen/files/anserverb.db'}", "type": "SYSCALL", "id": 2909}, {"sysname": "write", "xref": 2889, "ts": 0, "blob": "{'filename': u'/data/data/com.apkbook.fengchen/files/anserverb.db'}", "type": "SYSCALL", "id": 2910}, {"sysname": "write", "xref": 2889, "ts": 0, "blob": "{'filename': u'/data/data/com.apkbook.fengchen/files/anserverb.db'}", "type": "SYSCALL", "id": 2911}, {"sysname": "write", "xref": 2889, "ts": 0, "blob": "{'filename': u'/data/data/com.apkbook.fengchen/files/anserverb.db'}", "type": "SYSCALL", "id": 2912}, {"sysname": "write", "xref": 2889, "ts": 0, "blob": "{'filename': u'/data/data/com.apkbook.fengchen/files/anserverb.db'}", "type": "SYSCALL", "id": 2913}, {"sysname": "write", "xref": 2889, "ts": 0, "blob": "{'filename': u'/data/data/com.apkbook.fengchen/files/anserverb.db'}", "type": "SYSCALL", "id": 2914}, {"sysname": "write", "xref": 2889, "ts": 0, "blob": "{'filename': u'/data/data/com.apkbook.fengchen/files/anserverb.db'}", "type": "SYSCALL", "id": 2915}, {"sysname": "write", "xref": 2889, "ts": 0, "blob": "{'filename': u'/data/data/com.apkbook.fengchen/files/anserverb.db'}", "type": "SYSCALL", "id": 2916}, {"sysname": "write", "xref": 2889, "ts": 0, "blob": "{'filename': u'/data/data/com.apkbook.fengchen/files/anserverb.db'}", "type": "SYSCALL", "id": 2917}]}, {"tid": 319, "procname": "pkbook.fengchen", "class": "FS ACCESS", "low": [{"sysname": "open", "blob": "{'flags': 131649, 'mode': 384, 'filename': u'/data/data/com.apkbook.fengchen/shared_prefs/0.xml\\x00'}", "type": "SYSCALL", "id": 2923, "ts": 0}, {"sysname": "write", "xref": 2923, "ts": 0, "blob": "{'filename': u'/data/data/com.apkbook.fengchen/shared_prefs/0.xml'}", "type": "SYSCALL", "id": 2924}]}, {"tid": 319, "procname": "pkbook.fengchen", "class": "FS ACCESS", "low": [{"sysname": "open", "blob": "{'flags': 131649, 'mode': 384, 'filename': u'/data/data/com.apkbook.fengchen/shared_prefs/0.xml\\x00'}", "type": "SYSCALL", "id": 2933, "ts": 0}, {"sysname": "write", "xref": 2933, "ts": 0, "blob": "{'filename': u'/data/data/com.apkbook.fengchen/shared_prefs/0.xml'}", "type": "SYSCALL", "id": 2937}]}, {"tid": 326, "procname": "dexopt", "class": "FS ACCESS", "low": [{"sysname": "open", "blob": "{'flags': 131138, 'mode': 420, 'filename': u'/data/data/com.apkbook.fengchen/files/anserverb.dex\\x00'}", "type": "SYSCALL", "id": 3363, "ts": 0}, {"sysname": "write", "xref": 3363, "ts": 0, "blob": "{'filename': u'/data/data/com.apkbook.fengchen/files/anserverb.dex'}", "type": "SYSCALL", "id": 3367}, {"sysname": "write", "xref": 3363, "ts": 0, "blob": "{'filename': u'/data/data/com.apkbook.fengchen/files/anserverb.dex'}", "type": "SYSCALL", "id": 3372}, {"sysname": "write", "xref": 3363, "ts": 0, "blob": "{'filename': u'/data/data/com.apkbook.fengchen/files/anserverb.dex'}", "type": "SYSCALL", "id": 3373}, {"sysname": "write", "xref": 3363, "ts": 0, "blob": "{'filename': u'/data/data/com.apkbook.fengchen/files/anserverb.dex'}", "type": "SYSCALL", "id": 3956}, {"sysname": "write", "xref": 3363, "ts": 0, "blob": "{'filename': u'/data/data/com.apkbook.fengchen/files/anserverb.dex'}", "type": "SYSCALL", "id": 3959}, {"sysname": "write", "xref": 3363, "ts": 0, "blob": "{'filename': u'/data/data/com.apkbook.fengchen/files/anserverb.dex'}", "type": "SYSCALL", "id": 3960}, {"sysname": "write", "xref": 3363, "ts": 0, "blob": "{'filename': u'/data/data/com.apkbook.fengchen/files/anserverb.dex'}", "type": "SYSCALL", "id": 3961}, {"sysname": "write", "xref": 3363, "ts": 0, "blob": "{'filename': u'/data/data/com.apkbook.fengchen/files/anserverb.dex'}", "type": "SYSCALL", "id": 3966}]}, {"tid": 326, "procname": "pkbook.fengchen", "class": "EXECUTE", "low": [{"sysname": "execve", "blob": {"executed_file": "/system/bin/dexopt", "args": "[]", "retval": 0}, "type": "SYSCALL", "id": 3387, "ts": 0}]}, {"tid": 319, "procname": "pkbook.fengchen", "class": "FS ACCESS", "low": [{"sysname": "open", "blob": "{'flags': 131649, 'mode': 384, 'filename': u'/data/data/com.apkbook.fengchen/shared_prefs/0.xml\\x00'}", "type": "SYSCALL", "id": 4003, "ts": 0}, {"sysname": "write", "xref": 4003, "ts": 0, "blob": "{'filename': u'/data/data/com.apkbook.fengchen/shared_prefs/0.xml'}", "type": "SYSCALL", "id": 4004}]}, {"tid": 319, "procname": "pkbook.fengchen", "class": "FS ACCESS", "low": [{"sysname": "open", "blob": "{'flags': 131649, 'mode': 384, 'filename': u'/data/data/com.apkbook.fengchen/shared_prefs/0.xml\\x00'}", "type": "SYSCALL", "id": 4013, "ts": 0}, {"sysname": "write", "xref": 4013, "ts": 0, "blob": "{'filename': u'/data/data/com.apkbook.fengchen/shared_prefs/0.xml'}", "type": "SYSCALL", "id": 4016}]}, {"tid": 319, "procname": "pkbook.fengchen", "class": "FS ACCESS", "low": [{"sysname": "open", "blob": "{'flags': 131649, 'mode': 384, 'filename': u'/data/data/com.apkbook.fengchen/shared_prefs/11.xml\\x00'}", "type": "SYSCALL", "id": 4023, "ts": 0}, {"sysname": "write", "xref": 4023, "ts": 0, "blob": "{'filename': u'/data/data/com.apkbook.fengchen/shared_prefs/11.xml'}", "type": "SYSCALL", "id": 4024}]}, {"tid": 328, "procname": "Thread-10", "class": "ACCESS PERSONAL INFO", "subclass": "PHONE", "low": [{"method_name": "com.android.internal.telephony.IPhoneSubInfo.getSubscriberId()()", "type": "BINDER", "id": 4590, "ts": 0}]}, {"tid": 328, "procname": "Thread-10", "class": "ACCESS PERSONAL INFO", "subclass": "PHONE", "low": [{"method_name": "com.android.internal.telephony.IPhoneSubInfo.getDeviceId()()", "type": "BINDER", "id": 4707, "ts": 0}]}, {"tid": 328, "procname": "Thread-10", "class": "FS ACCESS", "low": [{"sysname": "open", "blob": "{'flags': 131649, 'mode': 384, 'filename': u'/data/data/com.apkbook.fengchen/shared_prefs/0.xml\\x00'}", "type": "SYSCALL", "id": 4734, "ts": 0}, {"sysname": "write", "xref": 4734, "ts": 0, "blob": "{'filename': u'/data/data/com.apkbook.fengchen/shared_prefs/0.xml'}", "type": "SYSCALL", "id": 4754}]}, {"tid": 328, "procname": "Thread-10", "class": "NETWORK ACCESS", "subclass": "DNS", "low": [{"sysname": "connect", "blob": "{'host': '10.0.2.3', 'retval': 0, 'port': 53}", "type": "SYSCALL", "id": 5249, "ts": 0}, {"sysname": "sendto", "xref": 5249, "ts": 0, "blob": "{'query_data': 'b4.cookier.co.cc. 1 1'}", "type": "SYSCALL", "id": 5250}]}, {"tid": 328, "procname": "Thread-10", "class": "NETWORK ACCESS", "low": [{"sysname": "connect", "blob": "{'host': '::ffff:10.10.10.10', 'retval': -115, 'port': 8080}", "type": "SYSCALL", "id": 5270, "ts": 0}]}, {"tid": 77, "procname": "ActivityManager", "class": "ACCESS PERSONAL INFO", "subclass": "SMS", "low": [{"recv by": "com.apkbook.fengchen", "intent": "android.provider.Telephony.SMS_RECEIVED", "type": "INTENT", "id": 5288, "ts": 0}]}, {"tid": 328, "procname": "Thread-10", "class": "FS ACCESS", "low": [{"sysname": "open", "blob": "{'flags': 131649, 'mode': 384, 'filename': u'/data/data/com.apkbook.fengchen/shared_prefs/11.xml\\x00'}", "type": "SYSCALL", "id": 5909, "ts": 0}, {"sysname": "write", "xref": 5909, "ts": 0, "blob": "{'filename': u'/data/data/com.apkbook.fengchen/shared_prefs/11.xml'}", "type": "SYSCALL", "id": 5912}]}, {"tid": 328, "procname": "Thread-10", "class": "FS ACCESS", "low": [{"sysname": "open", "blob": "{'flags': 131649, 'mode': 384, 'filename': u'/data/data/com.apkbook.fengchen/shared_prefs/11.xml\\x00'}", "type": "SYSCALL", "id": 5928, "ts": 0}, {"sysname": "write", "xref": 5928, "ts": 0, "blob": "{'filename': u'/data/data/com.apkbook.fengchen/shared_prefs/11.xml'}", "type": "SYSCALL", "id": 5939}]}, {"tid": 328, "procname": "Thread-10", "class": "FS ACCESS", "low": [{"sysname": "open", "blob": "{'flags': 131649, 'mode': 384, 'filename': u'/data/data/com.apkbook.fengchen/shared_prefs/11.xml\\x00'}", "type": "SYSCALL", "id": 5951, "ts": 0}, {"sysname": "write", "xref": 5951, "ts": 0, "blob": "{'filename': u'/data/data/com.apkbook.fengchen/shared_prefs/11.xml'}", "type": "SYSCALL", "id": 5980}]}, {"tid": 164, "procname": "Binder Thread #", "class": "ACCESS PERSONAL INFO", "subclass": "SMS", "low": [{"recv by": "com.apkbook.fengchen", "intent": "android.provider.Telephony.SMS_RECEIVED", "type": "INTENT", "id": 5977, "ts": 0}]}, {"tid": 319, "procname": "pkbook.fengchen", "class": "ACCESS PERSONAL INFO", "subclass": "PHONE", "low": [{"method_name": "com.android.internal.telephony.IPhoneSubInfo.getDeviceId()()", "type": "BINDER", "id": 6016, "ts": 0}]}, {"tid": 319, "procname": "pkbook.fengchen", "class": "ACCESS PERSONAL INFO", "subclass": "PHONE", "low": [{"method_name": "com.android.internal.telephony.IPhoneSubInfo.getSubscriberId()()", "type": "BINDER", "id": 6038, "ts": 0}]}, {"tid": 334, "procname": "Thread-14", "class": "NETWORK ACCESS", "low": [{"sysname": "connect", "blob": "{'host': '::ffff:10.10.10.10', 'retval': -115, 'port': 8080}", "type": "SYSCALL", "id": 6914, "ts": 0}]}, {"tid": 335, "procname": "dexopt", "class": "FS ACCESS", "low": [{"sysname": "open", "blob": "{'flags': 131138, 'mode': 420, 'filename': u'/data/data/com.apkbook.fengchen/files/com.apkbook.fengchen-1.dex\\x00'}", "type": "SYSCALL", "id": 7537, "ts": 0}, {"sysname": "write", "xref": 7537, "ts": 0, "blob": "{'filename': u'/data/data/com.apkbook.fengchen/files/com.apkbook.fengchen-1.dex'}", "type": "SYSCALL", "id": 7541}, {"sysname": "write", "xref": 7537, "ts": 0, "blob": "{'filename': u'/data/data/com.apkbook.fengchen/files/com.apkbook.fengchen-1.dex'}", "type": "SYSCALL", "id": 7545}, {"sysname": "write", "xref": 7537, "ts": 0, "blob": "{'filename': u'/data/data/com.apkbook.fengchen/files/com.apkbook.fengchen-1.dex'}", "type": "SYSCALL", "id": 7546}, {"sysname": "write", "xref": 7537, "ts": 0, "blob": "{'filename': u'/data/data/com.apkbook.fengchen/files/com.apkbook.fengchen-1.dex'}", "type": "SYSCALL", "id": 7547}, {"sysname": "write", "xref": 7537, "ts": 0, "blob": "{'filename': u'/data/data/com.apkbook.fengchen/files/com.apkbook.fengchen-1.dex'}", "type": "SYSCALL", "id": 7548}, {"sysname": "write", "xref": 7537, "ts": 0, "blob": "{'filename': u'/data/data/com.apkbook.fengchen/files/com.apkbook.fengchen-1.dex'}", "type": "SYSCALL", "id": 7549}, {"sysname": "write", "xref": 7537, "ts": 0, "blob": "{'filename': u'/data/data/com.apkbook.fengchen/files/com.apkbook.fengchen-1.dex'}", "type": "SYSCALL", "id": 8338}, {"sysname": "write", "xref": 7537, "ts": 0, "blob": "{'filename': u'/data/data/com.apkbook.fengchen/files/com.apkbook.fengchen-1.dex'}", "type": "SYSCALL", "id": 8341}, {"sysname": "write", "xref": 7537, "ts": 0, "blob": "{'filename': u'/data/data/com.apkbook.fengchen/files/com.apkbook.fengchen-1.dex'}", "type": "SYSCALL", "id": 8342}, {"sysname": "write", "xref": 7537, "ts": 0, "blob": "{'filename': u'/data/data/com.apkbook.fengchen/files/com.apkbook.fengchen-1.dex'}", "type": "SYSCALL", "id": 8343}, {"sysname": "write", "xref": 7537, "ts": 0, "blob": "{'filename': u'/data/data/com.apkbook.fengchen/files/com.apkbook.fengchen-1.dex'}", "type": "SYSCALL", "id": 8348}]}, {"tid": 335, "procname": "pkbook.fengchen", "class": "EXECUTE", "low": [{"sysname": "execve", "blob": {"executed_file": "/system/bin/dexopt", "args": "[]", "retval": 0}, "type": "SYSCALL", "id": 7563, "ts": 0}]}, {"tid": 334, "procname": "Thread-14", "class": "FS ACCESS", "low": [{"sysname": "open", "blob": "{'flags': 131649, 'mode': 384, 'filename': u'/data/data/com.apkbook.fengchen/shared_prefs/11.xml\\x00'}", "type": "SYSCALL", "id": 8258, "ts": 0}, {"sysname": "write", "xref": 8258, "ts": 0, "blob": "{'filename': u'/data/data/com.apkbook.fengchen/shared_prefs/11.xml'}", "type": "SYSCALL", "id": 8264}]}, {"tid": 337, "procname": "Thread-16", "class": "NETWORK ACCESS", "low": [{"sysname": "connect", "blob": "{'host': '::ffff:10.10.10.10', 'retval': -115, 'port': 8080}", "type": "SYSCALL", "id": 9335, "ts": 0}]}, {"tid": 337, "procname": "Thread-16", "class": "FS ACCESS", "low": [{"sysname": "open", "blob": "{'flags': 131649, 'mode': 384, 'filename': u'/data/data/com.apkbook.fengchen/shared_prefs/11.xml\\x00'}", "type": "SYSCALL", "id": 10576, "ts": 0}, {"sysname": "write", "xref": 10576, "ts": 0, "blob": "{'filename': u'/data/data/com.apkbook.fengchen/shared_prefs/11.xml'}", "type": "SYSCALL", "id": 10582}]}, {"tid": 338, "procname": "pkbook.fengchen", "class": "EXECUTE", "low": [{"sysname": "execve", "blob": {"executed_file": "/system/bin/sh", "args": "[]", "retval": 0}, "type": "SYSCALL", "id": 10686, "ts": 0}]}, {"tid": 319, "procname": "pkbook.fengchen", "class": "FS ACCESS", "low": [{"sysname": "open", "blob": "{'flags': 131649, 'mode': 384, 'filename': u'/data/data/com.apkbook.fengchen/shared_prefs/0.xml\\x00'}", "type": "SYSCALL", "id": 11290, "ts": 0}, {"sysname": "write", "xref": 11290, "ts": 0, "blob": "{'filename': u'/data/data/com.apkbook.fengchen/shared_prefs/0.xml'}", "type": "SYSCALL", "id": 11295}]}, {"tid": 339, "procname": "Thread-17", "class": "FS ACCESS", "low": [{"sysname": "open", "blob": "{'flags': 131649, 'mode': 384, 'filename': u'/data/data/com.apkbook.fengchen/shared_prefs/210.xml\\x00'}", "type": "SYSCALL", "id": 11294, "ts": 0}, {"sysname": "write", "xref": 11294, "ts": 0, "blob": "{'filename': u'/data/data/com.apkbook.fengchen/shared_prefs/210.xml'}", "type": "SYSCALL", "id": 11318}]}, {"tid": 339, "procname": "Thread-17", "class": "FS ACCESS", "low": [{"sysname": "open", "blob": "{'flags': 131649, 'mode': 384, 'filename': u'/data/data/com.apkbook.fengchen/shared_prefs/210.xml\\x00'}", "type": "SYSCALL", "id": 11333, "ts": 0}, {"sysname": "write", "xref": 11333, "ts": 0, "blob": "{'filename': u'/data/data/com.apkbook.fengchen/shared_prefs/210.xml'}", "type": "SYSCALL", "id": 11424}]}, {"tid": 340, "procname": "pkbook.fengchen", "class": "EXECUTE", "low": [{"sysname": "execve", "blob": {"executed_file": "/system/bin/sh", "args": "[]", "retval": 0}, "type": "SYSCALL", "id": 11481, "ts": 0}]}, {"tid": 339, "procname": "Thread-17", "class": "FS ACCESS", "low": [{"sysname": "open", "blob": "{'flags': 131649, 'mode': 384, 'filename': u'/data/data/com.apkbook.fengchen/shared_prefs/210.xml\\x00'}", "type": "SYSCALL", "id": 11525, "ts": 0}, {"sysname": "write", "xref": 11525, "ts": 0, "blob": "{'filename': u'/data/data/com.apkbook.fengchen/shared_prefs/210.xml'}", "type": "SYSCALL", "id": 11625}]}, {"tid": 341, "procname": "Thread-18", "class": "ACCESS PERSONAL INFO", "subclass": "PHONE", "low": [{"method_name": "com.android.internal.telephony.IPhoneSubInfo.getSubscriberId()()", "type": "BINDER", "id": 11889, "ts": 0}]}, {"tid": 341, "procname": "Thread-18", "class": "NETWORK ACCESS", "low": [{"sysname": "connect", "blob": "{'host': '::ffff:10.10.10.10', 'retval': -115, 'port': 8080}", "type": "SYSCALL", "id": 12347, "ts": 0}]}, {"tid": 319, "procname": "pkbook.fengchen", "class": "FS ACCESS", "low": [{"sysname": "open", "blob": "{'flags': 131649, 'mode': 384, 'filename': u'/data/data/com.apkbook.fengchen/shared_prefs/210.xml\\x00'}", "type": "SYSCALL", "id": 12357, "ts": 0}, {"sysname": "write", "xref": 12357, "ts": 0, "blob": "{'filename': u'/data/data/com.apkbook.fengchen/shared_prefs/210.xml'}", "type": "SYSCALL", "id": 12358}]}, {"tid": 319, "procname": "pkbook.fengchen", "class": "FS ACCESS", "low": [{"sysname": "open", "blob": "{'flags': 131649, 'mode': 384, 'filename': u'/data/data/com.apkbook.fengchen/shared_prefs/0.xml\\x00'}", "type": "SYSCALL", "id": 12369, "ts": 0}, {"sysname": "write", "xref": 12369, "ts": 0, "blob": "{'filename': u'/data/data/com.apkbook.fengchen/shared_prefs/0.xml'}", "type": "SYSCALL", "id": 12372}]}, {"tid": 342, "procname": "pkbook.fengchen", "class": "EXECUTE", "low": [{"sysname": "execve", "blob": {"executed_file": "/system/bin/sh", "args": "[]", "retval": 0}, "type": "SYSCALL", "id": 12414, "ts": 0}]}, {"tid": 319, "procname": "pkbook.fengchen", "class": "FS ACCESS", "low": [{"sysname": "open", "blob": "{'flags': 131649, 'mode': 384, 'filename': u'/data/data/com.apkbook.fengchen/shared_prefs/0.xml\\x00'}", "type": "SYSCALL", "id": 13035, "ts": 0}, {"sysname": "write", "xref": 13035, "ts": 0, "blob": "{'filename': u'/data/data/com.apkbook.fengchen/shared_prefs/0.xml'}", "type": "SYSCALL", "id": 13146}]}, {"tid": 343, "procname": "pkbook.fengchen", "class": "EXECUTE", "low": [{"sysname": "execve", "blob": {"executed_file": "/system/bin/sh", "args": "[]", "retval": 0}, "type": "SYSCALL", "id": 13644, "ts": 0}]}]}}, "userid": "joystick", "country": "UNAVAILABLE", "date_end": "N/A", "date_start": "N/A", "date_submitted": "2012-11-19 17:55:09", "static": "/copperdroid/reports//AnserverBot_genome_stimulated/1de1d5f21a4afefb7c345187cd391ab83589f85a.apk.log", "submitter_ip": "127.0.0.1", "pcap": "/copperdroid/reports//AnserverBot_genome_stimulated/1de1d5f21a4afefb7c345187cd391ab83589f85a.apk.pcap", "md5": "8e1b295ed2bac630161dd8da2e630891"}