{"behaviors": {"static": {}, "dynamic": {"host": [{"tid": 77, "procname": "ActivityManager", "class": "ACCESS PERSONAL INFO", "subclass": "SMS", "low": [{"recv by": "com.keji.danti627", "intent": "android.provider.Telephony.SMS_RECEIVED", "type": "INTENT", "id": 2514, "ts": 0}]}, {"tid": 154, "procname": "Binder Thread #", "class": "ACCESS PERSONAL INFO", "subclass": "SMS", "low": [{"recv by": "com.keji.danti627", "intent": "android.provider.Telephony.SMS_RECEIVED", "type": "INTENT", "id": 2519, "ts": 0}]}]}}, "userid": "joystick", "country": "UNAVAILABLE", "date_end": "N/A", "date_start": "N/A", "date_submitted": "2012-11-19 17:55:18", "static": "/copperdroid/reports//AnserverBot_genome_stimulated/2d59ea978fba9daac1135091a9b24544708f2ec3.apk.log", "submitter_ip": "127.0.0.1", "pcap": "/copperdroid/reports//AnserverBot_genome_stimulated/2d59ea978fba9daac1135091a9b24544708f2ec3.apk.pcap", "md5": "ca5ec0cf3d1ebadbc32a8eb57e018f9f"}