{"behaviors": {"static": {}, "dynamic": {"host": [{"tid": 319, "procname": "nd.novel_heidao", "class": "FS ACCESS", "low": [{"sysname": "open", "blob": "{'flags': 131649, 'mode': 384, 'filename': u'/data/data/wind.novel_heidao/shared_prefs/0.xml\\x00'}", "type": "SYSCALL", "id": 2027, "ts": 0}, {"sysname": "write", "xref": 2027, "ts": 0, "blob": "{'filename': u'/data/data/wind.novel_heidao/shared_prefs/0.xml'}", "type": "SYSCALL", "id": 2028}]}, {"tid": 319, "procname": "nd.novel_heidao", "class": "FS ACCESS", "low": [{"sysname": "open", "blob": "{'flags': 131649, 'mode': 384, 'filename': u'/data/data/wind.novel_heidao/shared_prefs/0.xml\\x00'}", "type": "SYSCALL", "id": 2036, "ts": 0}, {"sysname": "write", "xref": 2036, "ts": 0, "blob": "{'filename': u'/data/data/wind.novel_heidao/shared_prefs/0.xml'}", "type": "SYSCALL", "id": 2037}]}, {"tid": 319, "procname": "nd.novel_heidao", "class": "FS ACCESS", "low": [{"sysname": "open", "blob": "{'flags': 131649, 'mode': 384, 'filename': u'/data/data/wind.novel_heidao/shared_prefs/0.xml\\x00'}", "type": "SYSCALL", "id": 2046, "ts": 0}, {"sysname": "write", "xref": 2046, "ts": 0, "blob": "{'filename': u'/data/data/wind.novel_heidao/shared_prefs/0.xml'}", "type": "SYSCALL", "id": 2047}]}, {"tid": 319, "procname": "nd.novel_heidao", "class": "FS ACCESS", "low": [{"sysname": "open", "blob": "{'flags': 131649, 'mode': 384, 'filename': u'/data/data/wind.novel_heidao/files/anservera.db\\x00'}", "type": "SYSCALL", "id": 2059, "ts": 0}, {"sysname": "write", "xref": 2059, "ts": 0, "blob": "{'filename': u'/data/data/wind.novel_heidao/files/anservera.db'}", "type": "SYSCALL", "id": 2061}, {"sysname": "write", "xref": 2059, "ts": 0, "blob": "{'filename': u'/data/data/wind.novel_heidao/files/anservera.db'}", "type": "SYSCALL", "id": 2062}, {"sysname": "write", "xref": 2059, "ts": 0, "blob": "{'filename': u'/data/data/wind.novel_heidao/files/anservera.db'}", "type": "SYSCALL", "id": 2063}, {"sysname": "write", "xref": 2059, "ts": 0, "blob": "{'filename': u'/data/data/wind.novel_heidao/files/anservera.db'}", "type": "SYSCALL", "id": 2064}, {"sysname": "write", "xref": 2059, "ts": 0, "blob": "{'filename': u'/data/data/wind.novel_heidao/files/anservera.db'}", "type": "SYSCALL", "id": 2065}, {"sysname": "write", "xref": 2059, "ts": 0, "blob": "{'filename': u'/data/data/wind.novel_heidao/files/anservera.db'}", "type": "SYSCALL", "id": 2066}, {"sysname": "write", "xref": 2059, "ts": 0, "blob": "{'filename': u'/data/data/wind.novel_heidao/files/anservera.db'}", "type": "SYSCALL", "id": 2067}, {"sysname": "write", "xref": 2059, "ts": 0, "blob": "{'filename': u'/data/data/wind.novel_heidao/files/anservera.db'}", "type": "SYSCALL", "id": 2068}, {"sysname": "write", "xref": 2059, "ts": 0, "blob": "{'filename': u'/data/data/wind.novel_heidao/files/anservera.db'}", "type": "SYSCALL", "id": 2069}, {"sysname": "write", "xref": 2059, "ts": 0, "blob": "{'filename': u'/data/data/wind.novel_heidao/files/anservera.db'}", "type": "SYSCALL", "id": 2070}, {"sysname": "write", "xref": 2059, "ts": 0, "blob": "{'filename': u'/data/data/wind.novel_heidao/files/anservera.db'}", "type": "SYSCALL", "id": 2071}, {"sysname": "write", "xref": 2059, "ts": 0, "blob": "{'filename': u'/data/data/wind.novel_heidao/files/anservera.db'}", "type": "SYSCALL", "id": 2072}, {"sysname": "write", "xref": 2059, "ts": 0, "blob": "{'filename': u'/data/data/wind.novel_heidao/files/anservera.db'}", "type": "SYSCALL", "id": 2073}, {"sysname": "write", "xref": 2059, "ts": 0, "blob": "{'filename': u'/data/data/wind.novel_heidao/files/anservera.db'}", "type": "SYSCALL", "id": 2074}, {"sysname": "write", "xref": 2059, "ts": 0, "blob": "{'filename': u'/data/data/wind.novel_heidao/files/anservera.db'}", "type": "SYSCALL", "id": 2075}, {"sysname": "write", "xref": 2059, "ts": 0, "blob": "{'filename': u'/data/data/wind.novel_heidao/files/anservera.db'}", "type": "SYSCALL", "id": 2076}, {"sysname": "write", "xref": 2059, "ts": 0, "blob": "{'filename': u'/data/data/wind.novel_heidao/files/anservera.db'}", "type": "SYSCALL", "id": 2077}, {"sysname": "write", "xref": 2059, "ts": 0, "blob": "{'filename': u'/data/data/wind.novel_heidao/files/anservera.db'}", "type": "SYSCALL", "id": 2078}, {"sysname": "write", "xref": 2059, "ts": 0, "blob": "{'filename': u'/data/data/wind.novel_heidao/files/anservera.db'}", "type": "SYSCALL", "id": 2079}, {"sysname": "write", "xref": 2059, "ts": 0, "blob": "{'filename': u'/data/data/wind.novel_heidao/files/anservera.db'}", "type": "SYSCALL", "id": 2080}, {"sysname": "write", "xref": 2059, "ts": 0, "blob": "{'filename': u'/data/data/wind.novel_heidao/files/anservera.db'}", "type": "SYSCALL", "id": 2081}, {"sysname": "write", "xref": 2059, "ts": 0, "blob": "{'filename': u'/data/data/wind.novel_heidao/files/anservera.db'}", "type": "SYSCALL", "id": 2082}, {"sysname": "write", "xref": 2059, "ts": 0, "blob": "{'filename': u'/data/data/wind.novel_heidao/files/anservera.db'}", "type": "SYSCALL", "id": 2083}, {"sysname": "write", "xref": 2059, "ts": 0, "blob": "{'filename': u'/data/data/wind.novel_heidao/files/anservera.db'}", "type": "SYSCALL", "id": 2084}, {"sysname": "write", "xref": 2059, "ts": 0, "blob": "{'filename': u'/data/data/wind.novel_heidao/files/anservera.db'}", "type": "SYSCALL", "id": 2085}, {"sysname": "write", "xref": 2059, "ts": 0, "blob": "{'filename': u'/data/data/wind.novel_heidao/files/anservera.db'}", "type": "SYSCALL", "id": 2086}, {"sysname": "write", "xref": 2059, "ts": 0, "blob": "{'filename': u'/data/data/wind.novel_heidao/files/anservera.db'}", "type": "SYSCALL", "id": 2087}, {"sysname": "write", "xref": 2059, "ts": 0, "blob": "{'filename': u'/data/data/wind.novel_heidao/files/anservera.db'}", "type": "SYSCALL", "id": 2088}, {"sysname": "write", "xref": 2059, "ts": 0, "blob": "{'filename': u'/data/data/wind.novel_heidao/files/anservera.db'}", "type": "SYSCALL", "id": 2089}, {"sysname": "write", "xref": 2059, "ts": 0, "blob": "{'filename': u'/data/data/wind.novel_heidao/files/anservera.db'}", "type": "SYSCALL", "id": 2090}, {"sysname": "write", "xref": 2059, "ts": 0, "blob": "{'filename': u'/data/data/wind.novel_heidao/files/anservera.db'}", "type": "SYSCALL", "id": 2091}]}, {"tid": 319, "procname": "nd.novel_heidao", "class": "FS ACCESS", "low": [{"sysname": "open", "blob": "{'flags': 131649, 'mode': 384, 'filename': u'/data/data/wind.novel_heidao/files/anserverb.db\\x00'}", "type": "SYSCALL", "id": 2097, "ts": 0}, {"sysname": "write", "xref": 2097, "ts": 0, "blob": "{'filename': u'/data/data/wind.novel_heidao/files/anserverb.db'}", "type": "SYSCALL", "id": 2099}, {"sysname": "write", "xref": 2097, "ts": 0, "blob": "{'filename': u'/data/data/wind.novel_heidao/files/anserverb.db'}", "type": "SYSCALL", "id": 2100}, {"sysname": "write", "xref": 2097, "ts": 0, "blob": "{'filename': u'/data/data/wind.novel_heidao/files/anserverb.db'}", "type": "SYSCALL", "id": 2101}, {"sysname": "write", "xref": 2097, "ts": 0, "blob": "{'filename': u'/data/data/wind.novel_heidao/files/anserverb.db'}", "type": "SYSCALL", "id": 2102}, {"sysname": "write", "xref": 2097, "ts": 0, "blob": "{'filename': u'/data/data/wind.novel_heidao/files/anserverb.db'}", "type": "SYSCALL", "id": 2103}, {"sysname": "write", "xref": 2097, "ts": 0, "blob": "{'filename': u'/data/data/wind.novel_heidao/files/anserverb.db'}", "type": "SYSCALL", "id": 2104}, {"sysname": "write", "xref": 2097, "ts": 0, "blob": "{'filename': u'/data/data/wind.novel_heidao/files/anserverb.db'}", "type": "SYSCALL", "id": 2105}, {"sysname": "write", "xref": 2097, "ts": 0, "blob": "{'filename': u'/data/data/wind.novel_heidao/files/anserverb.db'}", "type": "SYSCALL", "id": 2106}, {"sysname": "write", "xref": 2097, "ts": 0, "blob": "{'filename': u'/data/data/wind.novel_heidao/files/anserverb.db'}", "type": "SYSCALL", "id": 2107}, {"sysname": "write", "xref": 2097, "ts": 0, "blob": "{'filename': u'/data/data/wind.novel_heidao/files/anserverb.db'}", "type": "SYSCALL", "id": 2108}, {"sysname": "write", "xref": 2097, "ts": 0, "blob": "{'filename': u'/data/data/wind.novel_heidao/files/anserverb.db'}", "type": "SYSCALL", "id": 2109}, {"sysname": "write", "xref": 2097, "ts": 0, "blob": "{'filename': u'/data/data/wind.novel_heidao/files/anserverb.db'}", "type": "SYSCALL", "id": 2110}, {"sysname": "write", "xref": 2097, "ts": 0, "blob": "{'filename': u'/data/data/wind.novel_heidao/files/anserverb.db'}", "type": "SYSCALL", "id": 2111}, {"sysname": "write", "xref": 2097, "ts": 0, "blob": "{'filename': u'/data/data/wind.novel_heidao/files/anserverb.db'}", "type": "SYSCALL", "id": 2112}, {"sysname": "write", "xref": 2097, "ts": 0, "blob": "{'filename': u'/data/data/wind.novel_heidao/files/anserverb.db'}", "type": "SYSCALL", "id": 2113}, {"sysname": "write", "xref": 2097, "ts": 0, "blob": "{'filename': u'/data/data/wind.novel_heidao/files/anserverb.db'}", "type": "SYSCALL", "id": 2114}, {"sysname": "write", "xref": 2097, "ts": 0, "blob": "{'filename': u'/data/data/wind.novel_heidao/files/anserverb.db'}", "type": "SYSCALL", "id": 2115}, {"sysname": "write", "xref": 2097, "ts": 0, "blob": "{'filename': u'/data/data/wind.novel_heidao/files/anserverb.db'}", "type": "SYSCALL", "id": 2116}, {"sysname": "write", "xref": 2097, "ts": 0, "blob": "{'filename': u'/data/data/wind.novel_heidao/files/anserverb.db'}", "type": "SYSCALL", "id": 2117}, {"sysname": "write", "xref": 2097, "ts": 0, "blob": "{'filename': u'/data/data/wind.novel_heidao/files/anserverb.db'}", "type": "SYSCALL", "id": 2118}, {"sysname": "write", "xref": 2097, "ts": 0, "blob": "{'filename': u'/data/data/wind.novel_heidao/files/anserverb.db'}", "type": "SYSCALL", "id": 2119}, {"sysname": "write", "xref": 2097, "ts": 0, "blob": "{'filename': u'/data/data/wind.novel_heidao/files/anserverb.db'}", "type": "SYSCALL", "id": 2120}, {"sysname": "write", "xref": 2097, "ts": 0, "blob": "{'filename': u'/data/data/wind.novel_heidao/files/anserverb.db'}", "type": "SYSCALL", "id": 2121}, {"sysname": "write", "xref": 2097, "ts": 0, "blob": "{'filename': u'/data/data/wind.novel_heidao/files/anserverb.db'}", "type": "SYSCALL", "id": 2122}, {"sysname": "write", "xref": 2097, "ts": 0, "blob": "{'filename': u'/data/data/wind.novel_heidao/files/anserverb.db'}", "type": "SYSCALL", "id": 2123}, {"sysname": "write", "xref": 2097, "ts": 0, "blob": "{'filename': u'/data/data/wind.novel_heidao/files/anserverb.db'}", "type": "SYSCALL", "id": 2124}, {"sysname": "write", "xref": 2097, "ts": 0, "blob": "{'filename': u'/data/data/wind.novel_heidao/files/anserverb.db'}", "type": "SYSCALL", "id": 2125}]}, {"tid": 319, "procname": "nd.novel_heidao", "class": "FS ACCESS", "low": [{"sysname": "open", "blob": "{'flags': 131649, 'mode': 384, 'filename': u'/data/data/wind.novel_heidao/shared_prefs/0.xml\\x00'}", "type": "SYSCALL", "id": 2131, "ts": 0}, {"sysname": "write", "xref": 2131, "ts": 0, "blob": "{'filename': u'/data/data/wind.novel_heidao/shared_prefs/0.xml'}", "type": "SYSCALL", "id": 2132}]}, {"tid": 319, "procname": "nd.novel_heidao", "class": "FS ACCESS", "low": [{"sysname": "open", "blob": "{'flags': 131649, 'mode': 384, 'filename': u'/data/data/wind.novel_heidao/shared_prefs/0.xml\\x00'}", "type": "SYSCALL", "id": 2141, "ts": 0}, {"sysname": "write", "xref": 2141, "ts": 0, "blob": "{'filename': u'/data/data/wind.novel_heidao/shared_prefs/0.xml'}", "type": "SYSCALL", "id": 2144}]}, {"tid": 325, "procname": "dexopt", "class": "FS ACCESS", "low": [{"sysname": "open", "blob": "{'flags': 131138, 'mode': 420, 'filename': u'/data/data/wind.novel_heidao/files/anserverb.dex\\x00'}", "type": "SYSCALL", "id": 2571, "ts": 0}, {"sysname": "write", "xref": 2571, "ts": 0, "blob": "{'filename': u'/data/data/wind.novel_heidao/files/anserverb.dex'}", "type": "SYSCALL", "id": 2575}, {"sysname": "write", "xref": 2571, "ts": 0, "blob": "{'filename': u'/data/data/wind.novel_heidao/files/anserverb.dex'}", "type": "SYSCALL", "id": 2580}, {"sysname": "write", "xref": 2571, "ts": 0, "blob": "{'filename': u'/data/data/wind.novel_heidao/files/anserverb.dex'}", "type": "SYSCALL", "id": 2581}, {"sysname": "write", "xref": 2571, "ts": 0, "blob": "{'filename': u'/data/data/wind.novel_heidao/files/anserverb.dex'}", "type": "SYSCALL", "id": 3157}, {"sysname": "write", "xref": 2571, "ts": 0, "blob": "{'filename': u'/data/data/wind.novel_heidao/files/anserverb.dex'}", "type": "SYSCALL", "id": 3160}, {"sysname": "write", "xref": 2571, "ts": 0, "blob": "{'filename': u'/data/data/wind.novel_heidao/files/anserverb.dex'}", "type": "SYSCALL", "id": 3161}, {"sysname": "write", "xref": 2571, "ts": 0, "blob": "{'filename': u'/data/data/wind.novel_heidao/files/anserverb.dex'}", "type": "SYSCALL", "id": 3162}, {"sysname": "write", "xref": 2571, "ts": 0, "blob": "{'filename': u'/data/data/wind.novel_heidao/files/anserverb.dex'}", "type": "SYSCALL", "id": 3167}]}, {"tid": 325, "procname": "nd.novel_heidao", "class": "EXECUTE", "low": [{"sysname": "execve", "blob": {"executed_file": "/system/bin/dexopt", "args": "[]", "retval": 0}, "type": "SYSCALL", "id": 2593, "ts": 0}]}, {"tid": 319, "procname": "nd.novel_heidao", "class": "FS ACCESS", "low": [{"sysname": "open", "blob": "{'flags': 131649, 'mode': 384, 'filename': u'/data/data/wind.novel_heidao/shared_prefs/0.xml\\x00'}", "type": "SYSCALL", "id": 3203, "ts": 0}, {"sysname": "write", "xref": 3203, "ts": 0, "blob": "{'filename': u'/data/data/wind.novel_heidao/shared_prefs/0.xml'}", "type": "SYSCALL", "id": 3204}]}, {"tid": 319, "procname": "nd.novel_heidao", "class": "FS ACCESS", "low": [{"sysname": "open", "blob": "{'flags': 131649, 'mode': 384, 'filename': u'/data/data/wind.novel_heidao/shared_prefs/0.xml\\x00'}", "type": "SYSCALL", "id": 3213, "ts": 0}, {"sysname": "write", "xref": 3213, "ts": 0, "blob": "{'filename': u'/data/data/wind.novel_heidao/shared_prefs/0.xml'}", "type": "SYSCALL", "id": 3216}]}, {"tid": 319, "procname": "nd.novel_heidao", "class": "FS ACCESS", "low": [{"sysname": "open", "blob": "{'flags': 131649, 'mode': 384, 'filename': u'/data/data/wind.novel_heidao/shared_prefs/11.xml\\x00'}", "type": "SYSCALL", "id": 3223, "ts": 0}, {"sysname": "write", "xref": 3223, "ts": 0, "blob": "{'filename': u'/data/data/wind.novel_heidao/shared_prefs/11.xml'}", "type": "SYSCALL", "id": 3224}]}, {"tid": 327, "procname": "Thread-9", "class": "ACCESS PERSONAL INFO", "subclass": "PHONE", "low": [{"method_name": "com.android.internal.telephony.IPhoneSubInfo.getSubscriberId()()", "type": "BINDER", "id": 3776, "ts": 0}]}, {"tid": 327, "procname": "Thread-9", "class": "ACCESS PERSONAL INFO", "subclass": "PHONE", "low": [{"method_name": "com.android.internal.telephony.IPhoneSubInfo.getDeviceId()()", "type": "BINDER", "id": 4051, "ts": 0}]}, {"tid": 327, "procname": "Thread-9", "class": "FS ACCESS", "low": [{"sysname": "open", "blob": "{'flags': 131649, 'mode': 384, 'filename': u'/data/data/wind.novel_heidao/shared_prefs/0.xml\\x00'}", "type": "SYSCALL", "id": 4137, "ts": 0}, {"sysname": "write", "xref": 4137, "ts": 0, "blob": "{'filename': u'/data/data/wind.novel_heidao/shared_prefs/0.xml'}", "type": "SYSCALL", "id": 4155}]}, {"tid": 327, "procname": "Thread-9", "class": "NETWORK ACCESS", "subclass": "DNS", "low": [{"sysname": "connect", "blob": "{'host': '10.0.2.3', 'retval': 0, 'port': 53}", "type": "SYSCALL", "id": 4371, "ts": 0}, {"sysname": "sendto", "xref": 4371, "ts": 0, "blob": "{'query_data': 'b4.cookier.co.cc. 1 1'}", "type": "SYSCALL", "id": 4372}]}, {"tid": 327, "procname": "Thread-9", "class": "NETWORK ACCESS", "low": [{"sysname": "connect", "blob": "{'host': '::ffff:10.10.10.10', 'retval': -115, 'port': 8080}", "type": "SYSCALL", "id": 4392, "ts": 0}]}, {"tid": 77, "procname": "ActivityManager", "class": "ACCESS PERSONAL INFO", "subclass": "SMS", "low": [{"recv by": "wind.novel_heidao", "intent": "android.provider.Telephony.SMS_RECEIVED", "type": "INTENT", "id": 4409, "ts": 0}]}, {"tid": 118, "procname": "Binder Thread #", "class": "ACCESS PERSONAL INFO", "subclass": "SMS", "low": [{"recv by": "wind.novel_heidao", "intent": "android.provider.Telephony.SMS_RECEIVED", "type": "INTENT", "id": 5125, "ts": 0}]}, {"tid": 327, "procname": "Thread-9", "class": "FS ACCESS", "low": [{"sysname": "open", "blob": "{'flags': 131649, 'mode': 384, 'filename': u'/data/data/wind.novel_heidao/shared_prefs/11.xml\\x00'}", "type": "SYSCALL", "id": 5142, "ts": 0}, {"sysname": "write", "xref": 5142, "ts": 0, "blob": "{'filename': u'/data/data/wind.novel_heidao/shared_prefs/11.xml'}", "type": "SYSCALL", "id": 5143}]}, {"tid": 327, "procname": "Thread-9", "class": "FS ACCESS", "low": [{"sysname": "open", "blob": "{'flags': 131649, 'mode': 384, 'filename': u'/data/data/wind.novel_heidao/shared_prefs/11.xml\\x00'}", "type": "SYSCALL", "id": 5156, "ts": 0}, {"sysname": "write", "xref": 5156, "ts": 0, "blob": "{'filename': u'/data/data/wind.novel_heidao/shared_prefs/11.xml'}", "type": "SYSCALL", "id": 5167}]}, {"tid": 327, "procname": "Thread-9", "class": "FS ACCESS", "low": [{"sysname": "open", "blob": "{'flags': 131649, 'mode': 384, 'filename': u'/data/data/wind.novel_heidao/shared_prefs/11.xml\\x00'}", "type": "SYSCALL", "id": 5176, "ts": 0}, {"sysname": "write", "xref": 5176, "ts": 0, "blob": "{'filename': u'/data/data/wind.novel_heidao/shared_prefs/11.xml'}", "type": "SYSCALL", "id": 5177}]}, {"tid": 332, "procname": "Thread-12", "class": "NETWORK ACCESS", "low": [{"sysname": "connect", "blob": "{'host': '::ffff:10.10.10.10', 'retval': -115, 'port': 8080}", "type": "SYSCALL", "id": 5776, "ts": 0}]}, {"tid": 333, "procname": "dexopt", "class": "FS ACCESS", "low": [{"sysname": "open", "blob": "{'flags': 131138, 'mode': 420, 'filename': u'/data/data/wind.novel_heidao/files/wind.novel_heidao-1.dex\\x00'}", "type": "SYSCALL", "id": 6279, "ts": 0}, {"sysname": "write", "xref": 6279, "ts": 0, "blob": "{'filename': u'/data/data/wind.novel_heidao/files/wind.novel_heidao-1.dex'}", "type": "SYSCALL", "id": 6283}, {"sysname": "write", "xref": 6279, "ts": 0, "blob": "{'filename': u'/data/data/wind.novel_heidao/files/wind.novel_heidao-1.dex'}", "type": "SYSCALL", "id": 6311}, {"sysname": "write", "xref": 6279, "ts": 0, "blob": "{'filename': u'/data/data/wind.novel_heidao/files/wind.novel_heidao-1.dex'}", "type": "SYSCALL", "id": 6324}, {"sysname": "write", "xref": 6279, "ts": 0, "blob": "{'filename': u'/data/data/wind.novel_heidao/files/wind.novel_heidao-1.dex'}", "type": "SYSCALL", "id": 6325}, {"sysname": "write", "xref": 6279, "ts": 0, "blob": "{'filename': u'/data/data/wind.novel_heidao/files/wind.novel_heidao-1.dex'}", "type": "SYSCALL", "id": 6326}, {"sysname": "write", "xref": 6279, "ts": 0, "blob": "{'filename': u'/data/data/wind.novel_heidao/files/wind.novel_heidao-1.dex'}", "type": "SYSCALL", "id": 7337}, {"sysname": "write", "xref": 6279, "ts": 0, "blob": "{'filename': u'/data/data/wind.novel_heidao/files/wind.novel_heidao-1.dex'}", "type": "SYSCALL", "id": 7340}, {"sysname": "write", "xref": 6279, "ts": 0, "blob": "{'filename': u'/data/data/wind.novel_heidao/files/wind.novel_heidao-1.dex'}", "type": "SYSCALL", "id": 7341}, {"sysname": "write", "xref": 6279, "ts": 0, "blob": "{'filename': u'/data/data/wind.novel_heidao/files/wind.novel_heidao-1.dex'}", "type": "SYSCALL", "id": 7343}, {"sysname": "write", "xref": 6279, "ts": 0, "blob": "{'filename': u'/data/data/wind.novel_heidao/files/wind.novel_heidao-1.dex'}", "type": "SYSCALL", "id": 7348}]}, {"tid": 333, "procname": "nd.novel_heidao", "class": "EXECUTE", "low": [{"sysname": "execve", "blob": {"executed_file": "/system/bin/dexopt", "args": "[]", "retval": 0}, "type": "SYSCALL", "id": 6372, "ts": 0}]}, {"tid": 332, "procname": "Thread-12", "class": "FS ACCESS", "low": [{"sysname": "open", "blob": "{'flags': 131649, 'mode': 384, 'filename': u'/data/data/wind.novel_heidao/shared_prefs/11.xml\\x00'}", "type": "SYSCALL", "id": 7321, "ts": 0}, {"sysname": "write", "xref": 7321, "ts": 0, "blob": "{'filename': u'/data/data/wind.novel_heidao/shared_prefs/11.xml'}", "type": "SYSCALL", "id": 7331}]}, {"tid": 335, "procname": "Thread-14", "class": "NETWORK ACCESS", "low": [{"sysname": "connect", "blob": "{'host': '::ffff:10.10.10.10', 'retval': -115, 'port': 8080}", "type": "SYSCALL", "id": 8289, "ts": 0}]}, {"tid": 336, "procname": "nd.novel_heidao", "class": "EXECUTE", "low": [{"sysname": "execve", "blob": {"executed_file": "/system/bin/sh", "args": "[]", "retval": 0}, "type": "SYSCALL", "id": 9269, "ts": 0}]}, {"tid": 335, "procname": "Thread-14", "class": "FS ACCESS", "low": [{"sysname": "open", "blob": "{'flags': 131649, 'mode': 384, 'filename': u'/data/data/wind.novel_heidao/shared_prefs/11.xml\\x00'}", "type": "SYSCALL", "id": 9914, "ts": 0}, {"sysname": "write", "xref": 9914, "ts": 0, "blob": "{'filename': u'/data/data/wind.novel_heidao/shared_prefs/11.xml'}", "type": "SYSCALL", "id": 9915}]}, {"tid": 319, "procname": "nd.novel_heidao", "class": "FS ACCESS", "low": [{"sysname": "open", "blob": "{'flags': 131649, 'mode': 384, 'filename': u'/data/data/wind.novel_heidao/shared_prefs/0.xml\\x00'}", "type": "SYSCALL", "id": 9962, "ts": 0}, {"sysname": "write", "xref": 9962, "ts": 0, "blob": "{'filename': u'/data/data/wind.novel_heidao/shared_prefs/0.xml'}", "type": "SYSCALL", "id": 9968}]}, {"tid": 337, "procname": "Thread-15", "class": "FS ACCESS", "low": [{"sysname": "open", "blob": "{'flags': 131649, 'mode': 384, 'filename': u'/data/data/wind.novel_heidao/shared_prefs/210.xml\\x00'}", "type": "SYSCALL", "id": 9964, "ts": 0}, {"sysname": "write", "xref": 9964, "ts": 0, "blob": "{'filename': u'/data/data/wind.novel_heidao/shared_prefs/210.xml'}", "type": "SYSCALL", "id": 9970}]}, {"tid": 337, "procname": "Thread-15", "class": "FS ACCESS", "low": [{"sysname": "open", "blob": "{'flags': 131649, 'mode': 384, 'filename': u'/data/data/wind.novel_heidao/shared_prefs/210.xml\\x00'}", "type": "SYSCALL", "id": 9994, "ts": 0}, {"sysname": "write", "xref": 9994, "ts": 0, "blob": "{'filename': u'/data/data/wind.novel_heidao/shared_prefs/210.xml'}", "type": "SYSCALL", "id": 9999}]}, {"tid": 337, "procname": "Thread-15", "class": "FS ACCESS", "low": [{"sysname": "open", "blob": "{'flags': 131649, 'mode': 384, 'filename': u'/data/data/wind.novel_heidao/shared_prefs/210.xml\\x00'}", "type": "SYSCALL", "id": 10009, "ts": 0}, {"sysname": "write", "xref": 10009, "ts": 0, "blob": "{'filename': u'/data/data/wind.novel_heidao/shared_prefs/210.xml'}", "type": "SYSCALL", "id": 10019}]}, {"tid": 338, "procname": "Thread-16", "class": "ACCESS PERSONAL INFO", "subclass": "PHONE", "low": [{"method_name": "com.android.internal.telephony.IPhoneSubInfo.getSubscriberId()()", "type": "BINDER", "id": 10272, "ts": 0}]}, {"tid": 339, "procname": "nd.novel_heidao", "class": "EXECUTE", "low": [{"sysname": "execve", "blob": {"executed_file": "/system/bin/sh", "args": "[]", "retval": 0}, "type": "SYSCALL", "id": 10498, "ts": 0}]}, {"tid": 338, "procname": "Thread-16", "class": "NETWORK ACCESS", "low": [{"sysname": "connect", "blob": "{'host': '::ffff:10.10.10.10', 'retval': -115, 'port': 8080}", "type": "SYSCALL", "id": 10814, "ts": 0}]}, {"tid": 319, "procname": "nd.novel_heidao", "class": "FS ACCESS", "low": [{"sysname": "open", "blob": "{'flags': 131649, 'mode': 384, 'filename': u'/data/data/wind.novel_heidao/shared_prefs/210.xml\\x00'}", "type": "SYSCALL", "id": 11167, "ts": 0}, {"sysname": "write", "xref": 11167, "ts": 0, "blob": "{'filename': u'/data/data/wind.novel_heidao/shared_prefs/210.xml'}", "type": "SYSCALL", "id": 11168}]}, {"tid": 319, "procname": "nd.novel_heidao", "class": "FS ACCESS", "low": [{"sysname": "open", "blob": "{'flags': 131649, 'mode': 384, 'filename': u'/data/data/wind.novel_heidao/shared_prefs/0.xml\\x00'}", "type": "SYSCALL", "id": 11179, "ts": 0}, {"sysname": "write", "xref": 11179, "ts": 0, "blob": "{'filename': u'/data/data/wind.novel_heidao/shared_prefs/0.xml'}", "type": "SYSCALL", "id": 11180}]}, {"tid": 340, "procname": "nd.novel_heidao", "class": "EXECUTE", "low": [{"sysname": "execve", "blob": {"executed_file": "/system/bin/sh", "args": "[]", "retval": 0}, "type": "SYSCALL", "id": 11232, "ts": 0}]}, {"tid": 319, "procname": "nd.novel_heidao", "class": "FS ACCESS", "low": [{"sysname": "open", "blob": "{'flags': 131649, 'mode': 384, 'filename': u'/data/data/wind.novel_heidao/shared_prefs/0.xml\\x00'}", "type": "SYSCALL", "id": 11842, "ts": 0}, {"sysname": "write", "xref": 11842, "ts": 0, "blob": "{'filename': u'/data/data/wind.novel_heidao/shared_prefs/0.xml'}", "type": "SYSCALL", "id": 11845}]}, {"tid": 341, "procname": "nd.novel_heidao", "class": "EXECUTE", "low": [{"sysname": "execve", "blob": {"executed_file": "/system/bin/sh", "args": "[]", "retval": 0}, "type": "SYSCALL", "id": 11917, "ts": 0}]}, {"tid": 338, "procname": "Thread-16", "class": "FS ACCESS", "low": [{"sysname": "open", "blob": "{'flags': 131649, 'mode': 384, 'filename': u'/data/data/wind.novel_heidao/shared_prefs/21.xml\\x00'}", "type": "SYSCALL", "id": 12669, "ts": 0}, {"sysname": "write", "xref": 12669, "ts": 0, "blob": "{'filename': u'/data/data/wind.novel_heidao/shared_prefs/21.xml'}", "type": "SYSCALL", "id": 12705}]}, {"tid": 338, "procname": "Thread-16", "class": "FS ACCESS", "low": [{"sysname": "open", "blob": "{'flags': 131649, 'mode': 384, 'filename': u'/data/data/wind.novel_heidao/shared_prefs/21.xml\\x00'}", "type": "SYSCALL", "id": 12729, "ts": 0}, {"sysname": "write", "xref": 12729, "ts": 0, "blob": "{'filename': u'/data/data/wind.novel_heidao/shared_prefs/21.xml'}", "type": "SYSCALL", "id": 12746}]}, {"tid": 338, "procname": "Thread-16", "class": "FS ACCESS", "low": [{"sysname": "open", "blob": "{'flags': 131649, 'mode': 384, 'filename': u'/data/data/wind.novel_heidao/shared_prefs/210.xml\\x00'}", "type": "SYSCALL", "id": 12774, "ts": 0}, {"sysname": "write", "xref": 12774, "ts": 0, "blob": "{'filename': u'/data/data/wind.novel_heidao/shared_prefs/210.xml'}", "type": "SYSCALL", "id": 12792}]}, {"tid": 319, "procname": "nd.novel_heidao", "class": "FS ACCESS", "low": [{"sysname": "open", "blob": "{'flags': 131649, 'mode': 384, 'filename': u'/data/data/wind.novel_heidao/shared_prefs/0.xml\\x00'}", "type": "SYSCALL", "id": 12999, "ts": 0}, {"sysname": "write", "xref": 12999, "ts": 0, "blob": "{'filename': u'/data/data/wind.novel_heidao/shared_prefs/0.xml'}", "type": "SYSCALL", "id": 13000}]}, {"tid": 343, "procname": "d.process.acore", "class": "ACCESS PERSONAL INFO", "subclass": "ACCOUNT", "low": [{"method_name": "android.accounts.IAccountManager.TRANSACTION_getAccounts()", "type": "BINDER", "id": 14263, "ts": 0}]}, {"tid": 348, "procname": "Binder Thread #", "class": "ACCESS PERSONAL INFO", "subclass": "ACCOUNT", "low": [{"method_name": "android.accounts.IAccountManager.TRANSACTION_getAccountsByFeatures()", "type": "BINDER", "id": 14840, "ts": 0}]}]}}, "userid": "joystick", "country": "UNAVAILABLE", "date_end": "N/A", "date_start": "N/A", "date_submitted": "2012-11-19 17:50:49", "static": "/copperdroid/reports//AnserverBot_genome_stimulated/300c2b19d6882dd6d9af9e59dad1079c49f3c8a1.apk.log", "submitter_ip": "127.0.0.1", "pcap": "/copperdroid/reports//AnserverBot_genome_stimulated/300c2b19d6882dd6d9af9e59dad1079c49f3c8a1.apk.pcap", "md5": "705f7ba386b552fda08253f4fbee5989"}