{"behaviors": {"static": {}, "dynamic": {"host": [{"tid": 77, "procname": "ActivityManager", "class": "ACCESS PERSONAL INFO", "subclass": "SMS", "low": [{"recv by": "com.keji.danti569", "intent": "android.provider.Telephony.SMS_RECEIVED", "type": "INTENT", "id": 2387, "ts": 0}]}, {"tid": 118, "procname": "Binder Thread #", "class": "ACCESS PERSONAL INFO", "subclass": "SMS", "low": [{"recv by": "com.keji.danti569", "intent": "android.provider.Telephony.SMS_RECEIVED", "type": "INTENT", "id": 2392, "ts": 0}]}]}}, "userid": "joystick", "country": "UNAVAILABLE", "date_end": "N/A", "date_start": "N/A", "date_submitted": "2012-11-19 17:58:02", "static": "/copperdroid/reports//AnserverBot_genome_stimulated/357ea5ec9c90ae09e3c31c47d854b0eed2a33714.apk.log", "submitter_ip": "127.0.0.1", "pcap": "/copperdroid/reports//AnserverBot_genome_stimulated/357ea5ec9c90ae09e3c31c47d854b0eed2a33714.apk.pcap", "md5": "4b362acedbb1f63da5c371639105c320"}