{"behaviors": {"static": {}, "dynamic": {"host": [{"tid": 318, "procname": "com.tian.wmaryp", "class": "ACCESS PERSONAL INFO", "subclass": "PHONE", "low": [{"method_name": "com.android.internal.telephony.IPhoneSubInfo.getSubscriberId()()", "type": "BINDER", "id": 2137, "ts": 0}]}, {"tid": 318, "procname": "com.tian.wmaryp", "class": "ACCESS PERSONAL INFO", "subclass": "PHONE", "low": [{"method_name": "com.android.internal.telephony.IPhoneSubInfo.getDeviceId()()", "type": "BINDER", "id": 2159, "ts": 0}]}, {"tid": 318, "procname": "com.tian.wmaryp", "class": "FS ACCESS", "low": [{"sysname": "open", "blob": "{'flags': 131649, 'mode': 384, 'filename': u'/data/data/com.tian.wmaryp/shared_prefs/appPrefrences.xml\\x00'}", "type": "SYSCALL", "id": 2177, "ts": 0}, {"sysname": "write", "xref": 2177, "ts": 0, "blob": "{'filename': u'/data/data/com.tian.wmaryp/shared_prefs/appPrefrences.xml'}", "type": "SYSCALL", "id": 2178}]}, {"tid": 318, "procname": "com.tian.wmaryp", "class": "FS ACCESS", "low": [{"sysname": "open", "blob": "{'flags': 131649, 'mode': 384, 'filename': u'/data/data/com.tian.wmaryp/shared_prefs/lisence.xml\\x00'}", "type": "SYSCALL", "id": 2245, "ts": 0}, {"sysname": "write", "xref": 2245, "ts": 0, "blob": "{'filename': u'/data/data/com.tian.wmaryp/shared_prefs/lisence.xml'}", "type": "SYSCALL", "id": 2246}]}, {"tid": 330, "procname": "Thread-14", "class": "FS ACCESS", "low": [{"sysname": "open", "blob": "{'flags': 131649, 'mode': 384, 'filename': u'/data/data/com.tian.wmaryp/shared_prefs/mobclick_agent_state_com.tian.wmaryp.xml\\x00'}", "type": "SYSCALL", "id": 2443, "ts": 0}, {"sysname": "write", "xref": 2443, "ts": 0, "blob": "{'filename': u'/data/data/com.tian.wmaryp/shared_prefs/mobclick_agent_state_com.tian.wmaryp.xml'}", "type": "SYSCALL", "id": 2452}]}, {"tid": 318, "procname": "com.tian.wmaryp", "class": "FS ACCESS", "low": [{"sysname": "open", "blob": "{'flags': 131649, 'mode': 384, 'filename': u'/data/data/com.tian.wmaryp/shared_prefs/0.xml\\x00'}", "type": "SYSCALL", "id": 2511, "ts": 0}, {"sysname": "write", "xref": 2511, "ts": 0, "blob": "{'filename': u'/data/data/com.tian.wmaryp/shared_prefs/0.xml'}", "type": "SYSCALL", "id": 2582}]}, {"tid": 329, "procname": "MobclickAgent", "class": "ACCESS PERSONAL INFO", "subclass": "PHONE", "low": [{"method_name": "com.android.internal.telephony.IPhoneSubInfo.getDeviceId()()", "type": "BINDER", "id": 2530, "ts": 0}]}, {"tid": 318, "procname": "com.tian.wmaryp", "class": "FS ACCESS", "low": [{"sysname": "open", "blob": "{'flags': 131649, 'mode': 384, 'filename': u'/data/data/com.tian.wmaryp/shared_prefs/0.xml\\x00'}", "type": "SYSCALL", "id": 2596, "ts": 0}, {"sysname": "write", "xref": 2596, "ts": 0, "blob": "{'filename': u'/data/data/com.tian.wmaryp/shared_prefs/0.xml'}", "type": "SYSCALL", "id": 2611}]}, {"tid": 318, "procname": "com.tian.wmaryp", "class": "FS ACCESS", "low": [{"sysname": "open", "blob": "{'flags': 131649, 'mode': 384, 'filename': u'/data/data/com.tian.wmaryp/shared_prefs/0.xml\\x00'}", "type": "SYSCALL", "id": 2624, "ts": 0}, {"sysname": "write", "xref": 2624, "ts": 0, "blob": "{'filename': u'/data/data/com.tian.wmaryp/shared_prefs/0.xml'}", "type": "SYSCALL", "id": 2630}]}, {"tid": 329, "procname": "MobclickAgent", "class": "FS ACCESS", "low": [{"sysname": "open", "blob": "{'flags': 131649, 'mode': 384, 'filename': u'/data/data/com.tian.wmaryp/shared_prefs/mobclick_agent_header_com.tian.wmaryp.xml\\x00'}", "type": "SYSCALL", "id": 2641, "ts": 0}, {"sysname": "write", "xref": 2641, "ts": 0, "blob": "{'filename': u'/data/data/com.tian.wmaryp/shared_prefs/mobclick_agent_header_com.tian.wmaryp.xml'}", "type": "SYSCALL", "id": 2648}]}, {"tid": 318, "procname": "com.tian.wmaryp", "class": "FS ACCESS", "low": [{"sysname": "open", "blob": "{'flags': 131649, 'mode': 384, 'filename': u'/data/data/com.tian.wmaryp/files/anservera.db\\x00'}", "type": "SYSCALL", "id": 2653, "ts": 0}, {"sysname": "write", "xref": 2653, "ts": 0, "blob": "{'filename': u'/data/data/com.tian.wmaryp/files/anservera.db'}", "type": "SYSCALL", "id": 2655}, {"sysname": "write", "xref": 2653, "ts": 0, "blob": "{'filename': u'/data/data/com.tian.wmaryp/files/anservera.db'}", "type": "SYSCALL", "id": 2657}, {"sysname": "write", "xref": 2653, "ts": 0, "blob": "{'filename': u'/data/data/com.tian.wmaryp/files/anservera.db'}", "type": "SYSCALL", "id": 2658}, {"sysname": "write", "xref": 2653, "ts": 0, "blob": "{'filename': u'/data/data/com.tian.wmaryp/files/anservera.db'}", "type": "SYSCALL", "id": 2660}, {"sysname": "write", "xref": 2653, "ts": 0, "blob": "{'filename': u'/data/data/com.tian.wmaryp/files/anservera.db'}", "type": "SYSCALL", "id": 2661}, {"sysname": "write", "xref": 2653, "ts": 0, "blob": "{'filename': u'/data/data/com.tian.wmaryp/files/anservera.db'}", "type": "SYSCALL", "id": 2664}, {"sysname": "write", "xref": 2653, "ts": 0, "blob": "{'filename': u'/data/data/com.tian.wmaryp/files/anservera.db'}", "type": "SYSCALL", "id": 2665}, {"sysname": "write", "xref": 2653, "ts": 0, "blob": "{'filename': u'/data/data/com.tian.wmaryp/files/anservera.db'}", "type": "SYSCALL", "id": 2667}, {"sysname": "write", "xref": 2653, "ts": 0, "blob": "{'filename': u'/data/data/com.tian.wmaryp/files/anservera.db'}", "type": "SYSCALL", "id": 2668}, {"sysname": "write", "xref": 2653, "ts": 0, "blob": "{'filename': u'/data/data/com.tian.wmaryp/files/anservera.db'}", "type": "SYSCALL", "id": 2669}, {"sysname": "write", "xref": 2653, "ts": 0, "blob": "{'filename': u'/data/data/com.tian.wmaryp/files/anservera.db'}", "type": "SYSCALL", "id": 2670}, {"sysname": "write", "xref": 2653, "ts": 0, "blob": "{'filename': u'/data/data/com.tian.wmaryp/files/anservera.db'}", "type": "SYSCALL", "id": 2671}, {"sysname": "write", "xref": 2653, "ts": 0, "blob": "{'filename': u'/data/data/com.tian.wmaryp/files/anservera.db'}", "type": "SYSCALL", "id": 2674}, {"sysname": "write", "xref": 2653, "ts": 0, "blob": "{'filename': u'/data/data/com.tian.wmaryp/files/anservera.db'}", "type": "SYSCALL", "id": 2675}, {"sysname": "write", "xref": 2653, "ts": 0, "blob": "{'filename': u'/data/data/com.tian.wmaryp/files/anservera.db'}", "type": "SYSCALL", "id": 2679}, {"sysname": "write", "xref": 2653, "ts": 0, "blob": "{'filename': u'/data/data/com.tian.wmaryp/files/anservera.db'}", "type": "SYSCALL", "id": 2680}, {"sysname": "write", "xref": 2653, "ts": 0, "blob": "{'filename': u'/data/data/com.tian.wmaryp/files/anservera.db'}", "type": "SYSCALL", "id": 2681}, {"sysname": "write", "xref": 2653, "ts": 0, "blob": "{'filename': u'/data/data/com.tian.wmaryp/files/anservera.db'}", "type": "SYSCALL", "id": 2682}, {"sysname": "write", "xref": 2653, "ts": 0, "blob": "{'filename': u'/data/data/com.tian.wmaryp/files/anservera.db'}", "type": "SYSCALL", "id": 2684}, {"sysname": "write", "xref": 2653, "ts": 0, "blob": "{'filename': u'/data/data/com.tian.wmaryp/files/anservera.db'}", "type": "SYSCALL", "id": 2685}, {"sysname": "write", "xref": 2653, "ts": 0, "blob": "{'filename': u'/data/data/com.tian.wmaryp/files/anservera.db'}", "type": "SYSCALL", "id": 2688}, {"sysname": "write", "xref": 2653, "ts": 0, "blob": "{'filename': u'/data/data/com.tian.wmaryp/files/anservera.db'}", "type": "SYSCALL", "id": 2689}, {"sysname": "write", "xref": 2653, "ts": 0, "blob": "{'filename': u'/data/data/com.tian.wmaryp/files/anservera.db'}", "type": "SYSCALL", "id": 2691}, {"sysname": "write", "xref": 2653, "ts": 0, "blob": "{'filename': u'/data/data/com.tian.wmaryp/files/anservera.db'}", "type": "SYSCALL", "id": 2692}, {"sysname": "write", "xref": 2653, "ts": 0, "blob": "{'filename': u'/data/data/com.tian.wmaryp/files/anservera.db'}", "type": "SYSCALL", "id": 2696}, {"sysname": "write", "xref": 2653, "ts": 0, "blob": "{'filename': u'/data/data/com.tian.wmaryp/files/anservera.db'}", "type": "SYSCALL", "id": 2697}, {"sysname": "write", "xref": 2653, "ts": 0, "blob": "{'filename': u'/data/data/com.tian.wmaryp/files/anservera.db'}", "type": "SYSCALL", "id": 2699}, {"sysname": "write", "xref": 2653, "ts": 0, "blob": "{'filename': u'/data/data/com.tian.wmaryp/files/anservera.db'}", "type": "SYSCALL", "id": 2700}, {"sysname": "write", "xref": 2653, "ts": 0, "blob": "{'filename': u'/data/data/com.tian.wmaryp/files/anservera.db'}", "type": "SYSCALL", "id": 2701}, {"sysname": "write", "xref": 2653, "ts": 0, "blob": "{'filename': u'/data/data/com.tian.wmaryp/files/anservera.db'}", "type": "SYSCALL", "id": 2707}, {"sysname": "write", "xref": 2653, "ts": 0, "blob": "{'filename': u'/data/data/com.tian.wmaryp/files/anservera.db'}", "type": "SYSCALL", "id": 2708}]}, {"tid": 318, "procname": "com.tian.wmaryp", "class": "FS ACCESS", "low": [{"sysname": "open", "blob": "{'flags': 131649, 'mode': 384, 'filename': u'/data/data/com.tian.wmaryp/files/anserverb.db\\x00'}", "type": "SYSCALL", "id": 2727, "ts": 0}, {"sysname": "write", "xref": 2727, "ts": 0, "blob": "{'filename': u'/data/data/com.tian.wmaryp/files/anserverb.db'}", "type": "SYSCALL", "id": 2806}, {"sysname": "write", "xref": 2727, "ts": 0, "blob": "{'filename': u'/data/data/com.tian.wmaryp/files/anserverb.db'}", "type": "SYSCALL", "id": 2807}, {"sysname": "write", "xref": 2727, "ts": 0, "blob": "{'filename': u'/data/data/com.tian.wmaryp/files/anserverb.db'}", "type": "SYSCALL", "id": 2816}, {"sysname": "write", "xref": 2727, "ts": 0, "blob": "{'filename': u'/data/data/com.tian.wmaryp/files/anserverb.db'}", "type": "SYSCALL", "id": 2823}, {"sysname": "write", "xref": 2727, "ts": 0, "blob": "{'filename': u'/data/data/com.tian.wmaryp/files/anserverb.db'}", "type": "SYSCALL", "id": 2824}, {"sysname": "write", "xref": 2727, "ts": 0, "blob": "{'filename': u'/data/data/com.tian.wmaryp/files/anserverb.db'}", "type": "SYSCALL", "id": 2831}, {"sysname": "write", "xref": 2727, "ts": 0, "blob": "{'filename': u'/data/data/com.tian.wmaryp/files/anserverb.db'}", "type": "SYSCALL", "id": 2832}, {"sysname": "write", "xref": 2727, "ts": 0, "blob": "{'filename': u'/data/data/com.tian.wmaryp/files/anserverb.db'}", "type": "SYSCALL", "id": 2833}, {"sysname": "write", "xref": 2727, "ts": 0, "blob": "{'filename': u'/data/data/com.tian.wmaryp/files/anserverb.db'}", "type": "SYSCALL", "id": 2842}, {"sysname": "write", "xref": 2727, "ts": 0, "blob": "{'filename': u'/data/data/com.tian.wmaryp/files/anserverb.db'}", "type": "SYSCALL", "id": 2843}, {"sysname": "write", "xref": 2727, "ts": 0, "blob": "{'filename': u'/data/data/com.tian.wmaryp/files/anserverb.db'}", "type": "SYSCALL", "id": 2858}, {"sysname": "write", "xref": 2727, "ts": 0, "blob": "{'filename': u'/data/data/com.tian.wmaryp/files/anserverb.db'}", "type": "SYSCALL", "id": 2859}, {"sysname": "write", "xref": 2727, "ts": 0, "blob": "{'filename': u'/data/data/com.tian.wmaryp/files/anserverb.db'}", "type": "SYSCALL", "id": 2867}, {"sysname": "write", "xref": 2727, "ts": 0, "blob": "{'filename': u'/data/data/com.tian.wmaryp/files/anserverb.db'}", "type": "SYSCALL", "id": 2868}, {"sysname": "write", "xref": 2727, "ts": 0, "blob": "{'filename': u'/data/data/com.tian.wmaryp/files/anserverb.db'}", "type": "SYSCALL", "id": 2875}, {"sysname": "write", "xref": 2727, "ts": 0, "blob": "{'filename': u'/data/data/com.tian.wmaryp/files/anserverb.db'}", "type": "SYSCALL", "id": 2876}, {"sysname": "write", "xref": 2727, "ts": 0, "blob": "{'filename': u'/data/data/com.tian.wmaryp/files/anserverb.db'}", "type": "SYSCALL", "id": 2884}, {"sysname": "write", "xref": 2727, "ts": 0, "blob": "{'filename': u'/data/data/com.tian.wmaryp/files/anserverb.db'}", "type": "SYSCALL", "id": 2885}, {"sysname": "write", "xref": 2727, "ts": 0, "blob": "{'filename': u'/data/data/com.tian.wmaryp/files/anserverb.db'}", "type": "SYSCALL", "id": 2894}, {"sysname": "write", "xref": 2727, "ts": 0, "blob": "{'filename': u'/data/data/com.tian.wmaryp/files/anserverb.db'}", "type": "SYSCALL", "id": 2895}, {"sysname": "write", "xref": 2727, "ts": 0, "blob": "{'filename': u'/data/data/com.tian.wmaryp/files/anserverb.db'}", "type": "SYSCALL", "id": 2904}, {"sysname": "write", "xref": 2727, "ts": 0, "blob": "{'filename': u'/data/data/com.tian.wmaryp/files/anserverb.db'}", "type": "SYSCALL", "id": 2911}, {"sysname": "write", "xref": 2727, "ts": 0, "blob": "{'filename': u'/data/data/com.tian.wmaryp/files/anserverb.db'}", "type": "SYSCALL", "id": 2912}, {"sysname": "write", "xref": 2727, "ts": 0, "blob": "{'filename': u'/data/data/com.tian.wmaryp/files/anserverb.db'}", "type": "SYSCALL", "id": 2913}, {"sysname": "write", "xref": 2727, "ts": 0, "blob": "{'filename': u'/data/data/com.tian.wmaryp/files/anserverb.db'}", "type": "SYSCALL", "id": 2923}, {"sysname": "write", "xref": 2727, "ts": 0, "blob": "{'filename': u'/data/data/com.tian.wmaryp/files/anserverb.db'}", "type": "SYSCALL", "id": 2928}, {"sysname": "write", "xref": 2727, "ts": 0, "blob": "{'filename': u'/data/data/com.tian.wmaryp/files/anserverb.db'}", "type": "SYSCALL", "id": 2929}]}, {"tid": 318, "procname": "com.tian.wmaryp", "class": "FS ACCESS", "low": [{"sysname": "open", "blob": "{'flags': 131649, 'mode': 384, 'filename': u'/data/data/com.tian.wmaryp/shared_prefs/0.xml\\x00'}", "type": "SYSCALL", "id": 2955, "ts": 0}, {"sysname": "write", "xref": 2955, "ts": 0, "blob": "{'filename': u'/data/data/com.tian.wmaryp/shared_prefs/0.xml'}", "type": "SYSCALL", "id": 2994}]}, {"tid": 318, "procname": "com.tian.wmaryp", "class": "FS ACCESS", "low": [{"sysname": "open", "blob": "{'flags': 131649, 'mode': 384, 'filename': u'/data/data/com.tian.wmaryp/shared_prefs/0.xml\\x00'}", "type": "SYSCALL", "id": 3035, "ts": 0}, {"sysname": "write", "xref": 3035, "ts": 0, "blob": "{'filename': u'/data/data/com.tian.wmaryp/shared_prefs/0.xml'}", "type": "SYSCALL", "id": 3080}]}, {"tid": 331, "procname": "dexopt", "class": "FS ACCESS", "low": [{"sysname": "open", "blob": "{'flags': 131138, 'mode': 420, 'filename': u'/data/data/com.tian.wmaryp/files/anserverb.dex\\x00'}", "type": "SYSCALL", "id": 3865, "ts": 0}, {"sysname": "write", "xref": 3865, "ts": 0, "blob": "{'filename': u'/data/data/com.tian.wmaryp/files/anserverb.dex'}", "type": "SYSCALL", "id": 3869}, {"sysname": "write", "xref": 3865, "ts": 0, "blob": "{'filename': u'/data/data/com.tian.wmaryp/files/anserverb.dex'}", "type": "SYSCALL", "id": 3873}, {"sysname": "write", "xref": 3865, "ts": 0, "blob": "{'filename': u'/data/data/com.tian.wmaryp/files/anserverb.dex'}", "type": "SYSCALL", "id": 3874}, {"sysname": "write", "xref": 3865, "ts": 0, "blob": "{'filename': u'/data/data/com.tian.wmaryp/files/anserverb.dex'}", "type": "SYSCALL", "id": 4453}, {"sysname": "write", "xref": 3865, "ts": 0, "blob": "{'filename': u'/data/data/com.tian.wmaryp/files/anserverb.dex'}", "type": "SYSCALL", "id": 4456}, {"sysname": "write", "xref": 3865, "ts": 0, "blob": "{'filename': u'/data/data/com.tian.wmaryp/files/anserverb.dex'}", "type": "SYSCALL", "id": 4457}, {"sysname": "write", "xref": 3865, "ts": 0, "blob": "{'filename': u'/data/data/com.tian.wmaryp/files/anserverb.dex'}", "type": "SYSCALL", "id": 4458}, {"sysname": "write", "xref": 3865, "ts": 0, "blob": "{'filename': u'/data/data/com.tian.wmaryp/files/anserverb.dex'}", "type": "SYSCALL", "id": 4463}]}, {"tid": 331, "procname": "com.tian.wmaryp", "class": "EXECUTE", "low": [{"sysname": "execve", "blob": {"executed_file": "/system/bin/dexopt", "args": "[]", "retval": 0}, "type": "SYSCALL", "id": 3887, "ts": 0}]}, {"tid": 318, "procname": "com.tian.wmaryp", "class": "FS ACCESS", "low": [{"sysname": "open", "blob": "{'flags': 131649, 'mode': 384, 'filename': u'/data/data/com.tian.wmaryp/shared_prefs/0.xml\\x00'}", "type": "SYSCALL", "id": 4500, "ts": 0}, {"sysname": "write", "xref": 4500, "ts": 0, "blob": "{'filename': u'/data/data/com.tian.wmaryp/shared_prefs/0.xml'}", "type": "SYSCALL", "id": 4508}]}, {"tid": 318, "procname": "com.tian.wmaryp", "class": "FS ACCESS", "low": [{"sysname": "open", "blob": "{'flags': 131649, 'mode': 384, 'filename': u'/data/data/com.tian.wmaryp/shared_prefs/0.xml\\x00'}", "type": "SYSCALL", "id": 4517, "ts": 0}, {"sysname": "write", "xref": 4517, "ts": 0, "blob": "{'filename': u'/data/data/com.tian.wmaryp/shared_prefs/0.xml'}", "type": "SYSCALL", "id": 4524}]}, {"tid": 77, "procname": "ActivityManager", "class": "ACCESS PERSONAL INFO", "subclass": "SMS", "low": [{"recv by": "com.tian.wmaryp", "intent": "android.provider.Telephony.SMS_RECEIVED", "type": "INTENT", "id": 4528, "ts": 0}]}, {"tid": 318, "procname": "com.tian.wmaryp", "class": "FS ACCESS", "low": [{"sysname": "open", "blob": "{'flags': 131649, 'mode': 384, 'filename': u'/data/data/com.tian.wmaryp/shared_prefs/11.xml\\x00'}", "type": "SYSCALL", "id": 4531, "ts": 0}, {"sysname": "write", "xref": 4531, "ts": 0, "blob": "{'filename': u'/data/data/com.tian.wmaryp/shared_prefs/11.xml'}", "type": "SYSCALL", "id": 4532}]}, {"tid": 117, "procname": "Binder Thread #", "class": "ACCESS PERSONAL INFO", "subclass": "SMS", "low": [{"recv by": "com.tian.wmaryp", "intent": "android.provider.Telephony.SMS_RECEIVED", "type": "INTENT", "id": 4643, "ts": 0}]}, {"tid": 335, "procname": "Thread-16", "class": "ACCESS PERSONAL INFO", "subclass": "PHONE", "low": [{"method_name": "com.android.internal.telephony.IPhoneSubInfo.getSubscriberId()()", "type": "BINDER", "id": 4872, "ts": 0}]}, {"tid": 335, "procname": "Thread-16", "class": "ACCESS PERSONAL INFO", "subclass": "PHONE", "low": [{"method_name": "com.android.internal.telephony.IPhoneSubInfo.getDeviceId()()", "type": "BINDER", "id": 4921, "ts": 0}]}, {"tid": 335, "procname": "Thread-16", "class": "FS ACCESS", "low": [{"sysname": "open", "blob": "{'flags': 131649, 'mode': 384, 'filename': u'/data/data/com.tian.wmaryp/shared_prefs/0.xml\\x00'}", "type": "SYSCALL", "id": 4934, "ts": 0}, {"sysname": "write", "xref": 4934, "ts": 0, "blob": "{'filename': u'/data/data/com.tian.wmaryp/shared_prefs/0.xml'}", "type": "SYSCALL", "id": 4950}]}, {"tid": 329, "procname": "MobclickAgent", "class": "NETWORK ACCESS", "subclass": "DNS", "low": [{"sysname": "connect", "blob": "{'host': '10.0.2.3', 'retval': 0, 'port': 53}", "type": "SYSCALL", "id": 5012, "ts": 0}, {"sysname": "sendto", "xref": 5012, "ts": 0, "blob": "{'query_data': 'www.umeng.com. 1 1'}", "type": "SYSCALL", "id": 5020}]}, {"tid": 329, "procname": "MobclickAgent", "class": "NETWORK ACCESS", "subclass": "HTTP", "low": [{"sysname": "connect", "blob": "{'host': '::ffff:211.151.139.246', 'retval': -115, 'port': 80}", "type": "SYSCALL", "id": 5075, "ts": 0}, {"sysname": "sendto", "xref": 5075, "ts": 0, "blob": "=POST+%2Fapp_logs+HTTP%2F1.1%0D%0AHost%3A+www.umeng.com%0D%0AConnection%3A+Keep-Alive%0D%0AContent-Encoding%3A+deflate%0D%0AContent-Length%3A+348%0D%0A", "type": "SYSCALL", "id": 5159}, {"sysname": "sendto", "xref": 5075, "ts": 0, "blob": "=H%89%7D%91KO%C2%40%10%C7%BF%0A%D9%93%1A%C0%7D%15J%13%0F%1E%0C%89%09%17%D1%93%9Af%BB%3B-%0De%B7%D9%3E%0C%92%7Ewg%85%08%5C%EC%F1%D7%99%FFcV%3B%DB%82m%1F%0E%24sfO%92%03%A9Tg%F5%86%24%EF%07bT%0B%24%21%9C2%3E%A1%F3%09%8F%C8%98%B4%E5.0%1A%27%91L%A4D%D2%40%D3%94%CE%A6%A5A.A%A88WL%0A%96%83%E0%F3LP%FC%802%21%05%A73%19%0B%CA%17d%F8%1C%C6d%03%CA%80%0F%96%AE%C1%CDGk%BCC%8D1QZ%A3d%DAtY%BB%AF%83%D9%DB%EAu%8D%5C%D7%5D%98%7BY-%F8%EC%E9y%B2%1Ey%E8G%D1%E8%A6%8F%AA%DB%B0V%D7%5B%D8%FF%93%21d5%DB%B4%07%1F%F2%86bS%7E%DC%BB%60l%1AZV%B6+%09%1D%13%0F%8D%AB%BA%F6%F8%0B%0B%DC%C9%98%FE%25%0C%0A%CB%8F%7B%B1%0C%D9%5Cg%5B%1F%DC%DF%EC%D6%BA%2F%8B%CC5%D7%5ES%81%F0DR%ED%0CVc%E8Q%9A%9D%89p%22%E2%B1%94%F3%5C%E6y%26A%C6%5C%2A%9E%1BfXN%B5%99%85%A0%06%FARC%BA%C3%CD%0A%E7%0B%B0%E0K%7Dz%93ogQ%2F%3EV%3C%DD%ED%7CR%AD%BC%2F%C3%B1%2FX%A5l%D1%A9%02%AE2%EB%8D%B2%F6W%FE%CC%2A%D5%E21%86%E1%07%D17%A7%A1", "type": "SYSCALL", "id": 5163}]}, {"tid": 329, "procname": "MobclickAgent", "class": "FS ACCESS", "low": [{"sysname": "open", "blob": "{'flags': 131649, 'mode': 384, 'filename': u'/data/data/com.tian.wmaryp/shared_prefs/mobclick_agent_header_com.tian.wmaryp.xml\\x00'}", "type": "SYSCALL", "id": 5237, "ts": 0}, {"sysname": "write", "xref": 5237, "ts": 0, "blob": "{'filename': u'/data/data/com.tian.wmaryp/shared_prefs/mobclick_agent_header_com.tian.wmaryp.xml'}", "type": "SYSCALL", "id": 5269}]}, {"tid": 335, "procname": "Thread-16", "class": "NETWORK ACCESS", "subclass": "DNS", "low": [{"sysname": "connect", "blob": "{'host': '10.0.2.3', 'retval': 0, 'port': 53}", "type": "SYSCALL", "id": 5618, "ts": 0}, {"sysname": "sendto", "xref": 5618, "ts": 0, "blob": "{'query_data': 'b4.cookier.co.cc. 1 1'}", "type": "SYSCALL", "id": 5619}]}, {"tid": 335, "procname": "Thread-16", "class": "NETWORK ACCESS", "low": [{"sysname": "connect", "blob": "{'host': '::ffff:10.10.10.10', 'retval': -115, 'port': 8080}", "type": "SYSCALL", "id": 5647, "ts": 0}]}, {"tid": 337, "procname": "Thread-18", "class": "FS ACCESS", "low": [{"sysname": "open", "blob": "{'flags': 131649, 'mode': 384, 'filename': u'/data/data/com.tian.wmaryp/shared_prefs/mobclick_agent_state_com.tian.wmaryp.xml\\x00'}", "type": "SYSCALL", "id": 6257, "ts": 0}, {"sysname": "write", "xref": 6257, "ts": 0, "blob": "{'filename': u'/data/data/com.tian.wmaryp/shared_prefs/mobclick_agent_state_com.tian.wmaryp.xml'}", "type": "SYSCALL", "id": 6265}]}, {"tid": 335, "procname": "Thread-16", "class": "FS ACCESS", "low": [{"sysname": "open", "blob": "{'flags': 131649, 'mode': 384, 'filename': u'/data/data/com.tian.wmaryp/shared_prefs/11.xml\\x00'}", "type": "SYSCALL", "id": 6604, "ts": 0}, {"sysname": "write", "xref": 6604, "ts": 0, "blob": "{'filename': u'/data/data/com.tian.wmaryp/shared_prefs/11.xml'}", "type": "SYSCALL", "id": 6730}]}, {"tid": 335, "procname": "Thread-16", "class": "FS ACCESS", "low": [{"sysname": "open", "blob": "{'flags': 131649, 'mode': 384, 'filename': u'/data/data/com.tian.wmaryp/shared_prefs/11.xml\\x00'}", "type": "SYSCALL", "id": 6777, "ts": 0}, {"sysname": "write", "xref": 6777, "ts": 0, "blob": "{'filename': u'/data/data/com.tian.wmaryp/shared_prefs/11.xml'}", "type": "SYSCALL", "id": 6782}]}, {"tid": 335, "procname": "Thread-16", "class": "FS ACCESS", "low": [{"sysname": "open", "blob": "{'flags': 131649, 'mode': 384, 'filename': u'/data/data/com.tian.wmaryp/shared_prefs/11.xml\\x00'}", "type": "SYSCALL", "id": 6794, "ts": 0}, {"sysname": "write", "xref": 6794, "ts": 0, "blob": "{'filename': u'/data/data/com.tian.wmaryp/shared_prefs/11.xml'}", "type": "SYSCALL", "id": 6795}]}, {"tid": 371, "procname": "Thread-26", "class": "NETWORK ACCESS", "low": [{"sysname": "connect", "blob": "{'host': '::ffff:10.10.10.10', 'retval': -115, 'port': 8080}", "type": "SYSCALL", "id": 11122, "ts": 0}]}, {"tid": 373, "procname": "dexopt", "class": "FS ACCESS", "low": [{"sysname": "open", "blob": "{'flags': 131138, 'mode': 420, 'filename': u'/data/data/com.tian.wmaryp/files/com.tian.wmaryp-1.dex\\x00'}", "type": "SYSCALL", "id": 12386, "ts": 0}, {"sysname": "write", "xref": 12386, "ts": 0, "blob": "{'filename': u'/data/data/com.tian.wmaryp/files/com.tian.wmaryp-1.dex'}", "type": "SYSCALL", "id": 12390}, {"sysname": "write", "xref": 12386, "ts": 0, "blob": "{'filename': u'/data/data/com.tian.wmaryp/files/com.tian.wmaryp-1.dex'}", "type": "SYSCALL", "id": 12398}, {"sysname": "write", "xref": 12386, "ts": 0, "blob": "{'filename': u'/data/data/com.tian.wmaryp/files/com.tian.wmaryp-1.dex'}", "type": "SYSCALL", "id": 12399}, {"sysname": "write", "xref": 12386, "ts": 0, "blob": "{'filename': u'/data/data/com.tian.wmaryp/files/com.tian.wmaryp-1.dex'}", "type": "SYSCALL", "id": 12417}, {"sysname": "write", "xref": 12386, "ts": 0, "blob": "{'filename': u'/data/data/com.tian.wmaryp/files/com.tian.wmaryp-1.dex'}", "type": "SYSCALL", "id": 12421}, {"sysname": "write", "xref": 12386, "ts": 0, "blob": "{'filename': u'/data/data/com.tian.wmaryp/files/com.tian.wmaryp-1.dex'}", "type": "SYSCALL", "id": 12422}, {"sysname": "write", "xref": 12386, "ts": 0, "blob": "{'filename': u'/data/data/com.tian.wmaryp/files/com.tian.wmaryp-1.dex'}", "type": "SYSCALL", "id": 12426}, {"sysname": "write", "xref": 12386, "ts": 0, "blob": "{'filename': u'/data/data/com.tian.wmaryp/files/com.tian.wmaryp-1.dex'}", "type": "SYSCALL", "id": 12427}, {"sysname": "write", "xref": 12386, "ts": 0, "blob": "{'filename': u'/data/data/com.tian.wmaryp/files/com.tian.wmaryp-1.dex'}", "type": "SYSCALL", "id": 12433}, {"sysname": "write", "xref": 12386, "ts": 0, "blob": "{'filename': u'/data/data/com.tian.wmaryp/files/com.tian.wmaryp-1.dex'}", "type": "SYSCALL", "id": 12437}, {"sysname": "write", "xref": 12386, "ts": 0, "blob": "{'filename': u'/data/data/com.tian.wmaryp/files/com.tian.wmaryp-1.dex'}", "type": "SYSCALL", "id": 12438}, {"sysname": "write", "xref": 12386, "ts": 0, "blob": "{'filename': u'/data/data/com.tian.wmaryp/files/com.tian.wmaryp-1.dex'}", "type": "SYSCALL", "id": 12442}, {"sysname": "write", "xref": 12386, "ts": 0, "blob": "{'filename': u'/data/data/com.tian.wmaryp/files/com.tian.wmaryp-1.dex'}", "type": "SYSCALL", "id": 12460}, {"sysname": "write", "xref": 12386, "ts": 0, "blob": "{'filename': u'/data/data/com.tian.wmaryp/files/com.tian.wmaryp-1.dex'}", "type": "SYSCALL", "id": 12464}, {"sysname": "write", "xref": 12386, "ts": 0, "blob": "{'filename': u'/data/data/com.tian.wmaryp/files/com.tian.wmaryp-1.dex'}", "type": "SYSCALL", "id": 13998}, {"sysname": "write", "xref": 12386, "ts": 0, "blob": "{'filename': u'/data/data/com.tian.wmaryp/files/com.tian.wmaryp-1.dex'}", "type": "SYSCALL", "id": 14001}, {"sysname": "write", "xref": 12386, "ts": 0, "blob": "{'filename': u'/data/data/com.tian.wmaryp/files/com.tian.wmaryp-1.dex'}", "type": "SYSCALL", "id": 14002}, {"sysname": "write", "xref": 12386, "ts": 0, "blob": "{'filename': u'/data/data/com.tian.wmaryp/files/com.tian.wmaryp-1.dex'}", "type": "SYSCALL", "id": 14003}, {"sysname": "write", "xref": 12386, "ts": 0, "blob": "{'filename': u'/data/data/com.tian.wmaryp/files/com.tian.wmaryp-1.dex'}", "type": "SYSCALL", "id": 14008}]}, {"tid": 373, "procname": "com.tian.wmaryp", "class": "EXECUTE", "low": [{"sysname": "execve", "blob": {"executed_file": "/system/bin/dexopt", "args": "[]", "retval": 0}, "type": "SYSCALL", "id": 12487, "ts": 0}]}, {"tid": 371, "procname": "Thread-26", "class": "FS ACCESS", "low": [{"sysname": "open", "blob": "{'flags': 131649, 'mode': 384, 'filename': u'/data/data/com.tian.wmaryp/shared_prefs/11.xml\\x00'}", "type": "SYSCALL", "id": 12996, "ts": 0}, {"sysname": "write", "xref": 12996, "ts": 0, "blob": "{'filename': u'/data/data/com.tian.wmaryp/shared_prefs/11.xml'}", "type": "SYSCALL", "id": 13684}]}, {"tid": 375, "procname": "Thread-28", "class": "NETWORK ACCESS", "low": [{"sysname": "connect", "blob": "{'host': '::ffff:10.10.10.10', 'retval': -115, 'port': 8080}", "type": "SYSCALL", "id": 17118, "ts": 0}]}, {"tid": 375, "procname": "Thread-28", "class": "FS ACCESS", "low": [{"sysname": "open", "blob": "{'flags': 131649, 'mode': 384, 'filename': u'/data/data/com.tian.wmaryp/shared_prefs/11.xml\\x00'}", "type": "SYSCALL", "id": 19005, "ts": 0}, {"sysname": "write", "xref": 19005, "ts": 0, "blob": "{'filename': u'/data/data/com.tian.wmaryp/shared_prefs/11.xml'}", "type": "SYSCALL", "id": 19068}]}]}}, "userid": "joystick", "country": "UNAVAILABLE", "date_end": "N/A", "date_start": "N/A", "date_submitted": "2012-11-19 17:57:00", "static": "/copperdroid/reports//AnserverBot_genome_stimulated/44bea1efadf2f537169db3aee6e665dd9be22f4e.apk.log", "submitter_ip": "127.0.0.1", "pcap": "/copperdroid/reports//AnserverBot_genome_stimulated/44bea1efadf2f537169db3aee6e665dd9be22f4e.apk.pcap", "md5": "8674a791e783d5d3549c131dca03aa09"}