{"behaviors": {"static": {}, "dynamic": {"host": [{"tid": 77, "procname": "ActivityManager", "class": "ACCESS PERSONAL INFO", "subclass": "SMS", "low": [{"recv by": "com.keji.danti595", "intent": "android.provider.Telephony.SMS_RECEIVED", "type": "INTENT", "id": 2856, "ts": 0}]}, {"tid": 118, "procname": "Binder Thread #", "class": "ACCESS PERSONAL INFO", "subclass": "SMS", "low": [{"recv by": "com.keji.danti595", "intent": "android.provider.Telephony.SMS_RECEIVED", "type": "INTENT", "id": 2861, "ts": 0}]}]}}, "userid": "joystick", "country": "UNAVAILABLE", "date_end": "N/A", "date_start": "N/A", "date_submitted": "2012-11-19 17:57:23", "static": "/copperdroid/reports//AnserverBot_genome_stimulated/46a4485a6922cfcf7897ad4a3623d973156f7ece.apk.log", "submitter_ip": "127.0.0.1", "pcap": "/copperdroid/reports//AnserverBot_genome_stimulated/46a4485a6922cfcf7897ad4a3623d973156f7ece.apk.pcap", "md5": "dcd40bc20e71d1e4a6b02485ab30b9d9"}