{"behaviors": {"static": {}, "dynamic": {"host": [{"tid": 77, "procname": "ActivityManager", "class": "ACCESS PERSONAL INFO", "subclass": "SMS", "low": [{"recv by": "com.keji.danti731", "intent": "android.provider.Telephony.SMS_RECEIVED", "type": "INTENT", "id": 3731, "ts": 0}]}, {"tid": 69, "procname": "Binder Thread #", "class": "ACCESS PERSONAL INFO", "subclass": "SMS", "low": [{"recv by": "com.keji.danti731", "intent": "android.provider.Telephony.SMS_RECEIVED", "type": "INTENT", "id": 3738, "ts": 0}]}]}}, "userid": "joystick", "country": "UNAVAILABLE", "date_end": "N/A", "date_start": "N/A", "date_submitted": "2012-11-19 17:50:13", "static": "/copperdroid/reports//AnserverBot_genome_stimulated/47af0a05c248146ff1b982d7826d36da6910fea7.apk.log", "submitter_ip": "127.0.0.1", "pcap": "/copperdroid/reports//AnserverBot_genome_stimulated/47af0a05c248146ff1b982d7826d36da6910fea7.apk.pcap", "md5": "979a06108b27e42789ac9a6f51b4d026"}