{"behaviors": {"static": {}, "dynamic": {"host": [{"tid": 77, "procname": "ActivityManager", "class": "ACCESS PERSONAL INFO", "subclass": "SMS", "low": [{"recv by": "com.keji.danti630", "intent": "android.provider.Telephony.SMS_RECEIVED", "type": "INTENT", "id": 2981, "ts": 0}]}, {"tid": 118, "procname": "Binder Thread #", "class": "ACCESS PERSONAL INFO", "subclass": "SMS", "low": [{"recv by": "com.keji.danti630", "intent": "android.provider.Telephony.SMS_RECEIVED", "type": "INTENT", "id": 2985, "ts": 0}]}]}}, "userid": "joystick", "country": "UNAVAILABLE", "date_end": "N/A", "date_start": "N/A", "date_submitted": "2012-11-19 17:57:47", "static": "/copperdroid/reports//AnserverBot_genome_stimulated/4d97042425ca899292c6419d82b070b595fce5b0.apk.log", "submitter_ip": "127.0.0.1", "pcap": "/copperdroid/reports//AnserverBot_genome_stimulated/4d97042425ca899292c6419d82b070b595fce5b0.apk.pcap", "md5": "399552243c5f0f4f361aa8d1fdfad1da"}