{"behaviors": {"static": {}, "dynamic": {"host": [{"tid": 77, "procname": "ActivityManager", "class": "ACCESS PERSONAL INFO", "subclass": "SMS", "low": [{"recv by": "com.keji.danti564", "intent": "android.provider.Telephony.SMS_RECEIVED", "type": "INTENT", "id": 2162, "ts": 0}]}, {"tid": 118, "procname": "Binder Thread #", "class": "ACCESS PERSONAL INFO", "subclass": "SMS", "low": [{"recv by": "com.keji.danti564", "intent": "android.provider.Telephony.SMS_RECEIVED", "type": "INTENT", "id": 2166, "ts": 0}]}]}}, "userid": "joystick", "country": "UNAVAILABLE", "date_end": "N/A", "date_start": "N/A", "date_submitted": "2012-11-19 17:56:06", "static": "/copperdroid/reports//AnserverBot_genome_stimulated/4ef262b65298c8ce0ed694481a4c15c87be08e4e.apk.log", "submitter_ip": "127.0.0.1", "pcap": "/copperdroid/reports//AnserverBot_genome_stimulated/4ef262b65298c8ce0ed694481a4c15c87be08e4e.apk.pcap", "md5": "ed4305e58a5326abbc0de254bf44edcd"}