{"behaviors": {"static": {}, "dynamic": {"host": [{"tid": 77, "procname": "ActivityManager", "class": "ACCESS PERSONAL INFO", "subclass": "SMS", "low": [{"recv by": "com.keji.danti624", "intent": "android.provider.Telephony.SMS_RECEIVED", "type": "INTENT", "id": 2060, "ts": 0}]}, {"tid": 164, "procname": "Binder Thread #", "class": "ACCESS PERSONAL INFO", "subclass": "SMS", "low": [{"recv by": "com.keji.danti624", "intent": "android.provider.Telephony.SMS_RECEIVED", "type": "INTENT", "id": 2067, "ts": 0}]}]}}, "userid": "joystick", "country": "UNAVAILABLE", "date_end": "N/A", "date_start": "N/A", "date_submitted": "2012-11-19 17:48:50", "static": "/copperdroid/reports//AnserverBot_genome_stimulated/53a4ca3552bfa0857dada5776d7bfcf2fb0296ba.apk.log", "submitter_ip": "127.0.0.1", "pcap": "/copperdroid/reports//AnserverBot_genome_stimulated/53a4ca3552bfa0857dada5776d7bfcf2fb0296ba.apk.pcap", "md5": "6a090c1eff9c4e8233d39ea38898e1c5"}