{"behaviors": {"static": {}, "dynamic": {"host": [{"tid": 77, "procname": "ActivityManager", "class": "ACCESS PERSONAL INFO", "subclass": "SMS", "low": [{"recv by": "com.keji.danti568", "intent": "android.provider.Telephony.SMS_RECEIVED", "type": "INTENT", "id": 2406, "ts": 0}]}, {"tid": 118, "procname": "Binder Thread #", "class": "ACCESS PERSONAL INFO", "subclass": "SMS", "low": [{"recv by": "com.keji.danti568", "intent": "android.provider.Telephony.SMS_RECEIVED", "type": "INTENT", "id": 2413, "ts": 0}]}]}}, "userid": "joystick", "country": "UNAVAILABLE", "date_end": "N/A", "date_start": "N/A", "date_submitted": "2012-11-19 17:53:28", "static": "/copperdroid/reports//AnserverBot_genome_stimulated/58ceeb513bd26c8be00b5cb9a152cb1e8a4e028e.apk.log", "submitter_ip": "127.0.0.1", "pcap": "/copperdroid/reports//AnserverBot_genome_stimulated/58ceeb513bd26c8be00b5cb9a152cb1e8a4e028e.apk.pcap", "md5": "b0bcace7dc1933c7b46845be90680502"}