{"behaviors": {"static": {}, "dynamic": {"host": [{"tid": 77, "procname": "ActivityManager", "class": "ACCESS PERSONAL INFO", "subclass": "SMS", "low": [{"recv by": "com.keji.danti628", "intent": "android.provider.Telephony.SMS_RECEIVED", "type": "INTENT", "id": 2539, "ts": 0}]}, {"tid": 154, "procname": "Binder Thread #", "class": "ACCESS PERSONAL INFO", "subclass": "SMS", "low": [{"recv by": "com.keji.danti628", "intent": "android.provider.Telephony.SMS_RECEIVED", "type": "INTENT", "id": 2545, "ts": 0}]}]}}, "userid": "joystick", "country": "UNAVAILABLE", "date_end": "N/A", "date_start": "N/A", "date_submitted": "2012-11-19 17:55:40", "static": "/copperdroid/reports//AnserverBot_genome_stimulated/6c6deac6ab1a32c063dfe5c14be66a24333d1545.apk.log", "submitter_ip": "127.0.0.1", "pcap": "/copperdroid/reports//AnserverBot_genome_stimulated/6c6deac6ab1a32c063dfe5c14be66a24333d1545.apk.pcap", "md5": "33696b408041afca491def0275129e1c"}