{"behaviors": {"static": {}, "dynamic": {"host": [{"tid": 318, "procname": "com.caiping", "class": "FS ACCESS", "low": [{"sysname": "open", "blob": "{'flags': 131649, 'mode': 384, 'filename': u'/data/data/com.caiping/shared_prefs/0.xml\\x00'}", "type": "SYSCALL", "id": 1586, "ts": 0}, {"sysname": "write", "xref": 1586, "ts": 0, "blob": "{'filename': u'/data/data/com.caiping/shared_prefs/0.xml'}", "type": "SYSCALL", "id": 1587}]}, {"tid": 318, "procname": "com.caiping", "class": "FS ACCESS", "low": [{"sysname": "open", "blob": "{'flags': 131649, 'mode': 384, 'filename': u'/data/data/com.caiping/shared_prefs/0.xml\\x00'}", "type": "SYSCALL", "id": 1595, "ts": 0}, {"sysname": "write", "xref": 1595, "ts": 0, "blob": "{'filename': u'/data/data/com.caiping/shared_prefs/0.xml'}", "type": "SYSCALL", "id": 1596}]}, {"tid": 318, "procname": "com.caiping", "class": "FS ACCESS", "low": [{"sysname": "open", "blob": "{'flags': 131649, 'mode': 384, 'filename': u'/data/data/com.caiping/shared_prefs/0.xml\\x00'}", "type": "SYSCALL", "id": 1605, "ts": 0}, {"sysname": "write", "xref": 1605, "ts": 0, "blob": "{'filename': u'/data/data/com.caiping/shared_prefs/0.xml'}", "type": "SYSCALL", "id": 1606}]}, {"tid": 318, "procname": "com.caiping", "class": "FS ACCESS", "low": [{"sysname": "open", "blob": "{'flags': 131649, 'mode': 384, 'filename': u'/data/data/com.caiping/files/anservera.db\\x00'}", "type": "SYSCALL", "id": 1618, "ts": 0}, {"sysname": "write", "xref": 1618, "ts": 0, "blob": "{'filename': u'/data/data/com.caiping/files/anservera.db'}", "type": "SYSCALL", "id": 1620}, {"sysname": "write", "xref": 1618, "ts": 0, "blob": "{'filename': u'/data/data/com.caiping/files/anservera.db'}", "type": "SYSCALL", "id": 1621}, {"sysname": "write", "xref": 1618, "ts": 0, "blob": "{'filename': u'/data/data/com.caiping/files/anservera.db'}", "type": "SYSCALL", "id": 1622}, {"sysname": "write", "xref": 1618, "ts": 0, "blob": "{'filename': u'/data/data/com.caiping/files/anservera.db'}", "type": "SYSCALL", "id": 1623}, {"sysname": "write", "xref": 1618, "ts": 0, "blob": "{'filename': u'/data/data/com.caiping/files/anservera.db'}", "type": "SYSCALL", "id": 1624}, {"sysname": "write", "xref": 1618, "ts": 0, "blob": "{'filename': u'/data/data/com.caiping/files/anservera.db'}", "type": "SYSCALL", "id": 1625}, {"sysname": "write", "xref": 1618, "ts": 0, "blob": "{'filename': u'/data/data/com.caiping/files/anservera.db'}", "type": "SYSCALL", "id": 1626}, {"sysname": "write", "xref": 1618, "ts": 0, "blob": "{'filename': u'/data/data/com.caiping/files/anservera.db'}", "type": "SYSCALL", "id": 1627}, {"sysname": "write", "xref": 1618, "ts": 0, "blob": "{'filename': u'/data/data/com.caiping/files/anservera.db'}", "type": "SYSCALL", "id": 1628}, {"sysname": "write", "xref": 1618, "ts": 0, "blob": "{'filename': u'/data/data/com.caiping/files/anservera.db'}", "type": "SYSCALL", "id": 1629}, {"sysname": "write", "xref": 1618, "ts": 0, "blob": "{'filename': u'/data/data/com.caiping/files/anservera.db'}", "type": "SYSCALL", "id": 1630}, {"sysname": "write", "xref": 1618, "ts": 0, "blob": "{'filename': u'/data/data/com.caiping/files/anservera.db'}", "type": "SYSCALL", "id": 1631}, {"sysname": "write", "xref": 1618, "ts": 0, "blob": "{'filename': u'/data/data/com.caiping/files/anservera.db'}", "type": "SYSCALL", "id": 1632}, {"sysname": "write", "xref": 1618, "ts": 0, "blob": "{'filename': u'/data/data/com.caiping/files/anservera.db'}", "type": "SYSCALL", "id": 1633}, {"sysname": "write", "xref": 1618, "ts": 0, "blob": "{'filename': u'/data/data/com.caiping/files/anservera.db'}", "type": "SYSCALL", "id": 1634}, {"sysname": "write", "xref": 1618, "ts": 0, "blob": "{'filename': u'/data/data/com.caiping/files/anservera.db'}", "type": "SYSCALL", "id": 1635}, {"sysname": "write", "xref": 1618, "ts": 0, "blob": "{'filename': u'/data/data/com.caiping/files/anservera.db'}", "type": "SYSCALL", "id": 1636}, {"sysname": "write", "xref": 1618, "ts": 0, "blob": "{'filename': u'/data/data/com.caiping/files/anservera.db'}", "type": "SYSCALL", "id": 1637}, {"sysname": "write", "xref": 1618, "ts": 0, "blob": "{'filename': u'/data/data/com.caiping/files/anservera.db'}", "type": "SYSCALL", "id": 1638}, {"sysname": "write", "xref": 1618, "ts": 0, "blob": "{'filename': u'/data/data/com.caiping/files/anservera.db'}", "type": "SYSCALL", "id": 1639}, {"sysname": "write", "xref": 1618, "ts": 0, "blob": "{'filename': u'/data/data/com.caiping/files/anservera.db'}", "type": "SYSCALL", "id": 1640}, {"sysname": "write", "xref": 1618, "ts": 0, "blob": "{'filename': u'/data/data/com.caiping/files/anservera.db'}", "type": "SYSCALL", "id": 1641}, {"sysname": "write", "xref": 1618, "ts": 0, "blob": "{'filename': u'/data/data/com.caiping/files/anservera.db'}", "type": "SYSCALL", "id": 1642}, {"sysname": "write", "xref": 1618, "ts": 0, "blob": "{'filename': u'/data/data/com.caiping/files/anservera.db'}", "type": "SYSCALL", "id": 1643}, {"sysname": "write", "xref": 1618, "ts": 0, "blob": "{'filename': u'/data/data/com.caiping/files/anservera.db'}", "type": "SYSCALL", "id": 1644}, {"sysname": "write", "xref": 1618, "ts": 0, "blob": "{'filename': u'/data/data/com.caiping/files/anservera.db'}", "type": "SYSCALL", "id": 1645}, {"sysname": "write", "xref": 1618, "ts": 0, "blob": "{'filename': u'/data/data/com.caiping/files/anservera.db'}", "type": "SYSCALL", "id": 1646}, {"sysname": "write", "xref": 1618, "ts": 0, "blob": "{'filename': u'/data/data/com.caiping/files/anservera.db'}", "type": "SYSCALL", "id": 1647}, {"sysname": "write", "xref": 1618, "ts": 0, "blob": "{'filename': u'/data/data/com.caiping/files/anservera.db'}", "type": "SYSCALL", "id": 1648}, {"sysname": "write", "xref": 1618, "ts": 0, "blob": "{'filename': u'/data/data/com.caiping/files/anservera.db'}", "type": "SYSCALL", "id": 1649}, {"sysname": "write", "xref": 1618, "ts": 0, "blob": "{'filename': u'/data/data/com.caiping/files/anservera.db'}", "type": "SYSCALL", "id": 1650}]}, {"tid": 318, "procname": "com.caiping", "class": "FS ACCESS", "low": [{"sysname": "open", "blob": "{'flags': 131649, 'mode': 384, 'filename': u'/data/data/com.caiping/files/anserverb.db\\x00'}", "type": "SYSCALL", "id": 1656, "ts": 0}, {"sysname": "write", "xref": 1656, "ts": 0, "blob": "{'filename': u'/data/data/com.caiping/files/anserverb.db'}", "type": "SYSCALL", "id": 1658}, {"sysname": "write", "xref": 1656, "ts": 0, "blob": "{'filename': u'/data/data/com.caiping/files/anserverb.db'}", "type": "SYSCALL", "id": 1659}, {"sysname": "write", "xref": 1656, "ts": 0, "blob": "{'filename': u'/data/data/com.caiping/files/anserverb.db'}", "type": "SYSCALL", "id": 1660}, {"sysname": "write", "xref": 1656, "ts": 0, "blob": "{'filename': u'/data/data/com.caiping/files/anserverb.db'}", "type": "SYSCALL", "id": 1661}, {"sysname": "write", "xref": 1656, "ts": 0, "blob": "{'filename': u'/data/data/com.caiping/files/anserverb.db'}", "type": "SYSCALL", "id": 1662}, {"sysname": "write", "xref": 1656, "ts": 0, "blob": "{'filename': u'/data/data/com.caiping/files/anserverb.db'}", "type": "SYSCALL", "id": 1663}, {"sysname": "write", "xref": 1656, "ts": 0, "blob": "{'filename': u'/data/data/com.caiping/files/anserverb.db'}", "type": "SYSCALL", "id": 1664}, {"sysname": "write", "xref": 1656, "ts": 0, "blob": "{'filename': u'/data/data/com.caiping/files/anserverb.db'}", "type": "SYSCALL", "id": 1665}, {"sysname": "write", "xref": 1656, "ts": 0, "blob": "{'filename': u'/data/data/com.caiping/files/anserverb.db'}", "type": "SYSCALL", "id": 1666}, {"sysname": "write", "xref": 1656, "ts": 0, "blob": "{'filename': u'/data/data/com.caiping/files/anserverb.db'}", "type": "SYSCALL", "id": 1667}, {"sysname": "write", "xref": 1656, "ts": 0, "blob": "{'filename': u'/data/data/com.caiping/files/anserverb.db'}", "type": "SYSCALL", "id": 1668}, {"sysname": "write", "xref": 1656, "ts": 0, "blob": "{'filename': u'/data/data/com.caiping/files/anserverb.db'}", "type": "SYSCALL", "id": 1669}, {"sysname": "write", "xref": 1656, "ts": 0, "blob": "{'filename': u'/data/data/com.caiping/files/anserverb.db'}", "type": "SYSCALL", "id": 1670}, {"sysname": "write", "xref": 1656, "ts": 0, "blob": "{'filename': u'/data/data/com.caiping/files/anserverb.db'}", "type": "SYSCALL", "id": 1671}, {"sysname": "write", "xref": 1656, "ts": 0, "blob": "{'filename': u'/data/data/com.caiping/files/anserverb.db'}", "type": "SYSCALL", "id": 1672}, {"sysname": "write", "xref": 1656, "ts": 0, "blob": "{'filename': u'/data/data/com.caiping/files/anserverb.db'}", "type": "SYSCALL", "id": 1673}, {"sysname": "write", "xref": 1656, "ts": 0, "blob": "{'filename': u'/data/data/com.caiping/files/anserverb.db'}", "type": "SYSCALL", "id": 1674}, {"sysname": "write", "xref": 1656, "ts": 0, "blob": "{'filename': u'/data/data/com.caiping/files/anserverb.db'}", "type": "SYSCALL", "id": 1675}, {"sysname": "write", "xref": 1656, "ts": 0, "blob": "{'filename': u'/data/data/com.caiping/files/anserverb.db'}", "type": "SYSCALL", "id": 1676}, {"sysname": "write", "xref": 1656, "ts": 0, "blob": "{'filename': u'/data/data/com.caiping/files/anserverb.db'}", "type": "SYSCALL", "id": 1677}, {"sysname": "write", "xref": 1656, "ts": 0, "blob": "{'filename': u'/data/data/com.caiping/files/anserverb.db'}", "type": "SYSCALL", "id": 1678}, {"sysname": "write", "xref": 1656, "ts": 0, "blob": "{'filename': u'/data/data/com.caiping/files/anserverb.db'}", "type": "SYSCALL", "id": 1679}, {"sysname": "write", "xref": 1656, "ts": 0, "blob": "{'filename': u'/data/data/com.caiping/files/anserverb.db'}", "type": "SYSCALL", "id": 1680}, {"sysname": "write", "xref": 1656, "ts": 0, "blob": "{'filename': u'/data/data/com.caiping/files/anserverb.db'}", "type": "SYSCALL", "id": 1681}, {"sysname": "write", "xref": 1656, "ts": 0, "blob": "{'filename': u'/data/data/com.caiping/files/anserverb.db'}", "type": "SYSCALL", "id": 1682}, {"sysname": "write", "xref": 1656, "ts": 0, "blob": "{'filename': u'/data/data/com.caiping/files/anserverb.db'}", "type": "SYSCALL", "id": 1683}, {"sysname": "write", "xref": 1656, "ts": 0, "blob": "{'filename': u'/data/data/com.caiping/files/anserverb.db'}", "type": "SYSCALL", "id": 1684}]}, {"tid": 318, "procname": "com.caiping", "class": "FS ACCESS", "low": [{"sysname": "open", "blob": "{'flags': 131649, 'mode': 384, 'filename': u'/data/data/com.caiping/shared_prefs/0.xml\\x00'}", "type": "SYSCALL", "id": 1690, "ts": 0}, {"sysname": "write", "xref": 1690, "ts": 0, "blob": "{'filename': u'/data/data/com.caiping/shared_prefs/0.xml'}", "type": "SYSCALL", "id": 1693}]}, {"tid": 318, "procname": "com.caiping", "class": "FS ACCESS", "low": [{"sysname": "open", "blob": "{'flags': 131649, 'mode': 384, 'filename': u'/data/data/com.caiping/shared_prefs/0.xml\\x00'}", "type": "SYSCALL", "id": 1702, "ts": 0}, {"sysname": "write", "xref": 1702, "ts": 0, "blob": "{'filename': u'/data/data/com.caiping/shared_prefs/0.xml'}", "type": "SYSCALL", "id": 1703}]}, {"tid": 324, "procname": "dexopt", "class": "FS ACCESS", "low": [{"sysname": "open", "blob": "{'flags': 131138, 'mode': 420, 'filename': u'/data/data/com.caiping/files/anserverb.dex\\x00'}", "type": "SYSCALL", "id": 2129, "ts": 0}, {"sysname": "write", "xref": 2129, "ts": 0, "blob": "{'filename': u'/data/data/com.caiping/files/anserverb.dex'}", "type": "SYSCALL", "id": 2133}, {"sysname": "write", "xref": 2129, "ts": 0, "blob": "{'filename': u'/data/data/com.caiping/files/anserverb.dex'}", "type": "SYSCALL", "id": 2138}, {"sysname": "write", "xref": 2129, "ts": 0, "blob": "{'filename': u'/data/data/com.caiping/files/anserverb.dex'}", "type": "SYSCALL", "id": 2139}, {"sysname": "write", "xref": 2129, "ts": 0, "blob": "{'filename': u'/data/data/com.caiping/files/anserverb.dex'}", "type": "SYSCALL", "id": 2715}, {"sysname": "write", "xref": 2129, "ts": 0, "blob": "{'filename': u'/data/data/com.caiping/files/anserverb.dex'}", "type": "SYSCALL", "id": 2718}, {"sysname": "write", "xref": 2129, "ts": 0, "blob": "{'filename': u'/data/data/com.caiping/files/anserverb.dex'}", "type": "SYSCALL", "id": 2719}, {"sysname": "write", "xref": 2129, "ts": 0, "blob": "{'filename': u'/data/data/com.caiping/files/anserverb.dex'}", "type": "SYSCALL", "id": 2720}, {"sysname": "write", "xref": 2129, "ts": 0, "blob": "{'filename': u'/data/data/com.caiping/files/anserverb.dex'}", "type": "SYSCALL", "id": 2725}]}, {"tid": 324, "procname": "com.caiping", "class": "EXECUTE", "low": [{"sysname": "execve", "blob": {"executed_file": "/system/bin/dexopt", "args": "[]", "retval": 0}, "type": "SYSCALL", "id": 2151, "ts": 0}]}, {"tid": 318, "procname": "com.caiping", "class": "FS ACCESS", "low": [{"sysname": "open", "blob": "{'flags': 131649, 'mode': 384, 'filename': u'/data/data/com.caiping/shared_prefs/0.xml\\x00'}", "type": "SYSCALL", "id": 2761, "ts": 0}, {"sysname": "write", "xref": 2761, "ts": 0, "blob": "{'filename': u'/data/data/com.caiping/shared_prefs/0.xml'}", "type": "SYSCALL", "id": 2762}]}, {"tid": 318, "procname": "com.caiping", "class": "FS ACCESS", "low": [{"sysname": "open", "blob": "{'flags': 131649, 'mode': 384, 'filename': u'/data/data/com.caiping/shared_prefs/0.xml\\x00'}", "type": "SYSCALL", "id": 2771, "ts": 0}, {"sysname": "write", "xref": 2771, "ts": 0, "blob": "{'filename': u'/data/data/com.caiping/shared_prefs/0.xml'}", "type": "SYSCALL", "id": 2774}]}, {"tid": 318, "procname": "com.caiping", "class": "FS ACCESS", "low": [{"sysname": "open", "blob": "{'flags': 131649, 'mode': 384, 'filename': u'/data/data/com.caiping/shared_prefs/11.xml\\x00'}", "type": "SYSCALL", "id": 2781, "ts": 0}, {"sysname": "write", "xref": 2781, "ts": 0, "blob": "{'filename': u'/data/data/com.caiping/shared_prefs/11.xml'}", "type": "SYSCALL", "id": 2782}]}, {"tid": 326, "procname": "Thread-9", "class": "ACCESS PERSONAL INFO", "subclass": "PHONE", "low": [{"method_name": "com.android.internal.telephony.IPhoneSubInfo.getSubscriberId()()", "type": "BINDER", "id": 3348, "ts": 0}]}, {"tid": 326, "procname": "Thread-9", "class": "ACCESS PERSONAL INFO", "subclass": "PHONE", "low": [{"method_name": "com.android.internal.telephony.IPhoneSubInfo.getDeviceId()()", "type": "BINDER", "id": 3388, "ts": 0}]}, {"tid": 326, "procname": "Thread-9", "class": "FS ACCESS", "low": [{"sysname": "open", "blob": "{'flags': 131649, 'mode': 384, 'filename': u'/data/data/com.caiping/shared_prefs/0.xml\\x00'}", "type": "SYSCALL", "id": 3477, "ts": 0}, {"sysname": "write", "xref": 3477, "ts": 0, "blob": "{'filename': u'/data/data/com.caiping/shared_prefs/0.xml'}", "type": "SYSCALL", "id": 3498}]}, {"tid": 326, "procname": "Thread-9", "class": "NETWORK ACCESS", "subclass": "DNS", "low": [{"sysname": "connect", "blob": "{'host': '10.0.2.3', 'retval': 0, 'port': 53}", "type": "SYSCALL", "id": 3965, "ts": 0}, {"sysname": "sendto", "xref": 3965, "ts": 0, "blob": "{'query_data': 'b4.cookier.co.cc. 1 1'}", "type": "SYSCALL", "id": 3966}]}, {"tid": 326, "procname": "Thread-9", "class": "NETWORK ACCESS", "low": [{"sysname": "connect", "blob": "{'host': '::ffff:10.10.10.10', 'retval': -115, 'port': 8080}", "type": "SYSCALL", "id": 3986, "ts": 0}]}, {"tid": 77, "procname": "ActivityManager", "class": "ACCESS PERSONAL INFO", "subclass": "SMS", "low": [{"recv by": "com.caiping", "intent": "android.provider.Telephony.SMS_RECEIVED", "type": "INTENT", "id": 3995, "ts": 0}]}, {"tid": 164, "procname": "Binder Thread #", "class": "ACCESS PERSONAL INFO", "subclass": "SMS", "low": [{"recv by": "com.caiping", "intent": "android.provider.Telephony.SMS_RECEIVED", "type": "INTENT", "id": 4724, "ts": 0}]}, {"tid": 326, "procname": "Thread-9", "class": "FS ACCESS", "low": [{"sysname": "open", "blob": "{'flags': 131649, 'mode': 384, 'filename': u'/data/data/com.caiping/shared_prefs/11.xml\\x00'}", "type": "SYSCALL", "id": 4751, "ts": 0}, {"sysname": "write", "xref": 4751, "ts": 0, "blob": "{'filename': u'/data/data/com.caiping/shared_prefs/11.xml'}", "type": "SYSCALL", "id": 4762}]}, {"tid": 326, "procname": "Thread-9", "class": "FS ACCESS", "low": [{"sysname": "open", "blob": "{'flags': 131649, 'mode': 384, 'filename': u'/data/data/com.caiping/shared_prefs/11.xml\\x00'}", "type": "SYSCALL", "id": 4790, "ts": 0}, {"sysname": "write", "xref": 4790, "ts": 0, "blob": "{'filename': u'/data/data/com.caiping/shared_prefs/11.xml'}", "type": "SYSCALL", "id": 4805}]}, {"tid": 326, "procname": "Thread-9", "class": "FS ACCESS", "low": [{"sysname": "open", "blob": "{'flags': 131649, 'mode': 384, 'filename': u'/data/data/com.caiping/shared_prefs/11.xml\\x00'}", "type": "SYSCALL", "id": 4820, "ts": 0}, {"sysname": "write", "xref": 4820, "ts": 0, "blob": "{'filename': u'/data/data/com.caiping/shared_prefs/11.xml'}", "type": "SYSCALL", "id": 4830}]}, {"tid": 331, "procname": "Thread-12", "class": "NETWORK ACCESS", "low": [{"sysname": "connect", "blob": "{'host': '::ffff:10.10.10.10', 'retval': -115, 'port': 8080}", "type": "SYSCALL", "id": 5798, "ts": 0}]}, {"tid": 332, "procname": "dexopt", "class": "FS ACCESS", "low": [{"sysname": "open", "blob": "{'flags': 131138, 'mode': 420, 'filename': u'/data/data/com.caiping/files/com.caiping-1.dex\\x00'}", "type": "SYSCALL", "id": 6443, "ts": 0}, {"sysname": "write", "xref": 6443, "ts": 0, "blob": "{'filename': u'/data/data/com.caiping/files/com.caiping-1.dex'}", "type": "SYSCALL", "id": 6447}, {"sysname": "write", "xref": 6443, "ts": 0, "blob": "{'filename': u'/data/data/com.caiping/files/com.caiping-1.dex'}", "type": "SYSCALL", "id": 6452}, {"sysname": "write", "xref": 6443, "ts": 0, "blob": "{'filename': u'/data/data/com.caiping/files/com.caiping-1.dex'}", "type": "SYSCALL", "id": 6453}, {"sysname": "write", "xref": 6443, "ts": 0, "blob": "{'filename': u'/data/data/com.caiping/files/com.caiping-1.dex'}", "type": "SYSCALL", "id": 6454}, {"sysname": "write", "xref": 6443, "ts": 0, "blob": "{'filename': u'/data/data/com.caiping/files/com.caiping-1.dex'}", "type": "SYSCALL", "id": 6455}, {"sysname": "write", "xref": 6443, "ts": 0, "blob": "{'filename': u'/data/data/com.caiping/files/com.caiping-1.dex'}", "type": "SYSCALL", "id": 7170}, {"sysname": "write", "xref": 6443, "ts": 0, "blob": "{'filename': u'/data/data/com.caiping/files/com.caiping-1.dex'}", "type": "SYSCALL", "id": 7173}, {"sysname": "write", "xref": 6443, "ts": 0, "blob": "{'filename': u'/data/data/com.caiping/files/com.caiping-1.dex'}", "type": "SYSCALL", "id": 7174}, {"sysname": "write", "xref": 6443, "ts": 0, "blob": "{'filename': u'/data/data/com.caiping/files/com.caiping-1.dex'}", "type": "SYSCALL", "id": 7175}, {"sysname": "write", "xref": 6443, "ts": 0, "blob": "{'filename': u'/data/data/com.caiping/files/com.caiping-1.dex'}", "type": "SYSCALL", "id": 7186}]}, {"tid": 332, "procname": "com.caiping", "class": "EXECUTE", "low": [{"sysname": "execve", "blob": {"executed_file": "/system/bin/dexopt", "args": "[]", "retval": 0}, "type": "SYSCALL", "id": 6469, "ts": 0}]}, {"tid": 331, "procname": "Thread-12", "class": "FS ACCESS", "low": [{"sysname": "open", "blob": "{'flags': 131649, 'mode': 384, 'filename': u'/data/data/com.caiping/shared_prefs/11.xml\\x00'}", "type": "SYSCALL", "id": 7209, "ts": 0}, {"sysname": "write", "xref": 7209, "ts": 0, "blob": "{'filename': u'/data/data/com.caiping/shared_prefs/11.xml'}", "type": "SYSCALL", "id": 7230}]}, {"tid": 334, "procname": "Thread-14", "class": "NETWORK ACCESS", "low": [{"sysname": "connect", "blob": "{'host': '::ffff:10.10.10.10', 'retval': -115, 'port': 8080}", "type": "SYSCALL", "id": 8211, "ts": 0}]}, {"tid": 334, "procname": "Thread-14", "class": "FS ACCESS", "low": [{"sysname": "open", "blob": "{'flags': 131649, 'mode': 384, 'filename': u'/data/data/com.caiping/shared_prefs/11.xml\\x00'}", "type": "SYSCALL", "id": 9368, "ts": 0}, {"sysname": "write", "xref": 9368, "ts": 0, "blob": "{'filename': u'/data/data/com.caiping/shared_prefs/11.xml'}", "type": "SYSCALL", "id": 9375}]}, {"tid": 335, "procname": "com.caiping", "class": "EXECUTE", "low": [{"sysname": "execve", "blob": {"executed_file": "/system/bin/sh", "args": "[]", "retval": 0}, "type": "SYSCALL", "id": 9445, "ts": 0}]}, {"tid": 336, "procname": "Thread-15", "class": "FS ACCESS", "low": [{"sysname": "open", "blob": "{'flags': 131649, 'mode': 384, 'filename': u'/data/data/com.caiping/shared_prefs/210.xml\\x00'}", "type": "SYSCALL", "id": 10258, "ts": 0}, {"sysname": "write", "xref": 10258, "ts": 0, "blob": "{'filename': u'/data/data/com.caiping/shared_prefs/210.xml'}", "type": "SYSCALL", "id": 10300}]}, {"tid": 318, "procname": "com.caiping", "class": "FS ACCESS", "low": [{"sysname": "open", "blob": "{'flags': 131649, 'mode': 384, 'filename': u'/data/data/com.caiping/shared_prefs/0.xml\\x00'}", "type": "SYSCALL", "id": 10260, "ts": 0}, {"sysname": "write", "xref": 10260, "ts": 0, "blob": "{'filename': u'/data/data/com.caiping/shared_prefs/0.xml'}", "type": "SYSCALL", "id": 10391}]}, {"tid": 336, "procname": "Thread-15", "class": "FS ACCESS", "low": [{"sysname": "open", "blob": "{'flags': 131649, 'mode': 384, 'filename': u'/data/data/com.caiping/shared_prefs/210.xml\\x00'}", "type": "SYSCALL", "id": 10330, "ts": 0}, {"sysname": "write", "xref": 10330, "ts": 0, "blob": "{'filename': u'/data/data/com.caiping/shared_prefs/210.xml'}", "type": "SYSCALL", "id": 10356}]}, {"tid": 336, "procname": "Thread-15", "class": "FS ACCESS", "low": [{"sysname": "open", "blob": "{'flags': 131649, 'mode': 384, 'filename': u'/data/data/com.caiping/shared_prefs/210.xml\\x00'}", "type": "SYSCALL", "id": 10390, "ts": 0}, {"sysname": "write", "xref": 10390, "ts": 0, "blob": "{'filename': u'/data/data/com.caiping/shared_prefs/210.xml'}", "type": "SYSCALL", "id": 10428}]}, {"tid": 338, "procname": "com.caiping", "class": "EXECUTE", "low": [{"sysname": "execve", "blob": {"executed_file": "/system/bin/sh", "args": "[]", "retval": 0}, "type": "SYSCALL", "id": 10536, "ts": 0}]}, {"tid": 337, "procname": "Thread-16", "class": "ACCESS PERSONAL INFO", "subclass": "PHONE", "low": [{"method_name": "com.android.internal.telephony.IPhoneSubInfo.getSubscriberId()()", "type": "BINDER", "id": 10724, "ts": 0}]}, {"tid": 337, "procname": "Thread-16", "class": "NETWORK ACCESS", "low": [{"sysname": "connect", "blob": "{'host': '::ffff:10.10.10.10', 'retval': -115, 'port': 8080}", "type": "SYSCALL", "id": 11206, "ts": 0}]}, {"tid": 318, "procname": "com.caiping", "class": "FS ACCESS", "low": [{"sysname": "open", "blob": "{'flags': 131649, 'mode': 384, 'filename': u'/data/data/com.caiping/shared_prefs/210.xml\\x00'}", "type": "SYSCALL", "id": 11221, "ts": 0}, {"sysname": "write", "xref": 11221, "ts": 0, "blob": "{'filename': u'/data/data/com.caiping/shared_prefs/210.xml'}", "type": "SYSCALL", "id": 11224}]}, {"tid": 318, "procname": "com.caiping", "class": "FS ACCESS", "low": [{"sysname": "open", "blob": "{'flags': 131649, 'mode': 384, 'filename': u'/data/data/com.caiping/shared_prefs/0.xml\\x00'}", "type": "SYSCALL", "id": 11233, "ts": 0}, {"sysname": "write", "xref": 11233, "ts": 0, "blob": "{'filename': u'/data/data/com.caiping/shared_prefs/0.xml'}", "type": "SYSCALL", "id": 11234}]}, {"tid": 339, "procname": "com.caiping", "class": "EXECUTE", "low": [{"sysname": "execve", "blob": {"executed_file": "/system/bin/sh", "args": "[]", "retval": 0}, "type": "SYSCALL", "id": 11274, "ts": 0}]}, {"tid": 318, "procname": "com.caiping", "class": "FS ACCESS", "low": [{"sysname": "open", "blob": "{'flags': 131649, 'mode': 384, 'filename': u'/data/data/com.caiping/shared_prefs/0.xml\\x00'}", "type": "SYSCALL", "id": 12080, "ts": 0}, {"sysname": "write", "xref": 12080, "ts": 0, "blob": "{'filename': u'/data/data/com.caiping/shared_prefs/0.xml'}", "type": "SYSCALL", "id": 12126}]}, {"tid": 340, "procname": "com.caiping", "class": "EXECUTE", "low": [{"sysname": "execve", "blob": {"executed_file": "/system/bin/sh", "args": "[]", "retval": 0}, "type": "SYSCALL", "id": 12454, "ts": 0}]}, {"tid": 337, "procname": "Thread-16", "class": "FS ACCESS", "low": [{"sysname": "open", "blob": "{'flags': 131649, 'mode': 384, 'filename': u'/data/data/com.caiping/shared_prefs/21.xml\\x00'}", "type": "SYSCALL", "id": 13005, "ts": 0}, {"sysname": "write", "xref": 13005, "ts": 0, "blob": "{'filename': u'/data/data/com.caiping/shared_prefs/21.xml'}", "type": "SYSCALL", "id": 13030}]}, {"tid": 337, "procname": "Thread-16", "class": "FS ACCESS", "low": [{"sysname": "open", "blob": "{'flags': 131649, 'mode': 384, 'filename': u'/data/data/com.caiping/shared_prefs/21.xml\\x00'}", "type": "SYSCALL", "id": 13050, "ts": 0}, {"sysname": "write", "xref": 13050, "ts": 0, "blob": "{'filename': u'/data/data/com.caiping/shared_prefs/21.xml'}", "type": "SYSCALL", "id": 13105}]}, {"tid": 337, "procname": "Thread-16", "class": "FS ACCESS", "low": [{"sysname": "open", "blob": "{'flags': 131649, 'mode': 384, 'filename': u'/data/data/com.caiping/shared_prefs/210.xml\\x00'}", "type": "SYSCALL", "id": 13114, "ts": 0}, {"sysname": "write", "xref": 13114, "ts": 0, "blob": "{'filename': u'/data/data/com.caiping/shared_prefs/210.xml'}", "type": "SYSCALL", "id": 13118}]}, {"tid": 318, "procname": "com.caiping", "class": "FS ACCESS", "low": [{"sysname": "open", "blob": "{'flags': 131649, 'mode': 384, 'filename': u'/data/data/com.caiping/shared_prefs/0.xml\\x00'}", "type": "SYSCALL", "id": 13150, "ts": 0}, {"sysname": "write", "xref": 13150, "ts": 0, "blob": "{'filename': u'/data/data/com.caiping/shared_prefs/0.xml'}", "type": "SYSCALL", "id": 13151}]}, {"tid": 342, "procname": "d.process.acore", "class": "ACCESS PERSONAL INFO", "subclass": "ACCOUNT", "low": [{"method_name": "android.accounts.IAccountManager.TRANSACTION_getAccounts()", "type": "BINDER", "id": 14357, "ts": 0}]}, {"tid": 347, "procname": "Binder Thread #", "class": "ACCESS PERSONAL INFO", "subclass": "ACCOUNT", "low": [{"method_name": "android.accounts.IAccountManager.TRANSACTION_getAccountsByFeatures()", "type": "BINDER", "id": 14968, "ts": 0}]}]}}, "userid": "joystick", "country": "UNAVAILABLE", "date_end": "N/A", "date_start": "N/A", "date_submitted": "2012-11-19 17:52:08", "static": "/copperdroid/reports//AnserverBot_genome_stimulated/6e846ba7c5ed056c10ba2e663aca276670d2e82c.apk.log", "submitter_ip": "127.0.0.1", "pcap": "/copperdroid/reports//AnserverBot_genome_stimulated/6e846ba7c5ed056c10ba2e663aca276670d2e82c.apk.pcap", "md5": "a46090184b315e1fb36990c751471d8c"}