{"behaviors": {"static": {}, "dynamic": {"host": [{"tid": 318, "procname": ".vancl.activity", "class": "FS ACCESS", "low": [{"sysname": "open", "blob": "{'flags': 131649, 'mode': 384, 'filename': u'/data/data/com.vancl.activity/shared_prefs/user.xml\\x00'}", "type": "SYSCALL", "id": 2373, "ts": 0}, {"sysname": "write", "xref": 2373, "ts": 0, "blob": "{'filename': u'/data/data/com.vancl.activity/shared_prefs/user.xml'}", "type": "SYSCALL", "id": 2389}]}, {"tid": 318, "procname": ".vancl.activity", "class": "FS ACCESS", "low": [{"sysname": "open", "blob": "{'flags': 131138, 'mode': 420, 'filename': u'/data/data/com.vancl.activity/databases/vancl.db\\x00'}", "type": "SYSCALL", "id": 2488, "ts": 0}, {"sysname": "write", "xref": 2488, "ts": 0, "blob": "{'filename': u'/data/data/com.vancl.activity/databases/vancl.db'}", "type": "SYSCALL", "id": 2571}, {"sysname": "write", "xref": 2488, "ts": 0, "blob": "{'filename': u'/data/data/com.vancl.activity/databases/vancl.db'}", "type": "SYSCALL", "id": 2573}, {"sysname": "write", "xref": 2488, "ts": 0, "blob": "{'filename': u'/data/data/com.vancl.activity/databases/vancl.db'}", "type": "SYSCALL", "id": 2575}, {"sysname": "write", "xref": 2488, "ts": 0, "blob": "{'filename': u'/data/data/com.vancl.activity/databases/vancl.db'}", "type": "SYSCALL", "id": 2648}, {"sysname": "write", "xref": 2488, "ts": 0, "blob": "{'filename': u'/data/data/com.vancl.activity/databases/vancl.db'}", "type": "SYSCALL", "id": 2651}, {"sysname": "write", "xref": 2488, "ts": 0, "blob": "{'filename': u'/data/data/com.vancl.activity/databases/vancl.db'}", "type": "SYSCALL", "id": 2797}, {"sysname": "write", "xref": 2488, "ts": 0, "blob": "{'filename': u'/data/data/com.vancl.activity/databases/vancl.db'}", "type": "SYSCALL", "id": 2800}, {"sysname": "write", "xref": 2488, "ts": 0, "blob": "{'filename': u'/data/data/com.vancl.activity/databases/vancl.db'}", "type": "SYSCALL", "id": 2802}, {"sysname": "write", "xref": 2488, "ts": 0, "blob": "{'filename': u'/data/data/com.vancl.activity/databases/vancl.db'}", "type": "SYSCALL", "id": 2804}, {"sysname": "write", "xref": 2488, "ts": 0, "blob": "{'filename': u'/data/data/com.vancl.activity/databases/vancl.db'}", "type": "SYSCALL", "id": 2806}, {"sysname": "write", "xref": 2488, "ts": 0, "blob": "{'filename': u'/data/data/com.vancl.activity/databases/vancl.db'}", "type": "SYSCALL", "id": 2810}, {"sysname": "write", "xref": 2488, "ts": 0, "blob": "{'filename': u'/data/data/com.vancl.activity/databases/vancl.db'}", "type": "SYSCALL", "id": 2812}, {"sysname": "write", "xref": 2488, "ts": 0, "blob": "{'filename': u'/data/data/com.vancl.activity/databases/vancl.db'}", "type": "SYSCALL", "id": 2814}, {"sysname": "write", "xref": 2488, "ts": 0, "blob": "{'filename': u'/data/data/com.vancl.activity/databases/vancl.db'}", "type": "SYSCALL", "id": 2816}]}, {"tid": 318, "procname": ".vancl.activity", "class": "ACCESS PERSONAL INFO", "subclass": "PHONE", "low": [{"method_name": "com.android.internal.telephony.IPhoneSubInfo.getDeviceId()()", "type": "BINDER", "id": 2969, "ts": 0}]}, {"tid": 318, "procname": ".vancl.activity", "class": "ACCESS PERSONAL INFO", "subclass": "PHONE", "low": [{"method_name": "com.android.internal.telephony.IPhoneSubInfo.getSubscriberId()()", "type": "BINDER", "id": 2984, "ts": 0}]}, {"tid": 318, "procname": ".vancl.activity", "class": "FS ACCESS", "low": [{"sysname": "open", "blob": "{'flags': 131649, 'mode': 384, 'filename': u'/data/data/com.vancl.activity/shared_prefs/user.xml\\x00'}", "type": "SYSCALL", "id": 3045, "ts": 0}, {"sysname": "write", "xref": 3045, "ts": 0, "blob": "{'filename': u'/data/data/com.vancl.activity/shared_prefs/user.xml'}", "type": "SYSCALL", "id": 3056}]}, {"tid": 318, "procname": ".vancl.activity", "class": "ACCESS PERSONAL INFO", "subclass": "PHONE", "low": [{"method_name": "com.android.internal.telephony.IPhoneSubInfo.getSubscriberId()()", "type": "BINDER", "id": 3154, "ts": 0}]}, {"tid": 318, "procname": ".vancl.activity", "class": "FS ACCESS", "low": [{"sysname": "open", "blob": "{'flags': 132161, 'mode': 384, 'filename': u'/mnt/sdcard/error.log\\x00'}", "type": "SYSCALL", "id": 3472, "ts": 0}, {"sysname": "write", "xref": 3472, "ts": 0, "blob": "{'filename': u'/mnt/sdcard/error.log'}", "type": "SYSCALL", "id": 9084}]}, {"tid": 331, "procname": ".vancl.activity", "class": "EXECUTE", "low": [{"sysname": "execve", "blob": {"executed_file": "/sbin/logcat", "args": "['logcat', '', '', '', '', '', '', '']", "retval": -13}, "type": "SYSCALL", "id": 4714, "ts": 0}]}, {"tid": 331, "procname": ".vancl.activity", "class": "EXECUTE", "low": [{"sysname": "execve", "blob": {"executed_file": "/system/sbin/logcat", "args": "['logcat', '', '', '', '', '', '', '']", "retval": -2}, "type": "SYSCALL", "id": 4715, "ts": 0}]}, {"tid": 331, "procname": ".vancl.activity", "class": "EXECUTE", "low": [{"sysname": "execve", "blob": {"executed_file": "logcat", "args": "[]", "retval": 0}, "type": "SYSCALL", "id": 4746, "ts": 0}]}, {"tid": 77, "procname": "ActivityManager", "class": "ACCESS PERSONAL INFO", "subclass": "SMS", "low": [{"recv by": "com.vancl.activity", "intent": "android.provider.Telephony.SMS_RECEIVED", "type": "INTENT", "id": 5148, "ts": 0}]}, {"tid": 328, "procname": "Thread-11", "class": "NETWORK ACCESS", "subclass": "DNS", "low": [{"sysname": "connect", "blob": "{'host': '10.0.2.3', 'retval': 0, 'port': 53}", "type": "SYSCALL", "id": 5876, "ts": 0}, {"sysname": "sendto", "xref": 5876, "ts": 0, "blob": "{'query_data': 'android-api.vancl.com. 1 1'}", "type": "SYSCALL", "id": 5877}]}, {"tid": 326, "procname": "Thread-9", "class": "NETWORK ACCESS", "subclass": "DNS", "low": [{"sysname": "connect", "blob": "{'host': '10.0.2.3', 'retval': 0, 'port': 53}", "type": "SYSCALL", "id": 5892, "ts": 0}, {"sysname": "sendto", "xref": 5892, "ts": 0, "blob": "{'query_data': 'android-api.vancl.com. 1 1'}", "type": "SYSCALL", "id": 5893}]}, {"tid": 327, "procname": "Thread-10", "class": "NETWORK ACCESS", "subclass": "DNS", "low": [{"sysname": "connect", "blob": "{'host': '10.0.2.3', 'retval': 0, 'port': 53}", "type": "SYSCALL", "id": 5907, "ts": 0}, {"sysname": "sendto", "xref": 5907, "ts": 0, "blob": "{'query_data': 'android-api.vancl.com. 1 1'}", "type": "SYSCALL", "id": 5908}]}, {"tid": 329, "procname": "Thread-12", "class": "NETWORK ACCESS", "subclass": "DNS", "low": [{"sysname": "connect", "blob": "{'host': '10.0.2.3', 'retval': 0, 'port': 53}", "type": "SYSCALL", "id": 5921, "ts": 0}, {"sysname": "sendto", "xref": 5921, "ts": 0, "blob": "{'query_data': 'android-api.vancl.com. 1 1'}", "type": "SYSCALL", "id": 5922}]}, {"tid": 327, "procname": "Thread-10", "class": "NETWORK ACCESS", "subclass": "HTTP", "low": [{"sysname": "connect", "blob": "{'host': '::ffff:59.151.92.146', 'retval': -115, 'port': 80}", "type": "SYSCALL", "id": 6109, "ts": 0}, {"sysname": "sendto", "xref": 6109, "ts": 0, "blob": "=POST+%2Fcrm%2Fandroid%2Fandroidinit+HTTP%2F1.1%0D%0AHost%3A+android-api.vancl.com%0D%0AConnection%3A+Keep-Alive%0D%0AContent-Length%3A+207%0D%0AContent-Type%3A+application%2Fx-www-form-urlencoded%0D%0Asign%3Df5a84ec13500f9a1e0a2b097465b52a9%26uid%3D%26sign_method%3Dmd5%26ttid%3Dvancl_android_001%25402011060847%2540vancl_android_1.6.0%26t%3D20120725085538%26source%3Dvancl_android_001%26appkey%3D2011060847%26format%3Djson%26ver%3D1.0%26usertoken%3D", "type": "SYSCALL", "id": 6704}]}, {"tid": 326, "procname": "Thread-9", "class": "NETWORK ACCESS", "subclass": "HTTP", "low": [{"sysname": "connect", "blob": "{'host': '::ffff:59.151.92.146', 'retval': -115, 'port': 80}", "type": "SYSCALL", "id": 6111, "ts": 0}, {"sysname": "sendto", "xref": 6111, "ts": 0, "blob": "=POST+%2Fstatistics%2Factive+HTTP%2F1.1%0D%0AHost%3A+android-api.vancl.com%0D%0AConnection%3A+Keep-Alive%0D%0AContent-Length%3A+388%0D%0AContent-Type%3A+application%2Fx-www-form-urlencoded%0D%0A", "type": "SYSCALL", "id": 6947}, {"sysname": "sendto", "xref": 6111, "ts": 0, "blob": "=uid%3D%26sign_method%3Dmd5%26ttid%3Dvancl_android_001%25402011060847%2540vancl_android_1.6.0%26model%3Dgeneric%26cn_operator%3D%26imei%3D000000000000000%26appkey%3D2011060847%26code%3D442f517960e0c676bc3b3c1905c292c6%26format%3Djson%26ver%3D1.0%26sign%3D12e246c4475d1a111a71233e961400d5%26platformn%3Dandroid%26t%3D20120725085537%26source%3Dvancl_android_001%26language%3Den%26imsi%3D310260000000000%26sms_center_number%3D13800100500%26clientv%3D1.6.0%26usertoken%3D", "type": "SYSCALL", "id": 6948}]}, {"tid": 328, "procname": "Thread-11", "class": "NETWORK ACCESS", "subclass": "HTTP", "low": [{"sysname": "connect", "blob": "{'host': '::ffff:59.151.92.146', 'retval': -115, 'port': 80}", "type": "SYSCALL", "id": 6115, "ts": 0}, {"sysname": "sendto", "xref": 6115, "ts": 0, "blob": "=POST+%2Fstatistics%2Fcheckversion+HTTP%2F1.1%0D%0AHost%3A+android-api.vancl.com%0D%0AConnection%3A+Keep-Alive%0D%0AContent-Length%3A+248%0D%0AContent-Type%3A+application%2Fx-www-form-urlencoded%0D%0Asign%3Da1b955e2b5dbbe2d03a364b0d978bed0%26uid%3D%26sign_method%3Dmd5%26ttid%3Dvancl_android_001%25402011060847%2540vancl_android_1.6.0%26t%3D20120725085538%26source%3Dvancl_android_001%26client_platform%3Dandroid%26appkey%3D2011060847%26client_ver%3D1.6.0%26format%3Djson%26ver%3D1.0%26usertoken%3D", "type": "SYSCALL", "id": 6705}]}, {"tid": 329, "procname": "Thread-12", "class": "NETWORK ACCESS", "subclass": "HTTP", "low": [{"sysname": "connect", "blob": "{'host': '::ffff:59.151.92.146', 'retval': -115, 'port': 80}", "type": "SYSCALL", "id": 6188, "ts": 0}, {"sysname": "sendto", "xref": 6188, "ts": 0, "blob": "=POST+%2Fstatistics%2Flog+HTTP%2F1.1%0D%0AHost%3A+android-api.vancl.com%0D%0AConnection%3A+Keep-Alive%0D%0AContent-Length%3A+219%0D%0AContent-Type%3A+application%2Fx-www-form-urlencoded%0D%0Asign%3D9818d1e780812897f4c32b0ba8b5931a%26uid%3D%26sign_method%3Dmd5%26ttid%3Dvancl_android_001%25402011060847%2540vancl_android_1.6.0%26logmessage%3D%26t%3D20120725085540%26source%3Dvancl_android_001%26appkey%3D2011060847%26format%3Djson%26ver%3D1.0%26usertoken%3D", "type": "SYSCALL", "id": 6730}]}, {"tid": 326, "procname": "Thread-9", "class": "FS ACCESS", "low": [{"sysname": "open", "blob": "{'flags': 131649, 'mode': 384, 'filename': u'/data/data/com.vancl.activity/shared_prefs/user.xml\\x00'}", "type": "SYSCALL", "id": 7246, "ts": 0}, {"sysname": "write", "xref": 7246, "ts": 0, "blob": "{'filename': u'/data/data/com.vancl.activity/shared_prefs/user.xml'}", "type": "SYSCALL", "id": 7485}]}, {"tid": 332, "procname": ".vancl.activity", "class": "EXECUTE", "low": [{"sysname": "execve", "blob": {"executed_file": "/sbin/logcat", "args": "['logcat', '']", "retval": -13}, "type": "SYSCALL", "id": 9065, "ts": 0}]}, {"tid": 332, "procname": ".vancl.activity", "class": "EXECUTE", "low": [{"sysname": "execve", "blob": {"executed_file": "/system/sbin/logcat", "args": "['logcat', '']", "retval": -2}, "type": "SYSCALL", "id": 9066, "ts": 0}]}, {"tid": 332, "procname": ".vancl.activity", "class": "EXECUTE", "low": [{"sysname": "execve", "blob": {"executed_file": "logcat", "args": "[]", "retval": 0}, "type": "SYSCALL", "id": 9080, "ts": 0}]}, {"tid": 318, "procname": ".vancl.activity", "class": "FS ACCESS", "low": [{"sysname": "open", "blob": "{'flags': 131649, 'mode': 384, 'filename': u'/data/data/com.vancl.activity/shared_prefs/0.xml\\x00'}", "type": "SYSCALL", "id": 9384, "ts": 0}, {"sysname": "write", "xref": 9384, "ts": 0, "blob": "{'filename': u'/data/data/com.vancl.activity/shared_prefs/0.xml'}", "type": "SYSCALL", "id": 9392}]}, {"tid": 318, "procname": ".vancl.activity", "class": "FS ACCESS", "low": [{"sysname": "open", "blob": "{'flags': 131649, 'mode': 384, 'filename': u'/data/data/com.vancl.activity/shared_prefs/0.xml\\x00'}", "type": "SYSCALL", "id": 9409, "ts": 0}, {"sysname": "write", "xref": 9409, "ts": 0, "blob": "{'filename': u'/data/data/com.vancl.activity/shared_prefs/0.xml'}", "type": "SYSCALL", "id": 9420}]}, {"tid": 318, "procname": ".vancl.activity", "class": "FS ACCESS", "low": [{"sysname": "open", "blob": "{'flags': 131649, 'mode': 384, 'filename': u'/data/data/com.vancl.activity/shared_prefs/0.xml\\x00'}", "type": "SYSCALL", "id": 9435, "ts": 0}, {"sysname": "write", "xref": 9435, "ts": 0, "blob": "{'filename': u'/data/data/com.vancl.activity/shared_prefs/0.xml'}", "type": "SYSCALL", "id": 9448}]}, {"tid": 318, "procname": ".vancl.activity", "class": "FS ACCESS", "low": [{"sysname": "open", "blob": "{'flags': 131649, 'mode': 384, 'filename': u'/data/data/com.vancl.activity/files/anserverb.db\\x00'}", "type": "SYSCALL", "id": 9481, "ts": 0}, {"sysname": "write", "xref": 9481, "ts": 0, "blob": "{'filename': u'/data/data/com.vancl.activity/files/anserverb.db'}", "type": "SYSCALL", "id": 9485}, {"sysname": "write", "xref": 9481, "ts": 0, "blob": "{'filename': u'/data/data/com.vancl.activity/files/anserverb.db'}", "type": "SYSCALL", "id": 9487}, {"sysname": "write", "xref": 9481, "ts": 0, "blob": "{'filename': u'/data/data/com.vancl.activity/files/anserverb.db'}", "type": "SYSCALL", "id": 9490}, {"sysname": "write", "xref": 9481, "ts": 0, "blob": "{'filename': u'/data/data/com.vancl.activity/files/anserverb.db'}", "type": "SYSCALL", "id": 9491}, {"sysname": "write", "xref": 9481, "ts": 0, "blob": "{'filename': u'/data/data/com.vancl.activity/files/anserverb.db'}", "type": "SYSCALL", "id": 9494}, {"sysname": "write", "xref": 9481, "ts": 0, "blob": "{'filename': u'/data/data/com.vancl.activity/files/anserverb.db'}", "type": "SYSCALL", "id": 9495}, {"sysname": "write", "xref": 9481, "ts": 0, "blob": "{'filename': u'/data/data/com.vancl.activity/files/anserverb.db'}", "type": "SYSCALL", "id": 9496}, {"sysname": "write", "xref": 9481, "ts": 0, "blob": "{'filename': u'/data/data/com.vancl.activity/files/anserverb.db'}", "type": "SYSCALL", "id": 9499}, {"sysname": "write", "xref": 9481, "ts": 0, "blob": "{'filename': u'/data/data/com.vancl.activity/files/anserverb.db'}", "type": "SYSCALL", "id": 9500}, {"sysname": "write", "xref": 9481, "ts": 0, "blob": "{'filename': u'/data/data/com.vancl.activity/files/anserverb.db'}", "type": "SYSCALL", "id": 9507}, {"sysname": "write", "xref": 9481, "ts": 0, "blob": "{'filename': u'/data/data/com.vancl.activity/files/anserverb.db'}", "type": "SYSCALL", "id": 9509}, {"sysname": "write", "xref": 9481, "ts": 0, "blob": "{'filename': u'/data/data/com.vancl.activity/files/anserverb.db'}", "type": "SYSCALL", "id": 9510}, {"sysname": "write", "xref": 9481, "ts": 0, "blob": "{'filename': u'/data/data/com.vancl.activity/files/anserverb.db'}", "type": "SYSCALL", "id": 9511}, {"sysname": "write", "xref": 9481, "ts": 0, "blob": "{'filename': u'/data/data/com.vancl.activity/files/anserverb.db'}", "type": "SYSCALL", "id": 9514}, {"sysname": "write", "xref": 9481, "ts": 0, "blob": "{'filename': u'/data/data/com.vancl.activity/files/anserverb.db'}", "type": "SYSCALL", "id": 9515}, {"sysname": "write", "xref": 9481, "ts": 0, "blob": "{'filename': u'/data/data/com.vancl.activity/files/anserverb.db'}", "type": "SYSCALL", "id": 9518}, {"sysname": "write", "xref": 9481, "ts": 0, "blob": "{'filename': u'/data/data/com.vancl.activity/files/anserverb.db'}", "type": "SYSCALL", "id": 9519}, {"sysname": "write", "xref": 9481, "ts": 0, "blob": "{'filename': u'/data/data/com.vancl.activity/files/anserverb.db'}", "type": "SYSCALL", "id": 9520}, {"sysname": "write", "xref": 9481, "ts": 0, "blob": "{'filename': u'/data/data/com.vancl.activity/files/anserverb.db'}", "type": "SYSCALL", "id": 9523}, {"sysname": "write", "xref": 9481, "ts": 0, "blob": "{'filename': u'/data/data/com.vancl.activity/files/anserverb.db'}", "type": "SYSCALL", "id": 9525}, {"sysname": "write", "xref": 9481, "ts": 0, "blob": "{'filename': u'/data/data/com.vancl.activity/files/anserverb.db'}", "type": "SYSCALL", "id": 9526}, {"sysname": "write", "xref": 9481, "ts": 0, "blob": "{'filename': u'/data/data/com.vancl.activity/files/anserverb.db'}", "type": "SYSCALL", "id": 9528}, {"sysname": "write", "xref": 9481, "ts": 0, "blob": "{'filename': u'/data/data/com.vancl.activity/files/anserverb.db'}", "type": "SYSCALL", "id": 9529}, {"sysname": "write", "xref": 9481, "ts": 0, "blob": "{'filename': u'/data/data/com.vancl.activity/files/anserverb.db'}", "type": "SYSCALL", "id": 9532}, {"sysname": "write", "xref": 9481, "ts": 0, "blob": "{'filename': u'/data/data/com.vancl.activity/files/anserverb.db'}", "type": "SYSCALL", "id": 9533}, {"sysname": "write", "xref": 9481, "ts": 0, "blob": "{'filename': u'/data/data/com.vancl.activity/files/anserverb.db'}", "type": "SYSCALL", "id": 9534}, {"sysname": "write", "xref": 9481, "ts": 0, "blob": "{'filename': u'/data/data/com.vancl.activity/files/anserverb.db'}", "type": "SYSCALL", "id": 9537}]}, {"tid": 318, "procname": ".vancl.activity", "class": "FS ACCESS", "low": [{"sysname": "open", "blob": "{'flags': 131649, 'mode': 384, 'filename': u'/data/data/com.vancl.activity/shared_prefs/0.xml\\x00'}", "type": "SYSCALL", "id": 9546, "ts": 0}, {"sysname": "write", "xref": 9546, "ts": 0, "blob": "{'filename': u'/data/data/com.vancl.activity/shared_prefs/0.xml'}", "type": "SYSCALL", "id": 9555}]}, {"tid": 318, "procname": ".vancl.activity", "class": "FS ACCESS", "low": [{"sysname": "open", "blob": "{'flags': 131649, 'mode': 384, 'filename': u'/data/data/com.vancl.activity/shared_prefs/0.xml\\x00'}", "type": "SYSCALL", "id": 9572, "ts": 0}, {"sysname": "write", "xref": 9572, "ts": 0, "blob": "{'filename': u'/data/data/com.vancl.activity/shared_prefs/0.xml'}", "type": "SYSCALL", "id": 9584}]}, {"tid": 118, "procname": "Binder Thread #", "class": "ACCESS PERSONAL INFO", "subclass": "SMS", "low": [{"recv by": "com.vancl.activity", "intent": "android.provider.Telephony.SMS_RECEIVED", "type": "INTENT", "id": 10126, "ts": 0}]}, {"tid": 318, "procname": ".vancl.activity", "class": "FS ACCESS", "low": [{"sysname": "open", "blob": "{'flags': 131138, 'mode': 420, 'filename': u'/data/data/com.vancl.activity/files/anserverb.dex\\x00'}", "type": "SYSCALL", "id": 10344, "ts": 0}, {"sysname": "write", "xref": 10344, "ts": 0, "blob": "{'filename': u'/data/data/com.vancl.activity/files/anserverb.dex'}", "type": "SYSCALL", "id": 10348}, {"sysname": "write", "xref": 10344, "ts": 0, "blob": "{'filename': u'/data/data/com.vancl.activity/files/anserverb.dex'}", "type": "SYSCALL", "id": 10354}, {"sysname": "write", "xref": 10344, "ts": 0, "blob": "{'filename': u'/data/data/com.vancl.activity/files/anserverb.dex'}", "type": "SYSCALL", "id": 10355}]}]}}, "userid": "joystick", "country": "UNAVAILABLE", "date_end": "N/A", "date_start": "N/A", "date_submitted": "2012-11-19 17:58:15", "static": "/copperdroid/reports//AnserverBot_genome_stimulated/713e630da5c5feba6cd319b115211424acb48799.apk.log", "submitter_ip": "127.0.0.1", "pcap": "/copperdroid/reports//AnserverBot_genome_stimulated/713e630da5c5feba6cd319b115211424acb48799.apk.pcap", "md5": "64833b0bedb035c3f1a45b76f0649211"}