{"behaviors": {"static": {}, "dynamic": {"host": [{"tid": 77, "procname": "ActivityManager", "class": "ACCESS PERSONAL INFO", "subclass": "SMS", "low": [{"recv by": "com.keji.danti625", "intent": "android.provider.Telephony.SMS_RECEIVED", "type": "INTENT", "id": 2139, "ts": 0}]}, {"tid": 164, "procname": "Binder Thread #", "class": "ACCESS PERSONAL INFO", "subclass": "SMS", "low": [{"recv by": "com.keji.danti625", "intent": "android.provider.Telephony.SMS_RECEIVED", "type": "INTENT", "id": 2146, "ts": 0}]}]}}, "userid": "joystick", "country": "UNAVAILABLE", "date_end": "N/A", "date_start": "N/A", "date_submitted": "2012-11-19 18:00:08", "static": "/copperdroid/reports//AnserverBot_genome_stimulated/750c7b43cf733c2de2210a8843f402f05bdccc2c.apk.log", "submitter_ip": "127.0.0.1", "pcap": "/copperdroid/reports//AnserverBot_genome_stimulated/750c7b43cf733c2de2210a8843f402f05bdccc2c.apk.pcap", "md5": "859e2755deefee23f0b6e0f295e1df82"}