{"behaviors": {"static": {}, "dynamic": {"host": [{"tid": 77, "procname": "ActivityManager", "class": "ACCESS PERSONAL INFO", "subclass": "SMS", "low": [{"recv by": "com.keji.danti730", "intent": "android.provider.Telephony.SMS_RECEIVED", "type": "INTENT", "id": 2855, "ts": 0}]}, {"tid": 164, "procname": "Binder Thread #", "class": "ACCESS PERSONAL INFO", "subclass": "SMS", "low": [{"recv by": "com.keji.danti730", "intent": "android.provider.Telephony.SMS_RECEIVED", "type": "INTENT", "id": 2860, "ts": 0}]}]}}, "userid": "joystick", "country": "UNAVAILABLE", "date_end": "N/A", "date_start": "N/A", "date_submitted": "2012-11-19 17:51:44", "static": "/copperdroid/reports//AnserverBot_genome_stimulated/77ba68c12fbdeff823f695c1c51a325356e6971e.apk.log", "submitter_ip": "127.0.0.1", "pcap": "/copperdroid/reports//AnserverBot_genome_stimulated/77ba68c12fbdeff823f695c1c51a325356e6971e.apk.pcap", "md5": "7840fbb62fec2fd5880aba114a4ba8a9"}