{"behaviors": {"static": {}, "dynamic": {"host": [{"tid": 77, "procname": "ActivityManager", "class": "ACCESS PERSONAL INFO", "subclass": "SMS", "low": [{"recv by": "com.keji.danti631", "intent": "android.provider.Telephony.SMS_RECEIVED", "type": "INTENT", "id": 4164, "ts": 0}]}, {"tid": 70, "procname": "Binder Thread #", "class": "ACCESS PERSONAL INFO", "subclass": "SMS", "low": [{"recv by": "com.keji.danti631", "intent": "android.provider.Telephony.SMS_RECEIVED", "type": "INTENT", "id": 4168, "ts": 0}]}]}}, "userid": "joystick", "country": "UNAVAILABLE", "date_end": "N/A", "date_start": "N/A", "date_submitted": "2012-11-19 17:54:00", "static": "/copperdroid/reports//AnserverBot_genome_stimulated/799d38ccceeaef0d7c283a092af7055d932b42c9.apk.log", "submitter_ip": "127.0.0.1", "pcap": "/copperdroid/reports//AnserverBot_genome_stimulated/799d38ccceeaef0d7c283a092af7055d932b42c9.apk.pcap", "md5": "787cceb37f531a6d31527d7c79996d7e"}