{"behaviors": {"static": {}, "dynamic": {"host": [{"tid": 318, "procname": "alt4eliteracing", "class": "FS ACCESS", "low": [{"sysname": "open", "blob": "{'flags': 131649, 'mode': 384, 'filename': u'/data/data/com.netmite.andme.launcher.asphalt4eliteracing/shared_prefs/0.xml\\x00'}", "type": "SYSCALL", "id": 1734, "ts": 0}, {"sysname": "write", "xref": 1734, "ts": 0, "blob": "{'filename': u'/data/data/com.netmite.andme.launcher.asphalt4eliteracing/shared_prefs/0.xml'}", "type": "SYSCALL", "id": 1735}]}, {"tid": 318, "procname": "alt4eliteracing", "class": "FS ACCESS", "low": [{"sysname": "open", "blob": "{'flags': 131649, 'mode': 384, 'filename': u'/data/data/com.netmite.andme.launcher.asphalt4eliteracing/shared_prefs/0.xml\\x00'}", "type": "SYSCALL", "id": 1743, "ts": 0}, {"sysname": "write", "xref": 1743, "ts": 0, "blob": "{'filename': u'/data/data/com.netmite.andme.launcher.asphalt4eliteracing/shared_prefs/0.xml'}", "type": "SYSCALL", "id": 1744}]}, {"tid": 318, "procname": "alt4eliteracing", "class": "FS ACCESS", "low": [{"sysname": "open", "blob": "{'flags': 131649, 'mode': 384, 'filename': u'/data/data/com.netmite.andme.launcher.asphalt4eliteracing/shared_prefs/0.xml\\x00'}", "type": "SYSCALL", "id": 1753, "ts": 0}, {"sysname": "write", "xref": 1753, "ts": 0, "blob": "{'filename': u'/data/data/com.netmite.andme.launcher.asphalt4eliteracing/shared_prefs/0.xml'}", "type": "SYSCALL", "id": 1756}]}, {"tid": 318, "procname": "alt4eliteracing", "class": "FS ACCESS", "low": [{"sysname": "open", "blob": "{'flags': 131649, 'mode': 384, 'filename': u'/data/data/com.netmite.andme.launcher.asphalt4eliteracing/files/anservera.db\\x00'}", "type": "SYSCALL", "id": 1768, "ts": 0}, {"sysname": "write", "xref": 1768, "ts": 0, "blob": "{'filename': u'/data/data/com.netmite.andme.launcher.asphalt4eliteracing/files/anservera.db'}", "type": "SYSCALL", "id": 1770}, {"sysname": "write", "xref": 1768, "ts": 0, "blob": "{'filename': u'/data/data/com.netmite.andme.launcher.asphalt4eliteracing/files/anservera.db'}", "type": "SYSCALL", "id": 1771}, {"sysname": "write", "xref": 1768, "ts": 0, "blob": "{'filename': u'/data/data/com.netmite.andme.launcher.asphalt4eliteracing/files/anservera.db'}", "type": "SYSCALL", "id": 1772}, {"sysname": "write", "xref": 1768, "ts": 0, "blob": "{'filename': u'/data/data/com.netmite.andme.launcher.asphalt4eliteracing/files/anservera.db'}", "type": "SYSCALL", "id": 1773}, {"sysname": "write", "xref": 1768, "ts": 0, "blob": "{'filename': u'/data/data/com.netmite.andme.launcher.asphalt4eliteracing/files/anservera.db'}", "type": "SYSCALL", "id": 1774}, {"sysname": "write", "xref": 1768, "ts": 0, "blob": "{'filename': u'/data/data/com.netmite.andme.launcher.asphalt4eliteracing/files/anservera.db'}", "type": "SYSCALL", "id": 1775}, {"sysname": "write", "xref": 1768, "ts": 0, "blob": "{'filename': u'/data/data/com.netmite.andme.launcher.asphalt4eliteracing/files/anservera.db'}", "type": "SYSCALL", "id": 1776}, {"sysname": "write", "xref": 1768, "ts": 0, "blob": "{'filename': u'/data/data/com.netmite.andme.launcher.asphalt4eliteracing/files/anservera.db'}", "type": "SYSCALL", "id": 1777}, {"sysname": "write", "xref": 1768, "ts": 0, "blob": "{'filename': u'/data/data/com.netmite.andme.launcher.asphalt4eliteracing/files/anservera.db'}", "type": "SYSCALL", "id": 1778}, {"sysname": "write", "xref": 1768, "ts": 0, "blob": "{'filename': u'/data/data/com.netmite.andme.launcher.asphalt4eliteracing/files/anservera.db'}", "type": "SYSCALL", "id": 1779}, {"sysname": "write", "xref": 1768, "ts": 0, "blob": "{'filename': u'/data/data/com.netmite.andme.launcher.asphalt4eliteracing/files/anservera.db'}", "type": "SYSCALL", "id": 1780}, {"sysname": "write", "xref": 1768, "ts": 0, "blob": "{'filename': u'/data/data/com.netmite.andme.launcher.asphalt4eliteracing/files/anservera.db'}", "type": "SYSCALL", "id": 1781}, {"sysname": "write", "xref": 1768, "ts": 0, "blob": "{'filename': u'/data/data/com.netmite.andme.launcher.asphalt4eliteracing/files/anservera.db'}", "type": "SYSCALL", "id": 1782}, {"sysname": "write", "xref": 1768, "ts": 0, "blob": "{'filename': u'/data/data/com.netmite.andme.launcher.asphalt4eliteracing/files/anservera.db'}", "type": "SYSCALL", "id": 1783}, {"sysname": "write", "xref": 1768, "ts": 0, "blob": "{'filename': u'/data/data/com.netmite.andme.launcher.asphalt4eliteracing/files/anservera.db'}", "type": "SYSCALL", "id": 1784}, {"sysname": "write", "xref": 1768, "ts": 0, "blob": "{'filename': u'/data/data/com.netmite.andme.launcher.asphalt4eliteracing/files/anservera.db'}", "type": "SYSCALL", "id": 1785}, {"sysname": "write", "xref": 1768, "ts": 0, "blob": "{'filename': u'/data/data/com.netmite.andme.launcher.asphalt4eliteracing/files/anservera.db'}", "type": "SYSCALL", "id": 1786}, {"sysname": "write", "xref": 1768, "ts": 0, "blob": "{'filename': u'/data/data/com.netmite.andme.launcher.asphalt4eliteracing/files/anservera.db'}", "type": "SYSCALL", "id": 1787}, {"sysname": "write", "xref": 1768, "ts": 0, "blob": "{'filename': u'/data/data/com.netmite.andme.launcher.asphalt4eliteracing/files/anservera.db'}", "type": "SYSCALL", "id": 1788}, {"sysname": "write", "xref": 1768, "ts": 0, "blob": "{'filename': u'/data/data/com.netmite.andme.launcher.asphalt4eliteracing/files/anservera.db'}", "type": "SYSCALL", "id": 1789}, {"sysname": "write", "xref": 1768, "ts": 0, "blob": "{'filename': u'/data/data/com.netmite.andme.launcher.asphalt4eliteracing/files/anservera.db'}", "type": "SYSCALL", "id": 1790}, {"sysname": "write", "xref": 1768, "ts": 0, "blob": "{'filename': u'/data/data/com.netmite.andme.launcher.asphalt4eliteracing/files/anservera.db'}", "type": "SYSCALL", "id": 1791}, {"sysname": "write", "xref": 1768, "ts": 0, "blob": "{'filename': u'/data/data/com.netmite.andme.launcher.asphalt4eliteracing/files/anservera.db'}", "type": "SYSCALL", "id": 1792}, {"sysname": "write", "xref": 1768, "ts": 0, "blob": "{'filename': u'/data/data/com.netmite.andme.launcher.asphalt4eliteracing/files/anservera.db'}", "type": "SYSCALL", "id": 1793}, {"sysname": "write", "xref": 1768, "ts": 0, "blob": "{'filename': u'/data/data/com.netmite.andme.launcher.asphalt4eliteracing/files/anservera.db'}", "type": "SYSCALL", "id": 1794}, {"sysname": "write", "xref": 1768, "ts": 0, "blob": "{'filename': u'/data/data/com.netmite.andme.launcher.asphalt4eliteracing/files/anservera.db'}", "type": "SYSCALL", "id": 1795}, {"sysname": "write", "xref": 1768, "ts": 0, "blob": "{'filename': u'/data/data/com.netmite.andme.launcher.asphalt4eliteracing/files/anservera.db'}", "type": "SYSCALL", "id": 1796}, {"sysname": "write", "xref": 1768, "ts": 0, "blob": "{'filename': u'/data/data/com.netmite.andme.launcher.asphalt4eliteracing/files/anservera.db'}", "type": "SYSCALL", "id": 1797}, {"sysname": "write", "xref": 1768, "ts": 0, "blob": "{'filename': u'/data/data/com.netmite.andme.launcher.asphalt4eliteracing/files/anservera.db'}", "type": "SYSCALL", "id": 1798}, {"sysname": "write", "xref": 1768, "ts": 0, "blob": "{'filename': u'/data/data/com.netmite.andme.launcher.asphalt4eliteracing/files/anservera.db'}", "type": "SYSCALL", "id": 1799}, {"sysname": "write", "xref": 1768, "ts": 0, "blob": "{'filename': u'/data/data/com.netmite.andme.launcher.asphalt4eliteracing/files/anservera.db'}", "type": "SYSCALL", "id": 1800}]}, {"tid": 318, "procname": "alt4eliteracing", "class": "FS ACCESS", "low": [{"sysname": "open", "blob": "{'flags': 131649, 'mode': 384, 'filename': u'/data/data/com.netmite.andme.launcher.asphalt4eliteracing/files/anserverb.db\\x00'}", "type": "SYSCALL", "id": 1806, "ts": 0}, {"sysname": "write", "xref": 1806, "ts": 0, "blob": "{'filename': u'/data/data/com.netmite.andme.launcher.asphalt4eliteracing/files/anserverb.db'}", "type": "SYSCALL", "id": 1808}, {"sysname": "write", "xref": 1806, "ts": 0, "blob": "{'filename': u'/data/data/com.netmite.andme.launcher.asphalt4eliteracing/files/anserverb.db'}", "type": "SYSCALL", "id": 1809}, {"sysname": "write", "xref": 1806, "ts": 0, "blob": "{'filename': u'/data/data/com.netmite.andme.launcher.asphalt4eliteracing/files/anserverb.db'}", "type": "SYSCALL", "id": 1810}, {"sysname": "write", "xref": 1806, "ts": 0, "blob": "{'filename': u'/data/data/com.netmite.andme.launcher.asphalt4eliteracing/files/anserverb.db'}", "type": "SYSCALL", "id": 1811}, {"sysname": "write", "xref": 1806, "ts": 0, "blob": "{'filename': u'/data/data/com.netmite.andme.launcher.asphalt4eliteracing/files/anserverb.db'}", "type": "SYSCALL", "id": 1812}, {"sysname": "write", "xref": 1806, "ts": 0, "blob": "{'filename': u'/data/data/com.netmite.andme.launcher.asphalt4eliteracing/files/anserverb.db'}", "type": "SYSCALL", "id": 1813}, {"sysname": "write", "xref": 1806, "ts": 0, "blob": "{'filename': u'/data/data/com.netmite.andme.launcher.asphalt4eliteracing/files/anserverb.db'}", "type": "SYSCALL", "id": 1814}, {"sysname": "write", "xref": 1806, "ts": 0, "blob": "{'filename': u'/data/data/com.netmite.andme.launcher.asphalt4eliteracing/files/anserverb.db'}", "type": "SYSCALL", "id": 1815}, {"sysname": "write", "xref": 1806, "ts": 0, "blob": "{'filename': u'/data/data/com.netmite.andme.launcher.asphalt4eliteracing/files/anserverb.db'}", "type": "SYSCALL", "id": 1816}, {"sysname": "write", "xref": 1806, "ts": 0, "blob": "{'filename': u'/data/data/com.netmite.andme.launcher.asphalt4eliteracing/files/anserverb.db'}", "type": "SYSCALL", "id": 1817}, {"sysname": "write", "xref": 1806, "ts": 0, "blob": "{'filename': u'/data/data/com.netmite.andme.launcher.asphalt4eliteracing/files/anserverb.db'}", "type": "SYSCALL", "id": 1818}, {"sysname": "write", "xref": 1806, "ts": 0, "blob": "{'filename': u'/data/data/com.netmite.andme.launcher.asphalt4eliteracing/files/anserverb.db'}", "type": "SYSCALL", "id": 1819}, {"sysname": "write", "xref": 1806, "ts": 0, "blob": "{'filename': u'/data/data/com.netmite.andme.launcher.asphalt4eliteracing/files/anserverb.db'}", "type": "SYSCALL", "id": 1820}, {"sysname": "write", "xref": 1806, "ts": 0, "blob": "{'filename': u'/data/data/com.netmite.andme.launcher.asphalt4eliteracing/files/anserverb.db'}", "type": "SYSCALL", "id": 1821}, {"sysname": "write", "xref": 1806, "ts": 0, "blob": "{'filename': u'/data/data/com.netmite.andme.launcher.asphalt4eliteracing/files/anserverb.db'}", "type": "SYSCALL", "id": 1822}, {"sysname": "write", "xref": 1806, "ts": 0, "blob": "{'filename': u'/data/data/com.netmite.andme.launcher.asphalt4eliteracing/files/anserverb.db'}", "type": "SYSCALL", "id": 1823}, {"sysname": "write", "xref": 1806, "ts": 0, "blob": "{'filename': u'/data/data/com.netmite.andme.launcher.asphalt4eliteracing/files/anserverb.db'}", "type": "SYSCALL", "id": 1824}, {"sysname": "write", "xref": 1806, "ts": 0, "blob": "{'filename': u'/data/data/com.netmite.andme.launcher.asphalt4eliteracing/files/anserverb.db'}", "type": "SYSCALL", "id": 1825}, {"sysname": "write", "xref": 1806, "ts": 0, "blob": "{'filename': u'/data/data/com.netmite.andme.launcher.asphalt4eliteracing/files/anserverb.db'}", "type": "SYSCALL", "id": 1826}, {"sysname": "write", "xref": 1806, "ts": 0, "blob": "{'filename': u'/data/data/com.netmite.andme.launcher.asphalt4eliteracing/files/anserverb.db'}", "type": "SYSCALL", "id": 1827}, {"sysname": "write", "xref": 1806, "ts": 0, "blob": "{'filename': u'/data/data/com.netmite.andme.launcher.asphalt4eliteracing/files/anserverb.db'}", "type": "SYSCALL", "id": 1828}, {"sysname": "write", "xref": 1806, "ts": 0, "blob": "{'filename': u'/data/data/com.netmite.andme.launcher.asphalt4eliteracing/files/anserverb.db'}", "type": "SYSCALL", "id": 1829}, {"sysname": "write", "xref": 1806, "ts": 0, "blob": "{'filename': u'/data/data/com.netmite.andme.launcher.asphalt4eliteracing/files/anserverb.db'}", "type": "SYSCALL", "id": 1830}, {"sysname": "write", "xref": 1806, "ts": 0, "blob": "{'filename': u'/data/data/com.netmite.andme.launcher.asphalt4eliteracing/files/anserverb.db'}", "type": "SYSCALL", "id": 1831}, {"sysname": "write", "xref": 1806, "ts": 0, "blob": "{'filename': u'/data/data/com.netmite.andme.launcher.asphalt4eliteracing/files/anserverb.db'}", "type": "SYSCALL", "id": 1832}, {"sysname": "write", "xref": 1806, "ts": 0, "blob": "{'filename': u'/data/data/com.netmite.andme.launcher.asphalt4eliteracing/files/anserverb.db'}", "type": "SYSCALL", "id": 1833}, {"sysname": "write", "xref": 1806, "ts": 0, "blob": "{'filename': u'/data/data/com.netmite.andme.launcher.asphalt4eliteracing/files/anserverb.db'}", "type": "SYSCALL", "id": 1834}]}, {"tid": 318, "procname": "alt4eliteracing", "class": "FS ACCESS", "low": [{"sysname": "open", "blob": "{'flags': 131649, 'mode': 384, 'filename': u'/data/data/com.netmite.andme.launcher.asphalt4eliteracing/shared_prefs/0.xml\\x00'}", "type": "SYSCALL", "id": 1840, "ts": 0}, {"sysname": "write", "xref": 1840, "ts": 0, "blob": "{'filename': u'/data/data/com.netmite.andme.launcher.asphalt4eliteracing/shared_prefs/0.xml'}", "type": "SYSCALL", "id": 1841}]}, {"tid": 318, "procname": "alt4eliteracing", "class": "FS ACCESS", "low": [{"sysname": "open", "blob": "{'flags': 131649, 'mode': 384, 'filename': u'/data/data/com.netmite.andme.launcher.asphalt4eliteracing/shared_prefs/0.xml\\x00'}", "type": "SYSCALL", "id": 1911, "ts": 0}, {"sysname": "write", "xref": 1911, "ts": 0, "blob": "{'filename': u'/data/data/com.netmite.andme.launcher.asphalt4eliteracing/shared_prefs/0.xml'}", "type": "SYSCALL", "id": 1944}]}, {"tid": 324, "procname": "dexopt", "class": "FS ACCESS", "low": [{"sysname": "open", "blob": "{'flags': 131138, 'mode': 420, 'filename': u'/data/data/com.netmite.andme.launcher.asphalt4eliteracing/files/anserverb.dex\\x00'}", "type": "SYSCALL", "id": 2682, "ts": 0}, {"sysname": "write", "xref": 2682, "ts": 0, "blob": "{'filename': u'/data/data/com.netmite.andme.launcher.asphalt4eliteracing/files/anserverb.dex'}", "type": "SYSCALL", "id": 2686}, {"sysname": "write", "xref": 2682, "ts": 0, "blob": "{'filename': u'/data/data/com.netmite.andme.launcher.asphalt4eliteracing/files/anserverb.dex'}", "type": "SYSCALL", "id": 2690}, {"sysname": "write", "xref": 2682, "ts": 0, "blob": "{'filename': u'/data/data/com.netmite.andme.launcher.asphalt4eliteracing/files/anserverb.dex'}", "type": "SYSCALL", "id": 2691}, {"sysname": "write", "xref": 2682, "ts": 0, "blob": "{'filename': u'/data/data/com.netmite.andme.launcher.asphalt4eliteracing/files/anserverb.dex'}", "type": "SYSCALL", "id": 3384}, {"sysname": "write", "xref": 2682, "ts": 0, "blob": "{'filename': u'/data/data/com.netmite.andme.launcher.asphalt4eliteracing/files/anserverb.dex'}", "type": "SYSCALL", "id": 3387}, {"sysname": "write", "xref": 2682, "ts": 0, "blob": "{'filename': u'/data/data/com.netmite.andme.launcher.asphalt4eliteracing/files/anserverb.dex'}", "type": "SYSCALL", "id": 3388}, {"sysname": "write", "xref": 2682, "ts": 0, "blob": "{'filename': u'/data/data/com.netmite.andme.launcher.asphalt4eliteracing/files/anserverb.dex'}", "type": "SYSCALL", "id": 3389}, {"sysname": "write", "xref": 2682, "ts": 0, "blob": "{'filename': u'/data/data/com.netmite.andme.launcher.asphalt4eliteracing/files/anserverb.dex'}", "type": "SYSCALL", "id": 3394}]}, {"tid": 324, "procname": "alt4eliteracing", "class": "EXECUTE", "low": [{"sysname": "execve", "blob": {"executed_file": "/system/bin/dexopt", "args": "[]", "retval": 0}, "type": "SYSCALL", "id": 2703, "ts": 0}]}, {"tid": 318, "procname": "alt4eliteracing", "class": "FS ACCESS", "low": [{"sysname": "open", "blob": "{'flags': 131649, 'mode': 384, 'filename': u'/data/data/com.netmite.andme.launcher.asphalt4eliteracing/shared_prefs/0.xml\\x00'}", "type": "SYSCALL", "id": 3430, "ts": 0}, {"sysname": "write", "xref": 3430, "ts": 0, "blob": "{'filename': u'/data/data/com.netmite.andme.launcher.asphalt4eliteracing/shared_prefs/0.xml'}", "type": "SYSCALL", "id": 3431}]}, {"tid": 318, "procname": "alt4eliteracing", "class": "FS ACCESS", "low": [{"sysname": "open", "blob": "{'flags': 131649, 'mode': 384, 'filename': u'/data/data/com.netmite.andme.launcher.asphalt4eliteracing/shared_prefs/0.xml\\x00'}", "type": "SYSCALL", "id": 3440, "ts": 0}, {"sysname": "write", "xref": 3440, "ts": 0, "blob": "{'filename': u'/data/data/com.netmite.andme.launcher.asphalt4eliteracing/shared_prefs/0.xml'}", "type": "SYSCALL", "id": 3441}]}, {"tid": 318, "procname": "alt4eliteracing", "class": "FS ACCESS", "low": [{"sysname": "open", "blob": "{'flags': 131649, 'mode': 384, 'filename': u'/data/data/com.netmite.andme.launcher.asphalt4eliteracing/shared_prefs/11.xml\\x00'}", "type": "SYSCALL", "id": 3448, "ts": 0}, {"sysname": "write", "xref": 3448, "ts": 0, "blob": "{'filename': u'/data/data/com.netmite.andme.launcher.asphalt4eliteracing/shared_prefs/11.xml'}", "type": "SYSCALL", "id": 3449}]}, {"tid": 327, "procname": "Thread-9", "class": "ACCESS PERSONAL INFO", "subclass": "PHONE", "low": [{"method_name": "com.android.internal.telephony.IPhoneSubInfo.getSubscriberId()()", "type": "BINDER", "id": 3539, "ts": 0}]}, {"tid": 327, "procname": "Thread-9", "class": "ACCESS PERSONAL INFO", "subclass": "PHONE", "low": [{"method_name": "com.android.internal.telephony.IPhoneSubInfo.getDeviceId()()", "type": "BINDER", "id": 3612, "ts": 0}]}, {"tid": 327, "procname": "Thread-9", "class": "FS ACCESS", "low": [{"sysname": "open", "blob": "{'flags': 131649, 'mode': 384, 'filename': u'/data/data/com.netmite.andme.launcher.asphalt4eliteracing/shared_prefs/0.xml\\x00'}", "type": "SYSCALL", "id": 3676, "ts": 0}, {"sysname": "write", "xref": 3676, "ts": 0, "blob": "{'filename': u'/data/data/com.netmite.andme.launcher.asphalt4eliteracing/shared_prefs/0.xml'}", "type": "SYSCALL", "id": 3796}]}, {"tid": 77, "procname": "ActivityManager", "class": "ACCESS PERSONAL INFO", "subclass": "SMS", "low": [{"recv by": "com.netmite.andme.launcher.asphalt4eliteracing", "intent": "android.provider.Telephony.SMS_RECEIVED", "type": "INTENT", "id": 3752, "ts": 0}]}, {"tid": 327, "procname": "Thread-9", "class": "NETWORK ACCESS", "subclass": "DNS", "low": [{"sysname": "connect", "blob": "{'host': '10.0.2.3', 'retval': 0, 'port': 53}", "type": "SYSCALL", "id": 4385, "ts": 0}, {"sysname": "sendto", "xref": 4385, "ts": 0, "blob": "{'query_data': 'b4.cookier.co.cc. 1 1'}", "type": "SYSCALL", "id": 4386}]}, {"tid": 327, "procname": "Thread-9", "class": "NETWORK ACCESS", "low": [{"sysname": "connect", "blob": "{'host': '::ffff:10.10.10.10', 'retval': -115, 'port': 8080}", "type": "SYSCALL", "id": 4406, "ts": 0}]}, {"tid": 117, "procname": "Binder Thread #", "class": "ACCESS PERSONAL INFO", "subclass": "SMS", "low": [{"recv by": "com.netmite.andme.launcher.asphalt4eliteracing", "intent": "android.provider.Telephony.SMS_RECEIVED", "type": "INTENT", "id": 4478, "ts": 0}]}, {"tid": 327, "procname": "Thread-9", "class": "FS ACCESS", "low": [{"sysname": "open", "blob": "{'flags': 131649, 'mode': 384, 'filename': u'/data/data/com.netmite.andme.launcher.asphalt4eliteracing/shared_prefs/11.xml\\x00'}", "type": "SYSCALL", "id": 5468, "ts": 0}, {"sysname": "write", "xref": 5468, "ts": 0, "blob": "{'filename': u'/data/data/com.netmite.andme.launcher.asphalt4eliteracing/shared_prefs/11.xml'}", "type": "SYSCALL", "id": 5480}]}, {"tid": 327, "procname": "Thread-9", "class": "FS ACCESS", "low": [{"sysname": "open", "blob": "{'flags': 131649, 'mode': 384, 'filename': u'/data/data/com.netmite.andme.launcher.asphalt4eliteracing/shared_prefs/11.xml\\x00'}", "type": "SYSCALL", "id": 5525, "ts": 0}, {"sysname": "write", "xref": 5525, "ts": 0, "blob": "{'filename': u'/data/data/com.netmite.andme.launcher.asphalt4eliteracing/shared_prefs/11.xml'}", "type": "SYSCALL", "id": 5553}]}, {"tid": 327, "procname": "Thread-9", "class": "FS ACCESS", "low": [{"sysname": "open", "blob": "{'flags': 131649, 'mode': 384, 'filename': u'/data/data/com.netmite.andme.launcher.asphalt4eliteracing/shared_prefs/11.xml\\x00'}", "type": "SYSCALL", "id": 5575, "ts": 0}, {"sysname": "write", "xref": 5575, "ts": 0, "blob": "{'filename': u'/data/data/com.netmite.andme.launcher.asphalt4eliteracing/shared_prefs/11.xml'}", "type": "SYSCALL", "id": 5596}]}, {"tid": 330, "procname": "dexopt", "class": "FS ACCESS", "low": [{"sysname": "open", "blob": "{'flags': 131138, 'mode': 420, 'filename': u'/data/data/com.netmite.andme.launcher.asphalt4eliteracing/files/com.netmite.andme.launcher.asphalt4eliteracing-1.dex\\x00'}", "type": "SYSCALL", "id": 5888, "ts": 0}, {"sysname": "write", "xref": 5888, "ts": 0, "blob": "{'filename': u'/data/data/com.netmite.andme.launcher.asphalt4eliteracing/files/com.netmite.andme.launcher.asphalt4eliteracing-1.dex'}", "type": "SYSCALL", "id": 5892}, {"sysname": "write", "xref": 5888, "ts": 0, "blob": "{'filename': u'/data/data/com.netmite.andme.launcher.asphalt4eliteracing/files/com.netmite.andme.launcher.asphalt4eliteracing-1.dex'}", "type": "SYSCALL", "id": 5897}, {"sysname": "write", "xref": 5888, "ts": 0, "blob": "{'filename': u'/data/data/com.netmite.andme.launcher.asphalt4eliteracing/files/com.netmite.andme.launcher.asphalt4eliteracing-1.dex'}", "type": "SYSCALL", "id": 5898}, {"sysname": "write", "xref": 5888, "ts": 0, "blob": "{'filename': u'/data/data/com.netmite.andme.launcher.asphalt4eliteracing/files/com.netmite.andme.launcher.asphalt4eliteracing-1.dex'}", "type": "SYSCALL", "id": 5899}, {"sysname": "write", "xref": 5888, "ts": 0, "blob": "{'filename': u'/data/data/com.netmite.andme.launcher.asphalt4eliteracing/files/com.netmite.andme.launcher.asphalt4eliteracing-1.dex'}", "type": "SYSCALL", "id": 5900}, {"sysname": "write", "xref": 5888, "ts": 0, "blob": "{'filename': u'/data/data/com.netmite.andme.launcher.asphalt4eliteracing/files/com.netmite.andme.launcher.asphalt4eliteracing-1.dex'}", "type": "SYSCALL", "id": 5901}, {"sysname": "write", "xref": 5888, "ts": 0, "blob": "{'filename': u'/data/data/com.netmite.andme.launcher.asphalt4eliteracing/files/com.netmite.andme.launcher.asphalt4eliteracing-1.dex'}", "type": "SYSCALL", "id": 5902}, {"sysname": "write", "xref": 5888, "ts": 0, "blob": "{'filename': u'/data/data/com.netmite.andme.launcher.asphalt4eliteracing/files/com.netmite.andme.launcher.asphalt4eliteracing-1.dex'}", "type": "SYSCALL", "id": 5903}, {"sysname": "write", "xref": 5888, "ts": 0, "blob": "{'filename': u'/data/data/com.netmite.andme.launcher.asphalt4eliteracing/files/com.netmite.andme.launcher.asphalt4eliteracing-1.dex'}", "type": "SYSCALL", "id": 5904}, {"sysname": "write", "xref": 5888, "ts": 0, "blob": "{'filename': u'/data/data/com.netmite.andme.launcher.asphalt4eliteracing/files/com.netmite.andme.launcher.asphalt4eliteracing-1.dex'}", "type": "SYSCALL", "id": 5905}, {"sysname": "write", "xref": 5888, "ts": 0, "blob": "{'filename': u'/data/data/com.netmite.andme.launcher.asphalt4eliteracing/files/com.netmite.andme.launcher.asphalt4eliteracing-1.dex'}", "type": "SYSCALL", "id": 6504}, {"sysname": "write", "xref": 5888, "ts": 0, "blob": "{'filename': u'/data/data/com.netmite.andme.launcher.asphalt4eliteracing/files/com.netmite.andme.launcher.asphalt4eliteracing-1.dex'}", "type": "SYSCALL", "id": 6507}, {"sysname": "write", "xref": 5888, "ts": 0, "blob": "{'filename': u'/data/data/com.netmite.andme.launcher.asphalt4eliteracing/files/com.netmite.andme.launcher.asphalt4eliteracing-1.dex'}", "type": "SYSCALL", "id": 6508}, {"sysname": "write", "xref": 5888, "ts": 0, "blob": "{'filename': u'/data/data/com.netmite.andme.launcher.asphalt4eliteracing/files/com.netmite.andme.launcher.asphalt4eliteracing-1.dex'}", "type": "SYSCALL", "id": 6509}, {"sysname": "write", "xref": 5888, "ts": 0, "blob": "{'filename': u'/data/data/com.netmite.andme.launcher.asphalt4eliteracing/files/com.netmite.andme.launcher.asphalt4eliteracing-1.dex'}", "type": "SYSCALL", "id": 6514}]}, {"tid": 330, "procname": "alt4eliteracing", "class": "EXECUTE", "low": [{"sysname": "execve", "blob": {"executed_file": "/system/bin/dexopt", "args": "[]", "retval": 0}, "type": "SYSCALL", "id": 5917, "ts": 0}]}, {"tid": 332, "procname": "Thread-12", "class": "NETWORK ACCESS", "low": [{"sysname": "connect", "blob": "{'host': '::ffff:10.10.10.10', 'retval': -115, 'port': 8080}", "type": "SYSCALL", "id": 7421, "ts": 0}]}, {"tid": 333, "procname": "alt4eliteracing", "class": "EXECUTE", "low": [{"sysname": "execve", "blob": {"executed_file": "/system/bin/sh", "args": "[]", "retval": 0}, "type": "SYSCALL", "id": 8462, "ts": 0}]}, {"tid": 332, "procname": "Thread-12", "class": "FS ACCESS", "low": [{"sysname": "open", "blob": "{'flags': 131649, 'mode': 384, 'filename': u'/data/data/com.netmite.andme.launcher.asphalt4eliteracing/shared_prefs/11.xml\\x00'}", "type": "SYSCALL", "id": 8870, "ts": 0}, {"sysname": "write", "xref": 8870, "ts": 0, "blob": "{'filename': u'/data/data/com.netmite.andme.launcher.asphalt4eliteracing/shared_prefs/11.xml'}", "type": "SYSCALL", "id": 8896}]}, {"tid": 318, "procname": "alt4eliteracing", "class": "FS ACCESS", "low": [{"sysname": "open", "blob": "{'flags': 131649, 'mode': 384, 'filename': u'/data/data/com.netmite.andme.launcher.asphalt4eliteracing/shared_prefs/0.xml\\x00'}", "type": "SYSCALL", "id": 9254, "ts": 0}, {"sysname": "write", "xref": 9254, "ts": 0, "blob": "{'filename': u'/data/data/com.netmite.andme.launcher.asphalt4eliteracing/shared_prefs/0.xml'}", "type": "SYSCALL", "id": 9402}]}, {"tid": 334, "procname": "Thread-13", "class": "FS ACCESS", "low": [{"sysname": "open", "blob": "{'flags': 131649, 'mode': 384, 'filename': u'/data/data/com.netmite.andme.launcher.asphalt4eliteracing/shared_prefs/210.xml\\x00'}", "type": "SYSCALL", "id": 9255, "ts": 0}, {"sysname": "write", "xref": 9255, "ts": 0, "blob": "{'filename': u'/data/data/com.netmite.andme.launcher.asphalt4eliteracing/shared_prefs/210.xml'}", "type": "SYSCALL", "id": 9286}]}, {"tid": 334, "procname": "Thread-13", "class": "FS ACCESS", "low": [{"sysname": "open", "blob": "{'flags': 131649, 'mode': 384, 'filename': u'/data/data/com.netmite.andme.launcher.asphalt4eliteracing/shared_prefs/210.xml\\x00'}", "type": "SYSCALL", "id": 9318, "ts": 0}, {"sysname": "write", "xref": 9318, "ts": 0, "blob": "{'filename': u'/data/data/com.netmite.andme.launcher.asphalt4eliteracing/shared_prefs/210.xml'}", "type": "SYSCALL", "id": 9352}]}, {"tid": 334, "procname": "Thread-13", "class": "FS ACCESS", "low": [{"sysname": "open", "blob": "{'flags': 131649, 'mode': 384, 'filename': u'/data/data/com.netmite.andme.launcher.asphalt4eliteracing/shared_prefs/210.xml\\x00'}", "type": "SYSCALL", "id": 9389, "ts": 0}, {"sysname": "write", "xref": 9389, "ts": 0, "blob": "{'filename': u'/data/data/com.netmite.andme.launcher.asphalt4eliteracing/shared_prefs/210.xml'}", "type": "SYSCALL", "id": 9446}]}, {"tid": 335, "procname": "Thread-14", "class": "ACCESS PERSONAL INFO", "subclass": "PHONE", "low": [{"method_name": "com.android.internal.telephony.IPhoneSubInfo.getSubscriberId()()", "type": "BINDER", "id": 9673, "ts": 0}]}, {"tid": 336, "procname": "alt4eliteracing", "class": "EXECUTE", "low": [{"sysname": "execve", "blob": {"executed_file": "/system/bin/sh", "args": "[]", "retval": 0}, "type": "SYSCALL", "id": 9728, "ts": 0}]}, {"tid": 335, "procname": "Thread-14", "class": "NETWORK ACCESS", "low": [{"sysname": "connect", "blob": "{'host': '::ffff:10.10.10.10', 'retval': -115, 'port': 8080}", "type": "SYSCALL", "id": 10016, "ts": 0}]}, {"tid": 318, "procname": "alt4eliteracing", "class": "FS ACCESS", "low": [{"sysname": "open", "blob": "{'flags': 131649, 'mode': 384, 'filename': u'/data/data/com.netmite.andme.launcher.asphalt4eliteracing/shared_prefs/210.xml\\x00'}", "type": "SYSCALL", "id": 10474, "ts": 0}, {"sysname": "write", "xref": 10474, "ts": 0, "blob": "{'filename': u'/data/data/com.netmite.andme.launcher.asphalt4eliteracing/shared_prefs/210.xml'}", "type": "SYSCALL", "id": 10499}]}, {"tid": 318, "procname": "alt4eliteracing", "class": "FS ACCESS", "low": [{"sysname": "open", "blob": "{'flags': 131649, 'mode': 384, 'filename': u'/data/data/com.netmite.andme.launcher.asphalt4eliteracing/shared_prefs/0.xml\\x00'}", "type": "SYSCALL", "id": 10546, "ts": 0}, {"sysname": "write", "xref": 10546, "ts": 0, "blob": "{'filename': u'/data/data/com.netmite.andme.launcher.asphalt4eliteracing/shared_prefs/0.xml'}", "type": "SYSCALL", "id": 10594}]}, {"tid": 337, "procname": "alt4eliteracing", "class": "EXECUTE", "low": [{"sysname": "execve", "blob": {"executed_file": "/system/bin/sh", "args": "[]", "retval": 0}, "type": "SYSCALL", "id": 10760, "ts": 0}]}, {"tid": 318, "procname": "alt4eliteracing", "class": "FS ACCESS", "low": [{"sysname": "open", "blob": "{'flags': 131649, 'mode': 384, 'filename': u'/data/data/com.netmite.andme.launcher.asphalt4eliteracing/shared_prefs/0.xml\\x00'}", "type": "SYSCALL", "id": 11509, "ts": 0}, {"sysname": "write", "xref": 11509, "ts": 0, "blob": "{'filename': u'/data/data/com.netmite.andme.launcher.asphalt4eliteracing/shared_prefs/0.xml'}", "type": "SYSCALL", "id": 11516}]}, {"tid": 338, "procname": "alt4eliteracing", "class": "EXECUTE", "low": [{"sysname": "execve", "blob": {"executed_file": "/system/bin/sh", "args": "[]", "retval": 0}, "type": "SYSCALL", "id": 11622, "ts": 0}]}, {"tid": 335, "procname": "Thread-14", "class": "FS ACCESS", "low": [{"sysname": "open", "blob": "{'flags': 131649, 'mode': 384, 'filename': u'/data/data/com.netmite.andme.launcher.asphalt4eliteracing/shared_prefs/21.xml\\x00'}", "type": "SYSCALL", "id": 11927, "ts": 0}, {"sysname": "write", "xref": 11927, "ts": 0, "blob": "{'filename': u'/data/data/com.netmite.andme.launcher.asphalt4eliteracing/shared_prefs/21.xml'}", "type": "SYSCALL", "id": 11944}]}, {"tid": 335, "procname": "Thread-14", "class": "FS ACCESS", "low": [{"sysname": "open", "blob": "{'flags': 131649, 'mode': 384, 'filename': u'/data/data/com.netmite.andme.launcher.asphalt4eliteracing/shared_prefs/21.xml\\x00'}", "type": "SYSCALL", "id": 11965, "ts": 0}, {"sysname": "write", "xref": 11965, "ts": 0, "blob": "{'filename': u'/data/data/com.netmite.andme.launcher.asphalt4eliteracing/shared_prefs/21.xml'}", "type": "SYSCALL", "id": 11992}]}, {"tid": 335, "procname": "Thread-14", "class": "FS ACCESS", "low": [{"sysname": "open", "blob": "{'flags': 131649, 'mode': 384, 'filename': u'/data/data/com.netmite.andme.launcher.asphalt4eliteracing/shared_prefs/210.xml\\x00'}", "type": "SYSCALL", "id": 12020, "ts": 0}, {"sysname": "write", "xref": 12020, "ts": 0, "blob": "{'filename': u'/data/data/com.netmite.andme.launcher.asphalt4eliteracing/shared_prefs/210.xml'}", "type": "SYSCALL", "id": 12035}]}, {"tid": 318, "procname": "alt4eliteracing", "class": "FS ACCESS", "low": [{"sysname": "open", "blob": "{'flags': 131649, 'mode': 384, 'filename': u'/data/data/com.netmite.andme.launcher.asphalt4eliteracing/shared_prefs/0.xml\\x00'}", "type": "SYSCALL", "id": 12258, "ts": 0}, {"sysname": "write", "xref": 12258, "ts": 0, "blob": "{'filename': u'/data/data/com.netmite.andme.launcher.asphalt4eliteracing/shared_prefs/0.xml'}", "type": "SYSCALL", "id": 12259}]}, {"tid": 340, "procname": "d.process.acore", "class": "ACCESS PERSONAL INFO", "subclass": "ACCOUNT", "low": [{"method_name": "android.accounts.IAccountManager.TRANSACTION_getAccounts()", "type": "BINDER", "id": 13732, "ts": 0}]}, {"tid": 345, "procname": "Binder Thread #", "class": "ACCESS PERSONAL INFO", "subclass": "ACCOUNT", "low": [{"method_name": "android.accounts.IAccountManager.TRANSACTION_getAccountsByFeatures()", "type": "BINDER", "id": 14330, "ts": 0}]}]}}, "userid": "joystick", "country": "UNAVAILABLE", "date_end": "N/A", "date_start": "N/A", "date_submitted": "2012-11-19 17:50:41", "static": "/copperdroid/reports//AnserverBot_genome_stimulated/7a516ac5b21e594073be842b3f73480479df2cdc.apk.log", "submitter_ip": "127.0.0.1", "pcap": "/copperdroid/reports//AnserverBot_genome_stimulated/7a516ac5b21e594073be842b3f73480479df2cdc.apk.pcap", "md5": "2f3c5cfcb84db7af2f72a55e454098c4"}