{"behaviors": {"static": {}, "dynamic": {"host": [{"tid": 318, "procname": "bubei.pureman", "class": "FS ACCESS", "low": [{"sysname": "open", "blob": "{'flags': 131649, 'mode': 384, 'filename': u'/data/data/bubei.pureman/shared_prefs/0.xml\\x00'}", "type": "SYSCALL", "id": 1738, "ts": 0}, {"sysname": "write", "xref": 1738, "ts": 0, "blob": "{'filename': u'/data/data/bubei.pureman/shared_prefs/0.xml'}", "type": "SYSCALL", "id": 1755}]}, {"tid": 318, "procname": "bubei.pureman", "class": "FS ACCESS", "low": [{"sysname": "open", "blob": "{'flags': 131649, 'mode': 384, 'filename': u'/data/data/bubei.pureman/shared_prefs/0.xml\\x00'}", "type": "SYSCALL", "id": 1773, "ts": 0}, {"sysname": "write", "xref": 1773, "ts": 0, "blob": "{'filename': u'/data/data/bubei.pureman/shared_prefs/0.xml'}", "type": "SYSCALL", "id": 1790}]}, {"tid": 318, "procname": "bubei.pureman", "class": "FS ACCESS", "low": [{"sysname": "open", "blob": "{'flags': 131649, 'mode': 384, 'filename': u'/data/data/bubei.pureman/shared_prefs/0.xml\\x00'}", "type": "SYSCALL", "id": 1807, "ts": 0}, {"sysname": "write", "xref": 1807, "ts": 0, "blob": "{'filename': u'/data/data/bubei.pureman/shared_prefs/0.xml'}", "type": "SYSCALL", "id": 1810}]}, {"tid": 318, "procname": "bubei.pureman", "class": "FS ACCESS", "low": [{"sysname": "open", "blob": "{'flags': 131649, 'mode': 384, 'filename': u'/data/data/bubei.pureman/files/anservera.db\\x00'}", "type": "SYSCALL", "id": 1850, "ts": 0}, {"sysname": "write", "xref": 1850, "ts": 0, "blob": "{'filename': u'/data/data/bubei.pureman/files/anservera.db'}", "type": "SYSCALL", "id": 1857}, {"sysname": "write", "xref": 1850, "ts": 0, "blob": "{'filename': u'/data/data/bubei.pureman/files/anservera.db'}", "type": "SYSCALL", "id": 1861}, {"sysname": "write", "xref": 1850, "ts": 0, "blob": "{'filename': u'/data/data/bubei.pureman/files/anservera.db'}", "type": "SYSCALL", "id": 1865}, {"sysname": "write", "xref": 1850, "ts": 0, "blob": "{'filename': u'/data/data/bubei.pureman/files/anservera.db'}", "type": "SYSCALL", "id": 1866}, {"sysname": "write", "xref": 1850, "ts": 0, "blob": "{'filename': u'/data/data/bubei.pureman/files/anservera.db'}", "type": "SYSCALL", "id": 1869}, {"sysname": "write", "xref": 1850, "ts": 0, "blob": "{'filename': u'/data/data/bubei.pureman/files/anservera.db'}", "type": "SYSCALL", "id": 1870}, {"sysname": "write", "xref": 1850, "ts": 0, "blob": "{'filename': u'/data/data/bubei.pureman/files/anservera.db'}", "type": "SYSCALL", "id": 1871}, {"sysname": "write", "xref": 1850, "ts": 0, "blob": "{'filename': u'/data/data/bubei.pureman/files/anservera.db'}", "type": "SYSCALL", "id": 1872}, {"sysname": "write", "xref": 1850, "ts": 0, "blob": "{'filename': u'/data/data/bubei.pureman/files/anservera.db'}", "type": "SYSCALL", "id": 1873}, {"sysname": "write", "xref": 1850, "ts": 0, "blob": "{'filename': u'/data/data/bubei.pureman/files/anservera.db'}", "type": "SYSCALL", "id": 1874}, {"sysname": "write", "xref": 1850, "ts": 0, "blob": "{'filename': u'/data/data/bubei.pureman/files/anservera.db'}", "type": "SYSCALL", "id": 1875}, {"sysname": "write", "xref": 1850, "ts": 0, "blob": "{'filename': u'/data/data/bubei.pureman/files/anservera.db'}", "type": "SYSCALL", "id": 1878}, {"sysname": "write", "xref": 1850, "ts": 0, "blob": "{'filename': u'/data/data/bubei.pureman/files/anservera.db'}", "type": "SYSCALL", "id": 1879}, {"sysname": "write", "xref": 1850, "ts": 0, "blob": "{'filename': u'/data/data/bubei.pureman/files/anservera.db'}", "type": "SYSCALL", "id": 1880}, {"sysname": "write", "xref": 1850, "ts": 0, "blob": "{'filename': u'/data/data/bubei.pureman/files/anservera.db'}", "type": "SYSCALL", "id": 1881}, {"sysname": "write", "xref": 1850, "ts": 0, "blob": "{'filename': u'/data/data/bubei.pureman/files/anservera.db'}", "type": "SYSCALL", "id": 1882}, {"sysname": "write", "xref": 1850, "ts": 0, "blob": "{'filename': u'/data/data/bubei.pureman/files/anservera.db'}", "type": "SYSCALL", "id": 1883}, {"sysname": "write", "xref": 1850, "ts": 0, "blob": "{'filename': u'/data/data/bubei.pureman/files/anservera.db'}", "type": "SYSCALL", "id": 1884}, {"sysname": "write", "xref": 1850, "ts": 0, "blob": "{'filename': u'/data/data/bubei.pureman/files/anservera.db'}", "type": "SYSCALL", "id": 1885}, {"sysname": "write", "xref": 1850, "ts": 0, "blob": "{'filename': u'/data/data/bubei.pureman/files/anservera.db'}", "type": "SYSCALL", "id": 1886}, {"sysname": "write", "xref": 1850, "ts": 0, "blob": "{'filename': u'/data/data/bubei.pureman/files/anservera.db'}", "type": "SYSCALL", "id": 1890}, {"sysname": "write", "xref": 1850, "ts": 0, "blob": "{'filename': u'/data/data/bubei.pureman/files/anservera.db'}", "type": "SYSCALL", "id": 1891}, {"sysname": "write", "xref": 1850, "ts": 0, "blob": "{'filename': u'/data/data/bubei.pureman/files/anservera.db'}", "type": "SYSCALL", "id": 1892}, {"sysname": "write", "xref": 1850, "ts": 0, "blob": "{'filename': u'/data/data/bubei.pureman/files/anservera.db'}", "type": "SYSCALL", "id": 1893}, {"sysname": "write", "xref": 1850, "ts": 0, "blob": "{'filename': u'/data/data/bubei.pureman/files/anservera.db'}", "type": "SYSCALL", "id": 1896}, {"sysname": "write", "xref": 1850, "ts": 0, "blob": "{'filename': u'/data/data/bubei.pureman/files/anservera.db'}", "type": "SYSCALL", "id": 1897}, {"sysname": "write", "xref": 1850, "ts": 0, "blob": "{'filename': u'/data/data/bubei.pureman/files/anservera.db'}", "type": "SYSCALL", "id": 1898}, {"sysname": "write", "xref": 1850, "ts": 0, "blob": "{'filename': u'/data/data/bubei.pureman/files/anservera.db'}", "type": "SYSCALL", "id": 1899}, {"sysname": "write", "xref": 1850, "ts": 0, "blob": "{'filename': u'/data/data/bubei.pureman/files/anservera.db'}", "type": "SYSCALL", "id": 1905}, {"sysname": "write", "xref": 1850, "ts": 0, "blob": "{'filename': u'/data/data/bubei.pureman/files/anservera.db'}", "type": "SYSCALL", "id": 1906}, {"sysname": "write", "xref": 1850, "ts": 0, "blob": "{'filename': u'/data/data/bubei.pureman/files/anservera.db'}", "type": "SYSCALL", "id": 1907}]}, {"tid": 318, "procname": "bubei.pureman", "class": "FS ACCESS", "low": [{"sysname": "open", "blob": "{'flags': 131649, 'mode': 384, 'filename': u'/data/data/bubei.pureman/files/anserverb.db\\x00'}", "type": "SYSCALL", "id": 1939, "ts": 0}, {"sysname": "write", "xref": 1939, "ts": 0, "blob": "{'filename': u'/data/data/bubei.pureman/files/anserverb.db'}", "type": "SYSCALL", "id": 1943}, {"sysname": "write", "xref": 1939, "ts": 0, "blob": "{'filename': u'/data/data/bubei.pureman/files/anserverb.db'}", "type": "SYSCALL", "id": 1947}, {"sysname": "write", "xref": 1939, "ts": 0, "blob": "{'filename': u'/data/data/bubei.pureman/files/anserverb.db'}", "type": "SYSCALL", "id": 1948}, {"sysname": "write", "xref": 1939, "ts": 0, "blob": "{'filename': u'/data/data/bubei.pureman/files/anserverb.db'}", "type": "SYSCALL", "id": 1949}, {"sysname": "write", "xref": 1939, "ts": 0, "blob": "{'filename': u'/data/data/bubei.pureman/files/anserverb.db'}", "type": "SYSCALL", "id": 1952}, {"sysname": "write", "xref": 1939, "ts": 0, "blob": "{'filename': u'/data/data/bubei.pureman/files/anserverb.db'}", "type": "SYSCALL", "id": 1953}, {"sysname": "write", "xref": 1939, "ts": 0, "blob": "{'filename': u'/data/data/bubei.pureman/files/anserverb.db'}", "type": "SYSCALL", "id": 1957}, {"sysname": "write", "xref": 1939, "ts": 0, "blob": "{'filename': u'/data/data/bubei.pureman/files/anserverb.db'}", "type": "SYSCALL", "id": 1958}, {"sysname": "write", "xref": 1939, "ts": 0, "blob": "{'filename': u'/data/data/bubei.pureman/files/anserverb.db'}", "type": "SYSCALL", "id": 1959}, {"sysname": "write", "xref": 1939, "ts": 0, "blob": "{'filename': u'/data/data/bubei.pureman/files/anserverb.db'}", "type": "SYSCALL", "id": 1960}, {"sysname": "write", "xref": 1939, "ts": 0, "blob": "{'filename': u'/data/data/bubei.pureman/files/anserverb.db'}", "type": "SYSCALL", "id": 1961}, {"sysname": "write", "xref": 1939, "ts": 0, "blob": "{'filename': u'/data/data/bubei.pureman/files/anserverb.db'}", "type": "SYSCALL", "id": 1962}, {"sysname": "write", "xref": 1939, "ts": 0, "blob": "{'filename': u'/data/data/bubei.pureman/files/anserverb.db'}", "type": "SYSCALL", "id": 1963}, {"sysname": "write", "xref": 1939, "ts": 0, "blob": "{'filename': u'/data/data/bubei.pureman/files/anserverb.db'}", "type": "SYSCALL", "id": 1966}, {"sysname": "write", "xref": 1939, "ts": 0, "blob": "{'filename': u'/data/data/bubei.pureman/files/anserverb.db'}", "type": "SYSCALL", "id": 1967}, {"sysname": "write", "xref": 1939, "ts": 0, "blob": "{'filename': u'/data/data/bubei.pureman/files/anserverb.db'}", "type": "SYSCALL", "id": 1970}, {"sysname": "write", "xref": 1939, "ts": 0, "blob": "{'filename': u'/data/data/bubei.pureman/files/anserverb.db'}", "type": "SYSCALL", "id": 1971}, {"sysname": "write", "xref": 1939, "ts": 0, "blob": "{'filename': u'/data/data/bubei.pureman/files/anserverb.db'}", "type": "SYSCALL", "id": 1972}, {"sysname": "write", "xref": 1939, "ts": 0, "blob": "{'filename': u'/data/data/bubei.pureman/files/anserverb.db'}", "type": "SYSCALL", "id": 1973}, {"sysname": "write", "xref": 1939, "ts": 0, "blob": "{'filename': u'/data/data/bubei.pureman/files/anserverb.db'}", "type": "SYSCALL", "id": 1976}, {"sysname": "write", "xref": 1939, "ts": 0, "blob": "{'filename': u'/data/data/bubei.pureman/files/anserverb.db'}", "type": "SYSCALL", "id": 1977}, {"sysname": "write", "xref": 1939, "ts": 0, "blob": "{'filename': u'/data/data/bubei.pureman/files/anserverb.db'}", "type": "SYSCALL", "id": 1978}, {"sysname": "write", "xref": 1939, "ts": 0, "blob": "{'filename': u'/data/data/bubei.pureman/files/anserverb.db'}", "type": "SYSCALL", "id": 1979}, {"sysname": "write", "xref": 1939, "ts": 0, "blob": "{'filename': u'/data/data/bubei.pureman/files/anserverb.db'}", "type": "SYSCALL", "id": 1980}, {"sysname": "write", "xref": 1939, "ts": 0, "blob": "{'filename': u'/data/data/bubei.pureman/files/anserverb.db'}", "type": "SYSCALL", "id": 1987}, {"sysname": "write", "xref": 1939, "ts": 0, "blob": "{'filename': u'/data/data/bubei.pureman/files/anserverb.db'}", "type": "SYSCALL", "id": 1988}, {"sysname": "write", "xref": 1939, "ts": 0, "blob": "{'filename': u'/data/data/bubei.pureman/files/anserverb.db'}", "type": "SYSCALL", "id": 1989}]}, {"tid": 318, "procname": "bubei.pureman", "class": "FS ACCESS", "low": [{"sysname": "open", "blob": "{'flags': 131649, 'mode': 384, 'filename': u'/data/data/bubei.pureman/shared_prefs/0.xml\\x00'}", "type": "SYSCALL", "id": 2000, "ts": 0}, {"sysname": "write", "xref": 2000, "ts": 0, "blob": "{'filename': u'/data/data/bubei.pureman/shared_prefs/0.xml'}", "type": "SYSCALL", "id": 2022}]}, {"tid": 318, "procname": "bubei.pureman", "class": "FS ACCESS", "low": [{"sysname": "open", "blob": "{'flags': 131649, 'mode': 384, 'filename': u'/data/data/bubei.pureman/shared_prefs/0.xml\\x00'}", "type": "SYSCALL", "id": 2041, "ts": 0}, {"sysname": "write", "xref": 2041, "ts": 0, "blob": "{'filename': u'/data/data/bubei.pureman/shared_prefs/0.xml'}", "type": "SYSCALL", "id": 2063}]}, {"tid": 325, "procname": "dexopt", "class": "FS ACCESS", "low": [{"sysname": "open", "blob": "{'flags': 131138, 'mode': 420, 'filename': u'/data/data/bubei.pureman/files/anserverb.dex\\x00'}", "type": "SYSCALL", "id": 3009, "ts": 0}, {"sysname": "write", "xref": 3009, "ts": 0, "blob": "{'filename': u'/data/data/bubei.pureman/files/anserverb.dex'}", "type": "SYSCALL", "id": 3013}, {"sysname": "write", "xref": 3009, "ts": 0, "blob": "{'filename': u'/data/data/bubei.pureman/files/anserverb.dex'}", "type": "SYSCALL", "id": 3021}, {"sysname": "write", "xref": 3009, "ts": 0, "blob": "{'filename': u'/data/data/bubei.pureman/files/anserverb.dex'}", "type": "SYSCALL", "id": 3022}, {"sysname": "write", "xref": 3009, "ts": 0, "blob": "{'filename': u'/data/data/bubei.pureman/files/anserverb.dex'}", "type": "SYSCALL", "id": 3720}, {"sysname": "write", "xref": 3009, "ts": 0, "blob": "{'filename': u'/data/data/bubei.pureman/files/anserverb.dex'}", "type": "SYSCALL", "id": 3723}, {"sysname": "write", "xref": 3009, "ts": 0, "blob": "{'filename': u'/data/data/bubei.pureman/files/anserverb.dex'}", "type": "SYSCALL", "id": 3726}, {"sysname": "write", "xref": 3009, "ts": 0, "blob": "{'filename': u'/data/data/bubei.pureman/files/anserverb.dex'}", "type": "SYSCALL", "id": 3727}, {"sysname": "write", "xref": 3009, "ts": 0, "blob": "{'filename': u'/data/data/bubei.pureman/files/anserverb.dex'}", "type": "SYSCALL", "id": 3732}]}, {"tid": 325, "procname": "bubei.pureman", "class": "EXECUTE", "low": [{"sysname": "execve", "blob": {"executed_file": "/system/bin/dexopt", "args": "[]", "retval": 0}, "type": "SYSCALL", "id": 3032, "ts": 0}]}, {"tid": 77, "procname": "ActivityManager", "class": "ACCESS PERSONAL INFO", "subclass": "SMS", "low": [{"recv by": "bubei.pureman", "intent": "android.provider.Telephony.SMS_RECEIVED", "type": "INTENT", "id": 3777, "ts": 0}]}, {"tid": 318, "procname": "bubei.pureman", "class": "FS ACCESS", "low": [{"sysname": "open", "blob": "{'flags': 131649, 'mode': 384, 'filename': u'/data/data/bubei.pureman/shared_prefs/0.xml\\x00'}", "type": "SYSCALL", "id": 3784, "ts": 0}, {"sysname": "write", "xref": 3784, "ts": 0, "blob": "{'filename': u'/data/data/bubei.pureman/shared_prefs/0.xml'}", "type": "SYSCALL", "id": 3787}]}, {"tid": 318, "procname": "bubei.pureman", "class": "FS ACCESS", "low": [{"sysname": "open", "blob": "{'flags': 131649, 'mode': 384, 'filename': u'/data/data/bubei.pureman/shared_prefs/0.xml\\x00'}", "type": "SYSCALL", "id": 3799, "ts": 0}, {"sysname": "write", "xref": 3799, "ts": 0, "blob": "{'filename': u'/data/data/bubei.pureman/shared_prefs/0.xml'}", "type": "SYSCALL", "id": 3807}]}, {"tid": 318, "procname": "bubei.pureman", "class": "FS ACCESS", "low": [{"sysname": "open", "blob": "{'flags': 131649, 'mode': 384, 'filename': u'/data/data/bubei.pureman/shared_prefs/11.xml\\x00'}", "type": "SYSCALL", "id": 3814, "ts": 0}, {"sysname": "write", "xref": 3814, "ts": 0, "blob": "{'filename': u'/data/data/bubei.pureman/shared_prefs/11.xml'}", "type": "SYSCALL", "id": 3815}]}, {"tid": 335, "procname": "Thread-11", "class": "ACCESS PERSONAL INFO", "subclass": "PHONE", "low": [{"method_name": "com.android.internal.telephony.IPhoneSubInfo.getSubscriberId()()", "type": "BINDER", "id": 4518, "ts": 0}]}, {"tid": 335, "procname": "Thread-11", "class": "ACCESS PERSONAL INFO", "subclass": "PHONE", "low": [{"method_name": "com.android.internal.telephony.IPhoneSubInfo.getDeviceId()()", "type": "BINDER", "id": 4564, "ts": 0}]}, {"tid": 335, "procname": "Thread-11", "class": "FS ACCESS", "low": [{"sysname": "open", "blob": "{'flags': 131649, 'mode': 384, 'filename': u'/data/data/bubei.pureman/shared_prefs/0.xml\\x00'}", "type": "SYSCALL", "id": 4631, "ts": 0}, {"sysname": "write", "xref": 4631, "ts": 0, "blob": "{'filename': u'/data/data/bubei.pureman/shared_prefs/0.xml'}", "type": "SYSCALL", "id": 4661}]}, {"tid": 337, "procname": "Thread-10", "class": "ACCESS PERSONAL INFO", "subclass": "SMS", "low": [{"method_name": "android.app.IActivityManager.GET_CONTENT_PROVIDER_TRANSACTION()", "type": "BINDER", "id": 5132, "ts": 0}]}, {"tid": 339, "procname": "Thread-12", "class": "ACCESS PERSONAL INFO", "subclass": "CONTACTS", "low": [{"method_name": "android.app.IActivityManager.GET_CONTENT_PROVIDER_TRANSACTION()", "type": "BINDER", "id": 5532, "ts": 0}]}, {"tid": 335, "procname": "Thread-11", "class": "NETWORK ACCESS", "subclass": "DNS", "low": [{"sysname": "connect", "blob": "{'host': '10.0.2.3', 'retval': 0, 'port': 53}", "type": "SYSCALL", "id": 5580, "ts": 0}, {"sysname": "sendto", "xref": 5580, "ts": 0, "blob": "{'query_data': 'b4.cookier.co.cc. 1 1'}", "type": "SYSCALL", "id": 5584}]}, {"tid": 335, "procname": "Thread-11", "class": "NETWORK ACCESS", "low": [{"sysname": "connect", "blob": "{'host': '::ffff:10.10.10.10', 'retval': -115, 'port': 8080}", "type": "SYSCALL", "id": 5663, "ts": 0}]}, {"tid": 70, "procname": "Binder Thread #", "class": "ACCESS PERSONAL INFO", "subclass": "SMS", "low": [{"recv by": "bubei.pureman", "intent": "android.provider.Telephony.SMS_RECEIVED", "type": "INTENT", "id": 5904, "ts": 0}]}, {"tid": 335, "procname": "Thread-11", "class": "FS ACCESS", "low": [{"sysname": "open", "blob": "{'flags': 131649, 'mode': 384, 'filename': u'/data/data/bubei.pureman/shared_prefs/11.xml\\x00'}", "type": "SYSCALL", "id": 6907, "ts": 0}, {"sysname": "write", "xref": 6907, "ts": 0, "blob": "{'filename': u'/data/data/bubei.pureman/shared_prefs/11.xml'}", "type": "SYSCALL", "id": 6929}]}, {"tid": 335, "procname": "Thread-11", "class": "FS ACCESS", "low": [{"sysname": "open", "blob": "{'flags': 131649, 'mode': 384, 'filename': u'/data/data/bubei.pureman/shared_prefs/11.xml\\x00'}", "type": "SYSCALL", "id": 6947, "ts": 0}, {"sysname": "write", "xref": 6947, "ts": 0, "blob": "{'filename': u'/data/data/bubei.pureman/shared_prefs/11.xml'}", "type": "SYSCALL", "id": 6956}]}, {"tid": 335, "procname": "Thread-11", "class": "FS ACCESS", "low": [{"sysname": "open", "blob": "{'flags': 131649, 'mode': 384, 'filename': u'/data/data/bubei.pureman/shared_prefs/11.xml\\x00'}", "type": "SYSCALL", "id": 6967, "ts": 0}, {"sysname": "write", "xref": 6967, "ts": 0, "blob": "{'filename': u'/data/data/bubei.pureman/shared_prefs/11.xml'}", "type": "SYSCALL", "id": 6976}]}, {"tid": 349, "procname": "Thread-14", "class": "NETWORK ACCESS", "subclass": "DNS", "low": [{"sysname": "connect", "blob": "{'host': '10.0.2.3', 'retval': 0, 'port': 53}", "type": "SYSCALL", "id": 7227, "ts": 0}, {"sysname": "sendto", "xref": 7227, "ts": 0, "blob": "{'query_data': 'mm.admob.com. 1 1'}", "type": "SYSCALL", "id": 7228}]}, {"tid": 349, "procname": "Thread-14", "class": "NETWORK ACCESS", "subclass": "HTTP", "low": [{"sysname": "connect", "blob": "{'host': '::ffff:70.32.132.54', 'retval': -115, 'port': 80}", "type": "SYSCALL", "id": 7274, "ts": 0}, {"sysname": "sendto", "xref": 7274, "ts": 0, "blob": "=GET+%2Fstatic%2Fandroid%2Fi18n%2F20100322%2Fen.properties+HTTP%2F1.1%0D%0AHost%3A+mm.admob.com%0D%0AUser-Agent%3A+Mozilla%2F5.0+%28Linux%3B+U%3B+Android+2.2.3%3B+en-us%3B+generic+Build%2FFRK76C%29+AppleWebKit%2F525.10%2B+%28KHTML%2C+like+Gecko%29+Version%2F3.0.4+Mobile+Safari%2F523.12.2+%28AdMob-ANDROID-20100322%29%0D%0AConnection%3A+Keep-Alive%0D%0Ax-admob-isu%3A+08B4E423F3D55BC2EFDE6AF3D56B14D5%0D%0A%0D%0A", "type": "SYSCALL", "id": 7316}]}, {"tid": 348, "procname": "Thread-13", "class": "NETWORK ACCESS", "subclass": "DNS", "low": [{"sysname": "connect", "blob": "{'host': '10.0.2.3', 'retval': 0, 'port': 53}", "type": "SYSCALL", "id": 7701, "ts": 0}, {"sysname": "sendto", "xref": 7701, "ts": 0, "blob": "{'query_data': 'r.admob.com. 1 1'}", "type": "SYSCALL", "id": 7702}]}, {"tid": 348, "procname": "Thread-13", "class": "NETWORK ACCESS", "subclass": "HTTP", "low": [{"sysname": "connect", "blob": "{'host': '::ffff:173.194.35.45', 'retval': -115, 'port': 80}", "type": "SYSCALL", "id": 7749, "ts": 0}, {"sysname": "sendto", "xref": 7749, "ts": 0, "blob": "=POST+%2Fad_source.php+HTTP%2F1.1%0D%0AHost%3A+r.admob.com%0D%0AUser-Agent%3A+Mozilla%2F5.0+%28Linux%3B+U%3B+Android+2.2.3%3B+en-us%3B+generic+Build%2FFRK76C%29+AppleWebKit%2F525.10%2B+%28KHTML%2C+like+Gecko%29+Version%2F3.0.4+Mobile+Safari%2F523.12.2+%28AdMob-ANDROID-20100322%29%0D%0AConnection%3A+Keep-Alive%0D%0AContent-Length%3A+298%0D%0AContent-Type%3A+application%2Fx-www-form-urlencoded%0D%0Ax-admob-isu%3A+08B4E423F3D55BC2EFDE6AF3D56B14D5%0D%0A%0D%0A", "type": "SYSCALL", "id": 7757}, {"sysname": "sendto", "xref": 7749, "ts": 0, "blob": "=z%3D1343206525.649%26rt%3D0%26s%3Da14bb343e9a7ca6%26l%3Den%26f%3Djsonp%26client_sdk%3D1%26ex%3D1%26v%3D20100322-ANDROID-3312276cc1406347%26isu%3D08B4E423F3D55BC2EFDE6AF3D56B14D5%26so%3Dl%26screen_width%3D480%26d%255Bcoord_timestamp%255D%3D1343206527%26k%3DAndroid%2Bgame%26density%3D1.0%26ic%3Dm%252Ca%26pub_data%255Bidentifier%255D%3Dbubei.pureman%26pub_data%255Bversion%255D%3D1", "type": "SYSCALL", "id": 7803}]}, {"tid": 351, "procname": "Thread-16", "class": "NETWORK ACCESS", "low": [{"sysname": "connect", "blob": "{'host': '::ffff:10.10.10.10', 'retval': -115, 'port': 8080}", "type": "SYSCALL", "id": 9847, "ts": 0}]}, {"tid": 352, "procname": "pool-1-thread-1", "class": "NETWORK ACCESS", "subclass": "HTTP", "low": [{"sysname": "connect", "blob": "{'host': '::ffff:70.32.132.54', 'retval': -115, 'port': 80}", "type": "SYSCALL", "id": 10125, "ts": 0}, {"sysname": "sendto", "xref": 10125, "ts": 0, "blob": "=GET+%2Fstatic%2Fxnetwork%2Farrow_out.png+HTTP%2F1.1%0D%0AHost%3A+mm.admob.com%0D%0AUser-Agent%3A+Mozilla%2F5.0+%28Linux%3B+U%3B+Android+2.2.3%3B+en-us%3B+generic+Build%2FFRK76C%29+AppleWebKit%2F525.10%2B+%28KHTML%2C+like+Gecko%29+Version%2F3.0.4+Mobile+Safari%2F523.12.2+%28AdMob-ANDROID-20100322%29%0D%0AConnection%3A+Keep-Alive%0D%0Ax-admob-isu%3A+08B4E423F3D55BC2EFDE6AF3D56B14D5%0D%0A%0D%0A", "type": "SYSCALL", "id": 10178}]}, {"tid": 351, "procname": "Thread-16", "class": "FS ACCESS", "low": [{"sysname": "open", "blob": "{'flags': 131649, 'mode': 384, 'filename': u'/data/data/bubei.pureman/shared_prefs/11.xml\\x00'}", "type": "SYSCALL", "id": 11009, "ts": 0}, {"sysname": "write", "xref": 11009, "ts": 0, "blob": "{'filename': u'/data/data/bubei.pureman/shared_prefs/11.xml'}", "type": "SYSCALL", "id": 11037}]}, {"tid": 353, "procname": "dexopt", "class": "FS ACCESS", "low": [{"sysname": "open", "blob": "{'flags': 131138, 'mode': 420, 'filename': u'/data/data/bubei.pureman/files/bubei.pureman-1.dex\\x00'}", "type": "SYSCALL", "id": 11546, "ts": 0}, {"sysname": "write", "xref": 11546, "ts": 0, "blob": "{'filename': u'/data/data/bubei.pureman/files/bubei.pureman-1.dex'}", "type": "SYSCALL", "id": 11550}, {"sysname": "write", "xref": 11546, "ts": 0, "blob": "{'filename': u'/data/data/bubei.pureman/files/bubei.pureman-1.dex'}", "type": "SYSCALL", "id": 11557}, {"sysname": "write", "xref": 11546, "ts": 0, "blob": "{'filename': u'/data/data/bubei.pureman/files/bubei.pureman-1.dex'}", "type": "SYSCALL", "id": 11560}, {"sysname": "write", "xref": 11546, "ts": 0, "blob": "{'filename': u'/data/data/bubei.pureman/files/bubei.pureman-1.dex'}", "type": "SYSCALL", "id": 11561}, {"sysname": "write", "xref": 11546, "ts": 0, "blob": "{'filename': u'/data/data/bubei.pureman/files/bubei.pureman-1.dex'}", "type": "SYSCALL", "id": 11562}, {"sysname": "write", "xref": 11546, "ts": 0, "blob": "{'filename': u'/data/data/bubei.pureman/files/bubei.pureman-1.dex'}", "type": "SYSCALL", "id": 11563}, {"sysname": "write", "xref": 11546, "ts": 0, "blob": "{'filename': u'/data/data/bubei.pureman/files/bubei.pureman-1.dex'}", "type": "SYSCALL", "id": 12653}, {"sysname": "write", "xref": 11546, "ts": 0, "blob": "{'filename': u'/data/data/bubei.pureman/files/bubei.pureman-1.dex'}", "type": "SYSCALL", "id": 12656}, {"sysname": "write", "xref": 11546, "ts": 0, "blob": "{'filename': u'/data/data/bubei.pureman/files/bubei.pureman-1.dex'}", "type": "SYSCALL", "id": 12657}, {"sysname": "write", "xref": 11546, "ts": 0, "blob": "{'filename': u'/data/data/bubei.pureman/files/bubei.pureman-1.dex'}", "type": "SYSCALL", "id": 12658}, {"sysname": "write", "xref": 11546, "ts": 0, "blob": "{'filename': u'/data/data/bubei.pureman/files/bubei.pureman-1.dex'}", "type": "SYSCALL", "id": 12665}]}, {"tid": 353, "procname": "bubei.pureman", "class": "EXECUTE", "low": [{"sysname": "execve", "blob": {"executed_file": "/system/bin/dexopt", "args": "[]", "retval": 0}, "type": "SYSCALL", "id": 11576, "ts": 0}]}, {"tid": 387, "procname": "Thread-19", "class": "NETWORK ACCESS", "low": [{"sysname": "connect", "blob": "{'host': '::ffff:10.10.10.10', 'retval': -115, 'port': 8080}", "type": "SYSCALL", "id": 14711, "ts": 0}]}, {"tid": 387, "procname": "Thread-19", "class": "FS ACCESS", "low": [{"sysname": "open", "blob": "{'flags': 131649, 'mode': 384, 'filename': u'/data/data/bubei.pureman/shared_prefs/11.xml\\x00'}", "type": "SYSCALL", "id": 15225, "ts": 0}, {"sysname": "write", "xref": 15225, "ts": 0, "blob": "{'filename': u'/data/data/bubei.pureman/shared_prefs/11.xml'}", "type": "SYSCALL", "id": 15242}]}]}}, "userid": "joystick", "country": "UNAVAILABLE", "date_end": "N/A", "date_start": "N/A", "date_submitted": "2012-11-19 17:55:25", "static": "/copperdroid/reports//AnserverBot_genome_stimulated/7cbab235f635eebc89868591de12b46d7733d2be.apk.log", "submitter_ip": "127.0.0.1", "pcap": "/copperdroid/reports//AnserverBot_genome_stimulated/7cbab235f635eebc89868591de12b46d7733d2be.apk.pcap", "md5": "66bd8716433acc78296fce4e93557ea2"}