{"behaviors": {"static": {}, "dynamic": {"host": [{"tid": 77, "procname": "ActivityManager", "class": "ACCESS PERSONAL INFO", "subclass": "SMS", "low": [{"recv by": "com.keji.danti727", "intent": "android.provider.Telephony.SMS_RECEIVED", "type": "INTENT", "id": 2051, "ts": 0}]}, {"tid": 155, "procname": "Binder Thread #", "class": "ACCESS PERSONAL INFO", "subclass": "SMS", "low": [{"recv by": "com.keji.danti727", "intent": "android.provider.Telephony.SMS_RECEIVED", "type": "INTENT", "id": 2055, "ts": 0}]}]}}, "userid": "joystick", "country": "UNAVAILABLE", "date_end": "N/A", "date_start": "N/A", "date_submitted": "2012-11-19 17:52:23", "static": "/copperdroid/reports//AnserverBot_genome_stimulated/7d7360162a5d3f3a87155ee77cc031a2d0d54258.apk.log", "submitter_ip": "127.0.0.1", "pcap": "/copperdroid/reports//AnserverBot_genome_stimulated/7d7360162a5d3f3a87155ee77cc031a2d0d54258.apk.pcap", "md5": "e950778ed5f3c838309f8239474dd65d"}