{"behaviors": {"static": {}, "dynamic": {"host": [{"tid": 318, "procname": "asterrocks.MJ13", "class": "FS ACCESS", "low": [{"sysname": "open", "blob": "{'flags': 131649, 'mode': 384, 'filename': u'/data/data/com.joymasterrocks.MJ13/shared_prefs/0.xml\\x00'}", "type": "SYSCALL", "id": 2003, "ts": 0}, {"sysname": "write", "xref": 2003, "ts": 0, "blob": "{'filename': u'/data/data/com.joymasterrocks.MJ13/shared_prefs/0.xml'}", "type": "SYSCALL", "id": 2005}]}, {"tid": 318, "procname": "asterrocks.MJ13", "class": "FS ACCESS", "low": [{"sysname": "open", "blob": "{'flags': 131649, 'mode': 384, 'filename': u'/data/data/com.joymasterrocks.MJ13/shared_prefs/0.xml\\x00'}", "type": "SYSCALL", "id": 2017, "ts": 0}, {"sysname": "write", "xref": 2017, "ts": 0, "blob": "{'filename': u'/data/data/com.joymasterrocks.MJ13/shared_prefs/0.xml'}", "type": "SYSCALL", "id": 2022}]}, {"tid": 318, "procname": "asterrocks.MJ13", "class": "FS ACCESS", "low": [{"sysname": "open", "blob": "{'flags': 131649, 'mode': 384, 'filename': u'/data/data/com.joymasterrocks.MJ13/shared_prefs/0.xml\\x00'}", "type": "SYSCALL", "id": 2031, "ts": 0}, {"sysname": "write", "xref": 2031, "ts": 0, "blob": "{'filename': u'/data/data/com.joymasterrocks.MJ13/shared_prefs/0.xml'}", "type": "SYSCALL", "id": 2038}]}, {"tid": 318, "procname": "asterrocks.MJ13", "class": "FS ACCESS", "low": [{"sysname": "open", "blob": "{'flags': 131649, 'mode': 384, 'filename': u'/data/data/com.joymasterrocks.MJ13/files/anservera.db\\x00'}", "type": "SYSCALL", "id": 2063, "ts": 0}, {"sysname": "write", "xref": 2063, "ts": 0, "blob": "{'filename': u'/data/data/com.joymasterrocks.MJ13/files/anservera.db'}", "type": "SYSCALL", "id": 2069}, {"sysname": "write", "xref": 2063, "ts": 0, "blob": "{'filename': u'/data/data/com.joymasterrocks.MJ13/files/anservera.db'}", "type": "SYSCALL", "id": 2070}, {"sysname": "write", "xref": 2063, "ts": 0, "blob": "{'filename': u'/data/data/com.joymasterrocks.MJ13/files/anservera.db'}", "type": "SYSCALL", "id": 2071}, {"sysname": "write", "xref": 2063, "ts": 0, "blob": "{'filename': u'/data/data/com.joymasterrocks.MJ13/files/anservera.db'}", "type": "SYSCALL", "id": 2072}, {"sysname": "write", "xref": 2063, "ts": 0, "blob": "{'filename': u'/data/data/com.joymasterrocks.MJ13/files/anservera.db'}", "type": "SYSCALL", "id": 2073}, {"sysname": "write", "xref": 2063, "ts": 0, "blob": "{'filename': u'/data/data/com.joymasterrocks.MJ13/files/anservera.db'}", "type": "SYSCALL", "id": 2074}, {"sysname": "write", "xref": 2063, "ts": 0, "blob": "{'filename': u'/data/data/com.joymasterrocks.MJ13/files/anservera.db'}", "type": "SYSCALL", "id": 2075}, {"sysname": "write", "xref": 2063, "ts": 0, "blob": "{'filename': u'/data/data/com.joymasterrocks.MJ13/files/anservera.db'}", "type": "SYSCALL", "id": 2076}, {"sysname": "write", "xref": 2063, "ts": 0, "blob": "{'filename': u'/data/data/com.joymasterrocks.MJ13/files/anservera.db'}", "type": "SYSCALL", "id": 2077}, {"sysname": "write", "xref": 2063, "ts": 0, "blob": "{'filename': u'/data/data/com.joymasterrocks.MJ13/files/anservera.db'}", "type": "SYSCALL", "id": 2078}, {"sysname": "write", "xref": 2063, "ts": 0, "blob": "{'filename': u'/data/data/com.joymasterrocks.MJ13/files/anservera.db'}", "type": "SYSCALL", "id": 2079}, {"sysname": "write", "xref": 2063, "ts": 0, "blob": "{'filename': u'/data/data/com.joymasterrocks.MJ13/files/anservera.db'}", "type": "SYSCALL", "id": 2080}, {"sysname": "write", "xref": 2063, "ts": 0, "blob": "{'filename': u'/data/data/com.joymasterrocks.MJ13/files/anservera.db'}", "type": "SYSCALL", "id": 2081}, {"sysname": "write", "xref": 2063, "ts": 0, "blob": "{'filename': u'/data/data/com.joymasterrocks.MJ13/files/anservera.db'}", "type": "SYSCALL", "id": 2086}, {"sysname": "write", "xref": 2063, "ts": 0, "blob": "{'filename': u'/data/data/com.joymasterrocks.MJ13/files/anservera.db'}", "type": "SYSCALL", "id": 2087}, {"sysname": "write", "xref": 2063, "ts": 0, "blob": "{'filename': u'/data/data/com.joymasterrocks.MJ13/files/anservera.db'}", "type": "SYSCALL", "id": 2088}, {"sysname": "write", "xref": 2063, "ts": 0, "blob": "{'filename': u'/data/data/com.joymasterrocks.MJ13/files/anservera.db'}", "type": "SYSCALL", "id": 2093}, {"sysname": "write", "xref": 2063, "ts": 0, "blob": "{'filename': u'/data/data/com.joymasterrocks.MJ13/files/anservera.db'}", "type": "SYSCALL", "id": 2094}, {"sysname": "write", "xref": 2063, "ts": 0, "blob": "{'filename': u'/data/data/com.joymasterrocks.MJ13/files/anservera.db'}", "type": "SYSCALL", "id": 2095}, {"sysname": "write", "xref": 2063, "ts": 0, "blob": "{'filename': u'/data/data/com.joymasterrocks.MJ13/files/anservera.db'}", "type": "SYSCALL", "id": 2100}, {"sysname": "write", "xref": 2063, "ts": 0, "blob": "{'filename': u'/data/data/com.joymasterrocks.MJ13/files/anservera.db'}", "type": "SYSCALL", "id": 2101}, {"sysname": "write", "xref": 2063, "ts": 0, "blob": "{'filename': u'/data/data/com.joymasterrocks.MJ13/files/anservera.db'}", "type": "SYSCALL", "id": 2106}, {"sysname": "write", "xref": 2063, "ts": 0, "blob": "{'filename': u'/data/data/com.joymasterrocks.MJ13/files/anservera.db'}", "type": "SYSCALL", "id": 2107}, {"sysname": "write", "xref": 2063, "ts": 0, "blob": "{'filename': u'/data/data/com.joymasterrocks.MJ13/files/anservera.db'}", "type": "SYSCALL", "id": 2108}, {"sysname": "write", "xref": 2063, "ts": 0, "blob": "{'filename': u'/data/data/com.joymasterrocks.MJ13/files/anservera.db'}", "type": "SYSCALL", "id": 2109}, {"sysname": "write", "xref": 2063, "ts": 0, "blob": "{'filename': u'/data/data/com.joymasterrocks.MJ13/files/anservera.db'}", "type": "SYSCALL", "id": 2110}, {"sysname": "write", "xref": 2063, "ts": 0, "blob": "{'filename': u'/data/data/com.joymasterrocks.MJ13/files/anservera.db'}", "type": "SYSCALL", "id": 2111}, {"sysname": "write", "xref": 2063, "ts": 0, "blob": "{'filename': u'/data/data/com.joymasterrocks.MJ13/files/anservera.db'}", "type": "SYSCALL", "id": 2112}, {"sysname": "write", "xref": 2063, "ts": 0, "blob": "{'filename': u'/data/data/com.joymasterrocks.MJ13/files/anservera.db'}", "type": "SYSCALL", "id": 2113}, {"sysname": "write", "xref": 2063, "ts": 0, "blob": "{'filename': u'/data/data/com.joymasterrocks.MJ13/files/anservera.db'}", "type": "SYSCALL", "id": 2114}, {"sysname": "write", "xref": 2063, "ts": 0, "blob": "{'filename': u'/data/data/com.joymasterrocks.MJ13/files/anservera.db'}", "type": "SYSCALL", "id": 2119}]}, {"tid": 318, "procname": "asterrocks.MJ13", "class": "FS ACCESS", "low": [{"sysname": "open", "blob": "{'flags': 131649, 'mode': 384, 'filename': u'/data/data/com.joymasterrocks.MJ13/files/anserverb.db\\x00'}", "type": "SYSCALL", "id": 2128, "ts": 0}, {"sysname": "write", "xref": 2128, "ts": 0, "blob": "{'filename': u'/data/data/com.joymasterrocks.MJ13/files/anserverb.db'}", "type": "SYSCALL", "id": 2130}, {"sysname": "write", "xref": 2128, "ts": 0, "blob": "{'filename': u'/data/data/com.joymasterrocks.MJ13/files/anserverb.db'}", "type": "SYSCALL", "id": 2131}, {"sysname": "write", "xref": 2128, "ts": 0, "blob": "{'filename': u'/data/data/com.joymasterrocks.MJ13/files/anserverb.db'}", "type": "SYSCALL", "id": 2132}, {"sysname": "write", "xref": 2128, "ts": 0, "blob": "{'filename': u'/data/data/com.joymasterrocks.MJ13/files/anserverb.db'}", "type": "SYSCALL", "id": 2133}, {"sysname": "write", "xref": 2128, "ts": 0, "blob": "{'filename': u'/data/data/com.joymasterrocks.MJ13/files/anserverb.db'}", "type": "SYSCALL", "id": 2134}, {"sysname": "write", "xref": 2128, "ts": 0, "blob": "{'filename': u'/data/data/com.joymasterrocks.MJ13/files/anserverb.db'}", "type": "SYSCALL", "id": 2135}, {"sysname": "write", "xref": 2128, "ts": 0, "blob": "{'filename': u'/data/data/com.joymasterrocks.MJ13/files/anserverb.db'}", "type": "SYSCALL", "id": 2136}, {"sysname": "write", "xref": 2128, "ts": 0, "blob": "{'filename': u'/data/data/com.joymasterrocks.MJ13/files/anserverb.db'}", "type": "SYSCALL", "id": 2137}, {"sysname": "write", "xref": 2128, "ts": 0, "blob": "{'filename': u'/data/data/com.joymasterrocks.MJ13/files/anserverb.db'}", "type": "SYSCALL", "id": 2138}, {"sysname": "write", "xref": 2128, "ts": 0, "blob": "{'filename': u'/data/data/com.joymasterrocks.MJ13/files/anserverb.db'}", "type": "SYSCALL", "id": 2143}, {"sysname": "write", "xref": 2128, "ts": 0, "blob": "{'filename': u'/data/data/com.joymasterrocks.MJ13/files/anserverb.db'}", "type": "SYSCALL", "id": 2144}, {"sysname": "write", "xref": 2128, "ts": 0, "blob": "{'filename': u'/data/data/com.joymasterrocks.MJ13/files/anserverb.db'}", "type": "SYSCALL", "id": 2145}, {"sysname": "write", "xref": 2128, "ts": 0, "blob": "{'filename': u'/data/data/com.joymasterrocks.MJ13/files/anserverb.db'}", "type": "SYSCALL", "id": 2146}, {"sysname": "write", "xref": 2128, "ts": 0, "blob": "{'filename': u'/data/data/com.joymasterrocks.MJ13/files/anserverb.db'}", "type": "SYSCALL", "id": 2151}, {"sysname": "write", "xref": 2128, "ts": 0, "blob": "{'filename': u'/data/data/com.joymasterrocks.MJ13/files/anserverb.db'}", "type": "SYSCALL", "id": 2152}, {"sysname": "write", "xref": 2128, "ts": 0, "blob": "{'filename': u'/data/data/com.joymasterrocks.MJ13/files/anserverb.db'}", "type": "SYSCALL", "id": 2153}, {"sysname": "write", "xref": 2128, "ts": 0, "blob": "{'filename': u'/data/data/com.joymasterrocks.MJ13/files/anserverb.db'}", "type": "SYSCALL", "id": 2154}, {"sysname": "write", "xref": 2128, "ts": 0, "blob": "{'filename': u'/data/data/com.joymasterrocks.MJ13/files/anserverb.db'}", "type": "SYSCALL", "id": 2155}, {"sysname": "write", "xref": 2128, "ts": 0, "blob": "{'filename': u'/data/data/com.joymasterrocks.MJ13/files/anserverb.db'}", "type": "SYSCALL", "id": 2156}, {"sysname": "write", "xref": 2128, "ts": 0, "blob": "{'filename': u'/data/data/com.joymasterrocks.MJ13/files/anserverb.db'}", "type": "SYSCALL", "id": 2157}, {"sysname": "write", "xref": 2128, "ts": 0, "blob": "{'filename': u'/data/data/com.joymasterrocks.MJ13/files/anserverb.db'}", "type": "SYSCALL", "id": 2162}, {"sysname": "write", "xref": 2128, "ts": 0, "blob": "{'filename': u'/data/data/com.joymasterrocks.MJ13/files/anserverb.db'}", "type": "SYSCALL", "id": 2163}, {"sysname": "write", "xref": 2128, "ts": 0, "blob": "{'filename': u'/data/data/com.joymasterrocks.MJ13/files/anserverb.db'}", "type": "SYSCALL", "id": 2164}, {"sysname": "write", "xref": 2128, "ts": 0, "blob": "{'filename': u'/data/data/com.joymasterrocks.MJ13/files/anserverb.db'}", "type": "SYSCALL", "id": 2165}, {"sysname": "write", "xref": 2128, "ts": 0, "blob": "{'filename': u'/data/data/com.joymasterrocks.MJ13/files/anserverb.db'}", "type": "SYSCALL", "id": 2166}, {"sysname": "write", "xref": 2128, "ts": 0, "blob": "{'filename': u'/data/data/com.joymasterrocks.MJ13/files/anserverb.db'}", "type": "SYSCALL", "id": 2171}, {"sysname": "write", "xref": 2128, "ts": 0, "blob": "{'filename': u'/data/data/com.joymasterrocks.MJ13/files/anserverb.db'}", "type": "SYSCALL", "id": 2172}]}, {"tid": 318, "procname": "asterrocks.MJ13", "class": "FS ACCESS", "low": [{"sysname": "open", "blob": "{'flags': 131649, 'mode': 384, 'filename': u'/data/data/com.joymasterrocks.MJ13/shared_prefs/0.xml\\x00'}", "type": "SYSCALL", "id": 2178, "ts": 0}, {"sysname": "write", "xref": 2178, "ts": 0, "blob": "{'filename': u'/data/data/com.joymasterrocks.MJ13/shared_prefs/0.xml'}", "type": "SYSCALL", "id": 2180}]}, {"tid": 318, "procname": "asterrocks.MJ13", "class": "FS ACCESS", "low": [{"sysname": "open", "blob": "{'flags': 131649, 'mode': 384, 'filename': u'/data/data/com.joymasterrocks.MJ13/shared_prefs/0.xml\\x00'}", "type": "SYSCALL", "id": 2193, "ts": 0}, {"sysname": "write", "xref": 2193, "ts": 0, "blob": "{'filename': u'/data/data/com.joymasterrocks.MJ13/shared_prefs/0.xml'}", "type": "SYSCALL", "id": 2200}]}, {"tid": 325, "procname": "dexopt", "class": "FS ACCESS", "low": [{"sysname": "open", "blob": "{'flags': 131138, 'mode': 420, 'filename': u'/data/data/com.joymasterrocks.MJ13/files/anserverb.dex\\x00'}", "type": "SYSCALL", "id": 2744, "ts": 0}, {"sysname": "write", "xref": 2744, "ts": 0, "blob": "{'filename': u'/data/data/com.joymasterrocks.MJ13/files/anserverb.dex'}", "type": "SYSCALL", "id": 2748}, {"sysname": "write", "xref": 2744, "ts": 0, "blob": "{'filename': u'/data/data/com.joymasterrocks.MJ13/files/anserverb.dex'}", "type": "SYSCALL", "id": 2753}, {"sysname": "write", "xref": 2744, "ts": 0, "blob": "{'filename': u'/data/data/com.joymasterrocks.MJ13/files/anserverb.dex'}", "type": "SYSCALL", "id": 2754}, {"sysname": "write", "xref": 2744, "ts": 0, "blob": "{'filename': u'/data/data/com.joymasterrocks.MJ13/files/anserverb.dex'}", "type": "SYSCALL", "id": 3414}, {"sysname": "write", "xref": 2744, "ts": 0, "blob": "{'filename': u'/data/data/com.joymasterrocks.MJ13/files/anserverb.dex'}", "type": "SYSCALL", "id": 3417}, {"sysname": "write", "xref": 2744, "ts": 0, "blob": "{'filename': u'/data/data/com.joymasterrocks.MJ13/files/anserverb.dex'}", "type": "SYSCALL", "id": 3418}, {"sysname": "write", "xref": 2744, "ts": 0, "blob": "{'filename': u'/data/data/com.joymasterrocks.MJ13/files/anserverb.dex'}", "type": "SYSCALL", "id": 3419}, {"sysname": "write", "xref": 2744, "ts": 0, "blob": "{'filename': u'/data/data/com.joymasterrocks.MJ13/files/anserverb.dex'}", "type": "SYSCALL", "id": 3428}]}, {"tid": 325, "procname": "asterrocks.MJ13", "class": "EXECUTE", "low": [{"sysname": "execve", "blob": {"executed_file": "/system/bin/dexopt", "args": "[]", "retval": 0}, "type": "SYSCALL", "id": 2770, "ts": 0}]}, {"tid": 318, "procname": "asterrocks.MJ13", "class": "FS ACCESS", "low": [{"sysname": "open", "blob": "{'flags': 131649, 'mode': 384, 'filename': u'/data/data/com.joymasterrocks.MJ13/shared_prefs/0.xml\\x00'}", "type": "SYSCALL", "id": 3474, "ts": 0}, {"sysname": "write", "xref": 3474, "ts": 0, "blob": "{'filename': u'/data/data/com.joymasterrocks.MJ13/shared_prefs/0.xml'}", "type": "SYSCALL", "id": 3475}]}, {"tid": 318, "procname": "asterrocks.MJ13", "class": "FS ACCESS", "low": [{"sysname": "open", "blob": "{'flags': 131649, 'mode': 384, 'filename': u'/data/data/com.joymasterrocks.MJ13/shared_prefs/0.xml\\x00'}", "type": "SYSCALL", "id": 3488, "ts": 0}, {"sysname": "write", "xref": 3488, "ts": 0, "blob": "{'filename': u'/data/data/com.joymasterrocks.MJ13/shared_prefs/0.xml'}", "type": "SYSCALL", "id": 3496}]}, {"tid": 318, "procname": "asterrocks.MJ13", "class": "FS ACCESS", "low": [{"sysname": "open", "blob": "{'flags': 131649, 'mode': 384, 'filename': u'/data/data/com.joymasterrocks.MJ13/shared_prefs/11.xml\\x00'}", "type": "SYSCALL", "id": 3503, "ts": 0}, {"sysname": "write", "xref": 3503, "ts": 0, "blob": "{'filename': u'/data/data/com.joymasterrocks.MJ13/shared_prefs/11.xml'}", "type": "SYSCALL", "id": 3510}]}, {"tid": 327, "procname": "Thread-10", "class": "ACCESS PERSONAL INFO", "subclass": "PHONE", "low": [{"method_name": "com.android.internal.telephony.IPhoneSubInfo.getSubscriberId()()", "type": "BINDER", "id": 4472, "ts": 0}]}, {"tid": 327, "procname": "Thread-10", "class": "ACCESS PERSONAL INFO", "subclass": "PHONE", "low": [{"method_name": "com.android.internal.telephony.IPhoneSubInfo.getDeviceId()()", "type": "BINDER", "id": 4588, "ts": 0}]}, {"tid": 327, "procname": "Thread-10", "class": "FS ACCESS", "low": [{"sysname": "open", "blob": "{'flags': 131649, 'mode': 384, 'filename': u'/data/data/com.joymasterrocks.MJ13/shared_prefs/0.xml\\x00'}", "type": "SYSCALL", "id": 4622, "ts": 0}, {"sysname": "write", "xref": 4622, "ts": 0, "blob": "{'filename': u'/data/data/com.joymasterrocks.MJ13/shared_prefs/0.xml'}", "type": "SYSCALL", "id": 4663}]}, {"tid": 327, "procname": "Thread-10", "class": "NETWORK ACCESS", "subclass": "DNS", "low": [{"sysname": "connect", "blob": "{'host': '10.0.2.3', 'retval': 0, 'port': 53}", "type": "SYSCALL", "id": 5427, "ts": 0}, {"sysname": "sendto", "xref": 5427, "ts": 0, "blob": "{'query_data': 'b4.cookier.co.cc. 1 1'}", "type": "SYSCALL", "id": 5428}]}, {"tid": 327, "procname": "Thread-10", "class": "NETWORK ACCESS", "low": [{"sysname": "connect", "blob": "{'host': '::ffff:10.10.10.10', 'retval': -115, 'port': 8080}", "type": "SYSCALL", "id": 5464, "ts": 0}]}, {"tid": 327, "procname": "Thread-10", "class": "FS ACCESS", "low": [{"sysname": "open", "blob": "{'flags': 131649, 'mode': 384, 'filename': u'/data/data/com.joymasterrocks.MJ13/shared_prefs/11.xml\\x00'}", "type": "SYSCALL", "id": 6599, "ts": 0}, {"sysname": "write", "xref": 6599, "ts": 0, "blob": "{'filename': u'/data/data/com.joymasterrocks.MJ13/shared_prefs/11.xml'}", "type": "SYSCALL", "id": 6627}]}, {"tid": 155, "procname": "Binder Thread #", "class": "ACCESS PERSONAL INFO", "subclass": "SMS", "low": [{"recv by": "com.joymasterrocks.MJ13", "intent": "android.provider.Telephony.SMS_RECEIVED", "type": "INTENT", "id": 6674, "ts": 0}]}, {"tid": 327, "procname": "Thread-10", "class": "FS ACCESS", "low": [{"sysname": "open", "blob": "{'flags': 131649, 'mode': 384, 'filename': u'/data/data/com.joymasterrocks.MJ13/shared_prefs/11.xml\\x00'}", "type": "SYSCALL", "id": 6690, "ts": 0}, {"sysname": "write", "xref": 6690, "ts": 0, "blob": "{'filename': u'/data/data/com.joymasterrocks.MJ13/shared_prefs/11.xml'}", "type": "SYSCALL", "id": 6699}]}, {"tid": 327, "procname": "Thread-10", "class": "FS ACCESS", "low": [{"sysname": "open", "blob": "{'flags': 131649, 'mode': 384, 'filename': u'/data/data/com.joymasterrocks.MJ13/shared_prefs/11.xml\\x00'}", "type": "SYSCALL", "id": 6712, "ts": 0}, {"sysname": "write", "xref": 6712, "ts": 0, "blob": "{'filename': u'/data/data/com.joymasterrocks.MJ13/shared_prefs/11.xml'}", "type": "SYSCALL", "id": 6721}]}, {"tid": 332, "procname": "Thread-13", "class": "NETWORK ACCESS", "low": [{"sysname": "connect", "blob": "{'host': '::ffff:10.10.10.10', 'retval': -115, 'port': 8080}", "type": "SYSCALL", "id": 7520, "ts": 0}]}, {"tid": 333, "procname": "dexopt", "class": "FS ACCESS", "low": [{"sysname": "open", "blob": "{'flags': 131138, 'mode': 420, 'filename': u'/data/data/com.joymasterrocks.MJ13/files/com.joymasterrocks.MJ13-1.dex\\x00'}", "type": "SYSCALL", "id": 8408, "ts": 0}, {"sysname": "write", "xref": 8408, "ts": 0, "blob": "{'filename': u'/data/data/com.joymasterrocks.MJ13/files/com.joymasterrocks.MJ13-1.dex'}", "type": "SYSCALL", "id": 8412}, {"sysname": "write", "xref": 8408, "ts": 0, "blob": "{'filename': u'/data/data/com.joymasterrocks.MJ13/files/com.joymasterrocks.MJ13-1.dex'}", "type": "SYSCALL", "id": 8417}, {"sysname": "write", "xref": 8408, "ts": 0, "blob": "{'filename': u'/data/data/com.joymasterrocks.MJ13/files/com.joymasterrocks.MJ13-1.dex'}", "type": "SYSCALL", "id": 8422}, {"sysname": "write", "xref": 8408, "ts": 0, "blob": "{'filename': u'/data/data/com.joymasterrocks.MJ13/files/com.joymasterrocks.MJ13-1.dex'}", "type": "SYSCALL", "id": 8423}, {"sysname": "write", "xref": 8408, "ts": 0, "blob": "{'filename': u'/data/data/com.joymasterrocks.MJ13/files/com.joymasterrocks.MJ13-1.dex'}", "type": "SYSCALL", "id": 8426}, {"sysname": "write", "xref": 8408, "ts": 0, "blob": "{'filename': u'/data/data/com.joymasterrocks.MJ13/files/com.joymasterrocks.MJ13-1.dex'}", "type": "SYSCALL", "id": 8427}, {"sysname": "write", "xref": 8408, "ts": 0, "blob": "{'filename': u'/data/data/com.joymasterrocks.MJ13/files/com.joymasterrocks.MJ13-1.dex'}", "type": "SYSCALL", "id": 8428}, {"sysname": "write", "xref": 8408, "ts": 0, "blob": "{'filename': u'/data/data/com.joymasterrocks.MJ13/files/com.joymasterrocks.MJ13-1.dex'}", "type": "SYSCALL", "id": 8429}, {"sysname": "write", "xref": 8408, "ts": 0, "blob": "{'filename': u'/data/data/com.joymasterrocks.MJ13/files/com.joymasterrocks.MJ13-1.dex'}", "type": "SYSCALL", "id": 8430}, {"sysname": "write", "xref": 8408, "ts": 0, "blob": "{'filename': u'/data/data/com.joymasterrocks.MJ13/files/com.joymasterrocks.MJ13-1.dex'}", "type": "SYSCALL", "id": 9248}, {"sysname": "write", "xref": 8408, "ts": 0, "blob": "{'filename': u'/data/data/com.joymasterrocks.MJ13/files/com.joymasterrocks.MJ13-1.dex'}", "type": "SYSCALL", "id": 9254}, {"sysname": "write", "xref": 8408, "ts": 0, "blob": "{'filename': u'/data/data/com.joymasterrocks.MJ13/files/com.joymasterrocks.MJ13-1.dex'}", "type": "SYSCALL", "id": 9255}, {"sysname": "write", "xref": 8408, "ts": 0, "blob": "{'filename': u'/data/data/com.joymasterrocks.MJ13/files/com.joymasterrocks.MJ13-1.dex'}", "type": "SYSCALL", "id": 9256}, {"sysname": "write", "xref": 8408, "ts": 0, "blob": "{'filename': u'/data/data/com.joymasterrocks.MJ13/files/com.joymasterrocks.MJ13-1.dex'}", "type": "SYSCALL", "id": 9268}]}, {"tid": 333, "procname": "asterrocks.MJ13", "class": "EXECUTE", "low": [{"sysname": "execve", "blob": {"executed_file": "/system/bin/dexopt", "args": "[]", "retval": 0}, "type": "SYSCALL", "id": 8448, "ts": 0}]}, {"tid": 332, "procname": "Thread-13", "class": "FS ACCESS", "low": [{"sysname": "open", "blob": "{'flags': 131649, 'mode': 384, 'filename': u'/data/data/com.joymasterrocks.MJ13/shared_prefs/11.xml\\x00'}", "type": "SYSCALL", "id": 9231, "ts": 0}, {"sysname": "write", "xref": 9231, "ts": 0, "blob": "{'filename': u'/data/data/com.joymasterrocks.MJ13/shared_prefs/11.xml'}", "type": "SYSCALL", "id": 9244}]}, {"tid": 335, "procname": "Thread-15", "class": "NETWORK ACCESS", "low": [{"sysname": "connect", "blob": "{'host': '::ffff:10.10.10.10', 'retval': -115, 'port': 8080}", "type": "SYSCALL", "id": 10547, "ts": 0}]}, {"tid": 335, "procname": "Thread-15", "class": "FS ACCESS", "low": [{"sysname": "open", "blob": "{'flags': 131649, 'mode': 384, 'filename': u'/data/data/com.joymasterrocks.MJ13/shared_prefs/11.xml\\x00'}", "type": "SYSCALL", "id": 11389, "ts": 0}, {"sysname": "write", "xref": 11389, "ts": 0, "blob": "{'filename': u'/data/data/com.joymasterrocks.MJ13/shared_prefs/11.xml'}", "type": "SYSCALL", "id": 11489}]}, {"tid": 336, "procname": "asterrocks.MJ13", "class": "EXECUTE", "low": [{"sysname": "execve", "blob": {"executed_file": "/system/bin/sh", "args": "[]", "retval": 0}, "type": "SYSCALL", "id": 11913, "ts": 0}]}, {"tid": 324, "procname": "Thread-8", "class": "FS ACCESS", "low": [{"sysname": "open", "blob": "{'flags': 131649, 'mode': 384, 'filename': u'/data/data/com.joymasterrocks.MJ13/files/com.joymasterrocks.MJ13.jms.data\\x00'}", "type": "SYSCALL", "id": 12545, "ts": 0}, {"sysname": "write", "xref": 12545, "ts": 0, "blob": "{'filename': u'/data/data/com.joymasterrocks.MJ13/files/com.joymasterrocks.MJ13.jms.data'}", "type": "SYSCALL", "id": 12549}]}, {"tid": 324, "procname": "Thread-8", "class": "FS ACCESS", "low": [{"sysname": "open", "blob": "{'flags': 131649, 'mode': 384, 'filename': u'/data/data/com.joymasterrocks.MJ13/files/com.joymasterrocks.MJ13.jms.hdr\\x00'}", "type": "SYSCALL", "id": 12553, "ts": 0}, {"sysname": "write", "xref": 12553, "ts": 0, "blob": "{'filename': u'/data/data/com.joymasterrocks.MJ13/files/com.joymasterrocks.MJ13.jms.hdr'}", "type": "SYSCALL", "id": 12555}]}, {"tid": 324, "procname": "Thread-8", "class": "FS ACCESS", "low": [{"sysname": "open", "blob": "{'flags': 131649, 'mode': 384, 'filename': u'/data/data/com.joymasterrocks.MJ13/files/com.joymasterrocks.MJ13.jms.data\\x00'}", "type": "SYSCALL", "id": 12561, "ts": 0}, {"sysname": "write", "xref": 12561, "ts": 0, "blob": "{'filename': u'/data/data/com.joymasterrocks.MJ13/files/com.joymasterrocks.MJ13.jms.data'}", "type": "SYSCALL", "id": 12563}]}, {"tid": 337, "procname": "Thread-16", "class": "FS ACCESS", "low": [{"sysname": "open", "blob": "{'flags': 131649, 'mode': 384, 'filename': u'/data/data/com.joymasterrocks.MJ13/shared_prefs/210.xml\\x00'}", "type": "SYSCALL", "id": 12602, "ts": 0}, {"sysname": "write", "xref": 12602, "ts": 0, "blob": "{'filename': u'/data/data/com.joymasterrocks.MJ13/shared_prefs/210.xml'}", "type": "SYSCALL", "id": 12699}]}, {"tid": 318, "procname": "asterrocks.MJ13", "class": "FS ACCESS", "low": [{"sysname": "open", "blob": "{'flags': 131649, 'mode': 384, 'filename': u'/data/data/com.joymasterrocks.MJ13/shared_prefs/0.xml\\x00'}", "type": "SYSCALL", "id": 12604, "ts": 0}, {"sysname": "write", "xref": 12604, "ts": 0, "blob": "{'filename': u'/data/data/com.joymasterrocks.MJ13/shared_prefs/0.xml'}", "type": "SYSCALL", "id": 12697}]}, {"tid": 337, "procname": "Thread-16", "class": "FS ACCESS", "low": [{"sysname": "open", "blob": "{'flags': 131649, 'mode': 384, 'filename': u'/data/data/com.joymasterrocks.MJ13/shared_prefs/210.xml\\x00'}", "type": "SYSCALL", "id": 12757, "ts": 0}, {"sysname": "write", "xref": 12757, "ts": 0, "blob": "{'filename': u'/data/data/com.joymasterrocks.MJ13/shared_prefs/210.xml'}", "type": "SYSCALL", "id": 12800}]}, {"tid": 337, "procname": "Thread-16", "class": "FS ACCESS", "low": [{"sysname": "open", "blob": "{'flags': 131649, 'mode': 384, 'filename': u'/data/data/com.joymasterrocks.MJ13/shared_prefs/210.xml\\x00'}", "type": "SYSCALL", "id": 12847, "ts": 0}, {"sysname": "write", "xref": 12847, "ts": 0, "blob": "{'filename': u'/data/data/com.joymasterrocks.MJ13/shared_prefs/210.xml'}", "type": "SYSCALL", "id": 12890}]}, {"tid": 338, "procname": "Thread-17", "class": "ACCESS PERSONAL INFO", "subclass": "PHONE", "low": [{"method_name": "com.android.internal.telephony.IPhoneSubInfo.getSubscriberId()()", "type": "BINDER", "id": 13071, "ts": 0}]}, {"tid": 339, "procname": "asterrocks.MJ13", "class": "EXECUTE", "low": [{"sysname": "execve", "blob": {"executed_file": "/system/bin/sh", "args": "[]", "retval": 0}, "type": "SYSCALL", "id": 13200, "ts": 0}]}, {"tid": 338, "procname": "Thread-17", "class": "NETWORK ACCESS", "low": [{"sysname": "connect", "blob": "{'host': '::ffff:10.10.10.10', 'retval': -115, 'port': 8080}", "type": "SYSCALL", "id": 13431, "ts": 0}]}, {"tid": 318, "procname": "asterrocks.MJ13", "class": "FS ACCESS", "low": [{"sysname": "open", "blob": "{'flags': 131649, 'mode': 384, 'filename': u'/data/data/com.joymasterrocks.MJ13/shared_prefs/210.xml\\x00'}", "type": "SYSCALL", "id": 13942, "ts": 0}, {"sysname": "write", "xref": 13942, "ts": 0, "blob": "{'filename': u'/data/data/com.joymasterrocks.MJ13/shared_prefs/210.xml'}", "type": "SYSCALL", "id": 14054}]}, {"tid": 318, "procname": "asterrocks.MJ13", "class": "FS ACCESS", "low": [{"sysname": "open", "blob": "{'flags': 131649, 'mode': 384, 'filename': u'/data/data/com.joymasterrocks.MJ13/shared_prefs/0.xml\\x00'}", "type": "SYSCALL", "id": 14100, "ts": 0}, {"sysname": "write", "xref": 14100, "ts": 0, "blob": "{'filename': u'/data/data/com.joymasterrocks.MJ13/shared_prefs/0.xml'}", "type": "SYSCALL", "id": 14147}]}, {"tid": 340, "procname": "asterrocks.MJ13", "class": "EXECUTE", "low": [{"sysname": "execve", "blob": {"executed_file": "/system/bin/sh", "args": "[]", "retval": 0}, "type": "SYSCALL", "id": 14311, "ts": 0}]}, {"tid": 338, "procname": "Thread-17", "class": "FS ACCESS", "low": [{"sysname": "open", "blob": "{'flags': 131649, 'mode': 384, 'filename': u'/data/data/com.joymasterrocks.MJ13/shared_prefs/21.xml\\x00'}", "type": "SYSCALL", "id": 15002, "ts": 0}, {"sysname": "write", "xref": 15002, "ts": 0, "blob": "{'filename': u'/data/data/com.joymasterrocks.MJ13/shared_prefs/21.xml'}", "type": "SYSCALL", "id": 15021}]}, {"tid": 338, "procname": "Thread-17", "class": "FS ACCESS", "low": [{"sysname": "open", "blob": "{'flags': 131649, 'mode': 384, 'filename': u'/data/data/com.joymasterrocks.MJ13/shared_prefs/21.xml\\x00'}", "type": "SYSCALL", "id": 15046, "ts": 0}, {"sysname": "write", "xref": 15046, "ts": 0, "blob": "{'filename': u'/data/data/com.joymasterrocks.MJ13/shared_prefs/21.xml'}", "type": "SYSCALL", "id": 15063}]}, {"tid": 338, "procname": "Thread-17", "class": "FS ACCESS", "low": [{"sysname": "open", "blob": "{'flags': 131649, 'mode': 384, 'filename': u'/data/data/com.joymasterrocks.MJ13/shared_prefs/210.xml\\x00'}", "type": "SYSCALL", "id": 15130, "ts": 0}, {"sysname": "write", "xref": 15130, "ts": 0, "blob": "{'filename': u'/data/data/com.joymasterrocks.MJ13/shared_prefs/210.xml'}", "type": "SYSCALL", "id": 15150}]}, {"tid": 318, "procname": "asterrocks.MJ13", "class": "FS ACCESS", "low": [{"sysname": "open", "blob": "{'flags': 131649, 'mode': 384, 'filename': u'/data/data/com.joymasterrocks.MJ13/shared_prefs/0.xml\\x00'}", "type": "SYSCALL", "id": 15307, "ts": 0}, {"sysname": "write", "xref": 15307, "ts": 0, "blob": "{'filename': u'/data/data/com.joymasterrocks.MJ13/shared_prefs/0.xml'}", "type": "SYSCALL", "id": 15334}]}, {"tid": 341, "procname": "Thread-18", "class": "FS ACCESS", "low": [{"sysname": "open", "blob": "{'flags': 131649, 'mode': 384, 'filename': u'/data/data/com.joymasterrocks.MJ13/shared_prefs/210.xml\\x00'}", "type": "SYSCALL", "id": 15317, "ts": 0}, {"sysname": "write", "xref": 15317, "ts": 0, "blob": "{'filename': u'/data/data/com.joymasterrocks.MJ13/shared_prefs/210.xml'}", "type": "SYSCALL", "id": 15336}]}, {"tid": 341, "procname": "Thread-18", "class": "FS ACCESS", "low": [{"sysname": "open", "blob": "{'flags': 131649, 'mode': 384, 'filename': u'/data/data/com.joymasterrocks.MJ13/shared_prefs/210.xml\\x00'}", "type": "SYSCALL", "id": 15362, "ts": 0}, {"sysname": "write", "xref": 15362, "ts": 0, "blob": "{'filename': u'/data/data/com.joymasterrocks.MJ13/shared_prefs/210.xml'}", "type": "SYSCALL", "id": 15380}]}, {"tid": 341, "procname": "Thread-18", "class": "FS ACCESS", "low": [{"sysname": "open", "blob": "{'flags': 131649, 'mode': 384, 'filename': u'/data/data/com.joymasterrocks.MJ13/shared_prefs/210.xml\\x00'}", "type": "SYSCALL", "id": 15392, "ts": 0}, {"sysname": "write", "xref": 15392, "ts": 0, "blob": "{'filename': u'/data/data/com.joymasterrocks.MJ13/shared_prefs/210.xml'}", "type": "SYSCALL", "id": 15402}]}, {"tid": 342, "procname": "asterrocks.MJ13", "class": "EXECUTE", "low": [{"sysname": "execve", "blob": {"executed_file": "/system/bin/sh", "args": "[]", "retval": 0}, "type": "SYSCALL", "id": 15441, "ts": 0}]}, {"tid": 343, "procname": "Thread-19", "class": "ACCESS PERSONAL INFO", "subclass": "PHONE", "low": [{"method_name": "com.android.internal.telephony.IPhoneSubInfo.getSubscriberId()()", "type": "BINDER", "id": 15666, "ts": 0}]}, {"tid": 343, "procname": "Thread-19", "class": "NETWORK ACCESS", "low": [{"sysname": "connect", "blob": "{'host': '::ffff:10.10.10.10', 'retval': -115, 'port': 8080}", "type": "SYSCALL", "id": 16282, "ts": 0}]}, {"tid": 318, "procname": "asterrocks.MJ13", "class": "FS ACCESS", "low": [{"sysname": "open", "blob": "{'flags': 131649, 'mode': 384, 'filename': u'/data/data/com.joymasterrocks.MJ13/shared_prefs/0.xml\\x00'}", "type": "SYSCALL", "id": 16757, "ts": 0}, {"sysname": "write", "xref": 16757, "ts": 0, "blob": "{'filename': u'/data/data/com.joymasterrocks.MJ13/shared_prefs/0.xml'}", "type": "SYSCALL", "id": 16760}]}, {"tid": 343, "procname": "Thread-19", "class": "FS ACCESS", "low": [{"sysname": "open", "blob": "{'flags': 131649, 'mode': 384, 'filename': u'/data/data/com.joymasterrocks.MJ13/shared_prefs/210.xml\\x00'}", "type": "SYSCALL", "id": 17306, "ts": 0}, {"sysname": "write", "xref": 17306, "ts": 0, "blob": "{'filename': u'/data/data/com.joymasterrocks.MJ13/shared_prefs/210.xml'}", "type": "SYSCALL", "id": 17310}]}]}}, "userid": "joystick", "country": "UNAVAILABLE", "date_end": "N/A", "date_start": "N/A", "date_submitted": "2012-11-19 17:41:22", "static": "/copperdroid/reports//AnserverBot_genome_stimulated/8c64dbbac6635ea0d9c8507250c4defd15fd73f3.apk.log", "submitter_ip": "127.0.0.1", "pcap": "/copperdroid/reports//AnserverBot_genome_stimulated/8c64dbbac6635ea0d9c8507250c4defd15fd73f3.apk.pcap", "md5": "97a668112284cbbb5a132229be0d035c"}