{"behaviors": {"static": {}, "dynamic": {"host": [{"tid": 77, "procname": "ActivityManager", "class": "ACCESS PERSONAL INFO", "subclass": "SMS", "low": [{"recv by": "com.keji.danti728", "intent": "android.provider.Telephony.SMS_RECEIVED", "type": "INTENT", "id": 2094, "ts": 0}]}, {"tid": 118, "procname": "Binder Thread #", "class": "ACCESS PERSONAL INFO", "subclass": "SMS", "low": [{"recv by": "com.keji.danti728", "intent": "android.provider.Telephony.SMS_RECEIVED", "type": "INTENT", "id": 2100, "ts": 0}]}]}}, "userid": "joystick", "country": "UNAVAILABLE", "date_end": "N/A", "date_start": "N/A", "date_submitted": "2012-11-19 17:39:24", "static": "/copperdroid/reports//AnserverBot_genome_stimulated/a9cfc802ac9d024e087843ba37093925b8d2ac39.apk.log", "submitter_ip": "127.0.0.1", "pcap": "/copperdroid/reports//AnserverBot_genome_stimulated/a9cfc802ac9d024e087843ba37093925b8d2ac39.apk.pcap", "md5": "2543d8ed9056d8c2cee5d12c7ae1e8ee"}