{"behaviors": {"static": {}, "dynamic": {"host": [{"tid": 318, "procname": "m.oe.crazycorns", "class": "ACCESS PERSONAL INFO", "subclass": "PHONE", "low": [{"method_name": "com.android.internal.telephony.IPhoneSubInfo.getDeviceId()()", "type": "BINDER", "id": 2409, "ts": 0}]}, {"tid": 326, "procname": "Thread-10", "class": "ACCESS PERSONAL INFO", "subclass": "PHONE", "low": [{"method_name": "android.app.IActivityManager.GET_CONTENT_PROVIDER_TRANSACTION()", "type": "BINDER", "id": 2836, "ts": 0}]}, {"tid": 318, "procname": "m.oe.crazycorns", "class": "FS ACCESS", "low": [{"sysname": "open", "blob": "{'flags': 131138, 'mode': 420, 'filename': u'/data/data/com.oe.crazycorns/databases/webview.db\\x00'}", "type": "SYSCALL", "id": 2893, "ts": 0}, {"sysname": "write", "xref": 2893, "ts": 0, "blob": "{'filename': u'/data/data/com.oe.crazycorns/databases/webview.db'}", "type": "SYSCALL", "id": 2974}, {"sysname": "write", "xref": 2893, "ts": 0, "blob": "{'filename': u'/data/data/com.oe.crazycorns/databases/webview.db'}", "type": "SYSCALL", "id": 2976}, {"sysname": "write", "xref": 2893, "ts": 0, "blob": "{'filename': u'/data/data/com.oe.crazycorns/databases/webview.db'}", "type": "SYSCALL", "id": 2979}, {"sysname": "write", "xref": 2893, "ts": 0, "blob": "{'filename': u'/data/data/com.oe.crazycorns/databases/webview.db'}", "type": "SYSCALL", "id": 3069}, {"sysname": "write", "xref": 2893, "ts": 0, "blob": "{'filename': u'/data/data/com.oe.crazycorns/databases/webview.db'}", "type": "SYSCALL", "id": 3071}, {"sysname": "write", "xref": 2893, "ts": 0, "blob": "{'filename': u'/data/data/com.oe.crazycorns/databases/webview.db'}", "type": "SYSCALL", "id": 3375}, {"sysname": "write", "xref": 2893, "ts": 0, "blob": "{'filename': u'/data/data/com.oe.crazycorns/databases/webview.db'}", "type": "SYSCALL", "id": 3377}, {"sysname": "write", "xref": 2893, "ts": 0, "blob": "{'filename': u'/data/data/com.oe.crazycorns/databases/webview.db'}", "type": "SYSCALL", "id": 3379}, {"sysname": "write", "xref": 2893, "ts": 0, "blob": "{'filename': u'/data/data/com.oe.crazycorns/databases/webview.db'}", "type": "SYSCALL", "id": 3389}, {"sysname": "write", "xref": 2893, "ts": 0, "blob": "{'filename': u'/data/data/com.oe.crazycorns/databases/webview.db'}", "type": "SYSCALL", "id": 3391}, {"sysname": "write", "xref": 2893, "ts": 0, "blob": "{'filename': u'/data/data/com.oe.crazycorns/databases/webview.db'}", "type": "SYSCALL", "id": 3393}, {"sysname": "write", "xref": 2893, "ts": 0, "blob": "{'filename': u'/data/data/com.oe.crazycorns/databases/webview.db'}", "type": "SYSCALL", "id": 3395}, {"sysname": "write", "xref": 2893, "ts": 0, "blob": "{'filename': u'/data/data/com.oe.crazycorns/databases/webview.db'}", "type": "SYSCALL", "id": 3397}, {"sysname": "write", "xref": 2893, "ts": 0, "blob": "{'filename': u'/data/data/com.oe.crazycorns/databases/webview.db'}", "type": "SYSCALL", "id": 3404}, {"sysname": "write", "xref": 2893, "ts": 0, "blob": "{'filename': u'/data/data/com.oe.crazycorns/databases/webview.db'}", "type": "SYSCALL", "id": 3406}, {"sysname": "write", "xref": 2893, "ts": 0, "blob": "{'filename': u'/data/data/com.oe.crazycorns/databases/webview.db'}", "type": "SYSCALL", "id": 3408}, {"sysname": "write", "xref": 2893, "ts": 0, "blob": "{'filename': u'/data/data/com.oe.crazycorns/databases/webview.db'}", "type": "SYSCALL", "id": 3413}, {"sysname": "write", "xref": 2893, "ts": 0, "blob": "{'filename': u'/data/data/com.oe.crazycorns/databases/webview.db'}", "type": "SYSCALL", "id": 3415}]}, {"tid": 326, "procname": "Thread-10", "class": "NETWORK ACCESS", "subclass": "DNS", "low": [{"sysname": "connect", "blob": "{'host': '10.0.2.3', 'retval': 0, 'port': 53}", "type": "SYSCALL", "id": 3165, "ts": 0}, {"sysname": "sendto", "xref": 3165, "ts": 0, "blob": "{'query_data': 'appsrv1.madserving.cn. 1 1'}", "type": "SYSCALL", "id": 3166}]}, {"tid": 356, "procname": "Thread-21", "class": "NETWORK ACCESS", "subclass": "HTTP", "low": [{"sysname": "connect", "blob": "{'host': '::ffff:211.136.105.225', 'retval': -115, 'port': 80}", "type": "SYSCALL", "id": 3203, "ts": 0}, {"sysname": "sendto", "xref": 3203, "ts": 0, "blob": "=GET+%2Fcr%2F1ff395104b2c26c1+HTTP%2F1.1%0D%0AHost%3A+appsrv1.madserving.cn%0D%0AUser-Agent%3A+Dalvik%2F1.2.0+%28Linux%3B+U%3B+Android+2.2.3%3B+generic+Build%2FFRK76C%29%0D%0AConnection%3A+Keep-Alive%0D%0A", "type": "SYSCALL", "id": 3231}, {"sysname": "sendto", "xref": 3203, "ts": 0, "blob": "=GET+%2Fr%2F1ff395104b2c26c1%3Fuid%3D000000000000000%252C77825103458d00c%26cs%3Da2ceba48%26ua%3DMAAS%252Fgeneric%252FAndroid%2528Linux2.6.29-g46b05b2%2529%252F2.2.3%252F%2528480%253B320%253B1.0%2529%252F1.3.0.906+HTTP%2F1.1%0D%0AHost%3A+appsrv1.madserving.cn%0D%0AUser-Agent%3A+Dalvik%2F1.2.0+%28Linux%3B+U%3B+Android+2.2.3%3B+generic+Build%2FFRK76C%29%0D%0AConnection%3A+Keep-Alive%0D%0A", "type": "SYSCALL", "id": 4814}, {"sysname": "sendto", "xref": 3203, "ts": 0, "blob": "=GET+%2Fcs%2F1ff395104b2c26c1+HTTP%2F1.1%0D%0AHost%3A+appsrv1.madserving.cn%0D%0AUser-Agent%3A+Dalvik%2F1.2.0+%28Linux%3B+U%3B+Android+2.2.3%3B+generic+Build%2FFRK76C%29%0D%0AConnection%3A+Keep-Alive%0D%0A", "type": "SYSCALL", "id": 5732}, {"sysname": "sendto", "xref": 3203, "ts": 0, "blob": "=GET+%2Fs%2F1ff395104b2c26c1%3Fpos%3D90005107%26posw%3D0%26key%3D3423501261%26ua%3DMAAS%252Fgeneric%252FAndroid%2528Linux2.6.29-g46b05b2%2529%252F2.2.3%252F%2528480%253B320%253B1.0%2529%252F1.3.0.906%26debug%3D0%26rtime%3D30+HTTP%2F1.1%0D%0AHost%3A+appsrv1.madserving.cn%0D%0AUser-Agent%3A+Dalvik%2F1.2.0+%28Linux%3B+U%3B+Android+2.2.3%3B+generic+Build%2FFRK76C%29%0D%0AConnection%3A+Keep-Alive%0D%0A", "type": "SYSCALL", "id": 7219}, {"sysname": "sendto", "xref": 3203, "ts": 0, "blob": "=GET+%2Fcr%2F1ff395104b2c26c1+HTTP%2F1.1%0D%0AHost%3A+appsrv1.madserving.cn%0D%0AUser-Agent%3A+Dalvik%2F1.2.0+%28Linux%3B+U%3B+Android+2.2.3%3B+generic+Build%2FFRK76C%29%0D%0AConnection%3A+Keep-Alive%0D%0A", "type": "SYSCALL", "id": 9881}]}, {"tid": 329, "procname": "WebViewWorkerTh", "class": "FS ACCESS", "low": [{"sysname": "open", "blob": "{'flags': 131138, 'mode': 420, 'filename': u'/data/data/com.oe.crazycorns/databases/webviewCache.db\\x00'}", "type": "SYSCALL", "id": 3454, "ts": 0}, {"sysname": "write", "xref": 3454, "ts": 0, "blob": "{'filename': u'/data/data/com.oe.crazycorns/databases/webviewCache.db'}", "type": "SYSCALL", "id": 3549}, {"sysname": "write", "xref": 3454, "ts": 0, "blob": "{'filename': u'/data/data/com.oe.crazycorns/databases/webviewCache.db'}", "type": "SYSCALL", "id": 3551}, {"sysname": "write", "xref": 3454, "ts": 0, "blob": "{'filename': u'/data/data/com.oe.crazycorns/databases/webviewCache.db'}", "type": "SYSCALL", "id": 3553}, {"sysname": "write", "xref": 3454, "ts": 0, "blob": "{'filename': u'/data/data/com.oe.crazycorns/databases/webviewCache.db'}", "type": "SYSCALL", "id": 3653}, {"sysname": "write", "xref": 3454, "ts": 0, "blob": "{'filename': u'/data/data/com.oe.crazycorns/databases/webviewCache.db'}", "type": "SYSCALL", "id": 3657}, {"sysname": "write", "xref": 3454, "ts": 0, "blob": "{'filename': u'/data/data/com.oe.crazycorns/databases/webviewCache.db'}", "type": "SYSCALL", "id": 3855}, {"sysname": "write", "xref": 3454, "ts": 0, "blob": "{'filename': u'/data/data/com.oe.crazycorns/databases/webviewCache.db'}", "type": "SYSCALL", "id": 3857}, {"sysname": "write", "xref": 3454, "ts": 0, "blob": "{'filename': u'/data/data/com.oe.crazycorns/databases/webviewCache.db'}", "type": "SYSCALL", "id": 3859}, {"sysname": "write", "xref": 3454, "ts": 0, "blob": "{'filename': u'/data/data/com.oe.crazycorns/databases/webviewCache.db'}", "type": "SYSCALL", "id": 3867}, {"sysname": "write", "xref": 3454, "ts": 0, "blob": "{'filename': u'/data/data/com.oe.crazycorns/databases/webviewCache.db'}", "type": "SYSCALL", "id": 3869}, {"sysname": "write", "xref": 3454, "ts": 0, "blob": "{'filename': u'/data/data/com.oe.crazycorns/databases/webviewCache.db'}", "type": "SYSCALL", "id": 4375}, {"sysname": "write", "xref": 3454, "ts": 0, "blob": "{'filename': u'/data/data/com.oe.crazycorns/databases/webviewCache.db'}", "type": "SYSCALL", "id": 4377}, {"sysname": "write", "xref": 3454, "ts": 0, "blob": "{'filename': u'/data/data/com.oe.crazycorns/databases/webviewCache.db'}", "type": "SYSCALL", "id": 4379}, {"sysname": "write", "xref": 3454, "ts": 0, "blob": "{'filename': u'/data/data/com.oe.crazycorns/databases/webviewCache.db'}", "type": "SYSCALL", "id": 4381}, {"sysname": "write", "xref": 3454, "ts": 0, "blob": "{'filename': u'/data/data/com.oe.crazycorns/databases/webviewCache.db'}", "type": "SYSCALL", "id": 4480}, {"sysname": "write", "xref": 3454, "ts": 0, "blob": "{'filename': u'/data/data/com.oe.crazycorns/databases/webviewCache.db'}", "type": "SYSCALL", "id": 4482}, {"sysname": "write", "xref": 3454, "ts": 0, "blob": "{'filename': u'/data/data/com.oe.crazycorns/databases/webviewCache.db'}", "type": "SYSCALL", "id": 4486}, {"sysname": "write", "xref": 3454, "ts": 0, "blob": "{'filename': u'/data/data/com.oe.crazycorns/databases/webviewCache.db'}", "type": "SYSCALL", "id": 4488}]}, {"tid": 326, "procname": "Thread-10", "class": "ACCESS PERSONAL INFO", "subclass": "PHONE", "low": [{"method_name": "com.android.internal.telephony.IPhoneSubInfo.getDeviceId()()", "type": "BINDER", "id": 4449, "ts": 0}]}, {"tid": 318, "procname": "m.oe.crazycorns", "class": "FS ACCESS", "low": [{"sysname": "open", "blob": "{'flags': 131649, 'mode': 384, 'filename': u'/data/data/com.oe.crazycorns/shared_prefs/0.xml\\x00'}", "type": "SYSCALL", "id": 5659, "ts": 0}, {"sysname": "write", "xref": 5659, "ts": 0, "blob": "{'filename': u'/data/data/com.oe.crazycorns/shared_prefs/0.xml'}", "type": "SYSCALL", "id": 5687}]}, {"tid": 318, "procname": "m.oe.crazycorns", "class": "FS ACCESS", "low": [{"sysname": "open", "blob": "{'flags': 131649, 'mode': 384, 'filename': u'/data/data/com.oe.crazycorns/shared_prefs/0.xml\\x00'}", "type": "SYSCALL", "id": 5698, "ts": 0}, {"sysname": "write", "xref": 5698, "ts": 0, "blob": "{'filename': u'/data/data/com.oe.crazycorns/shared_prefs/0.xml'}", "type": "SYSCALL", "id": 5704}]}, {"tid": 326, "procname": "Thread-10", "class": "FS ACCESS", "low": [{"sysname": "open", "blob": "{'flags': 131649, 'mode': 384, 'filename': u'/data/data/com.oe.crazycorns/files/smartmad.uk\\x00'}", "type": "SYSCALL", "id": 5710, "ts": 0}, {"sysname": "write", "xref": 5710, "ts": 0, "blob": "{'filename': u'/data/data/com.oe.crazycorns/files/smartmad.uk'}", "type": "SYSCALL", "id": 5712}]}, {"tid": 318, "procname": "m.oe.crazycorns", "class": "FS ACCESS", "low": [{"sysname": "open", "blob": "{'flags': 131649, 'mode': 384, 'filename': u'/data/data/com.oe.crazycorns/shared_prefs/0.xml\\x00'}", "type": "SYSCALL", "id": 5717, "ts": 0}, {"sysname": "write", "xref": 5717, "ts": 0, "blob": "{'filename': u'/data/data/com.oe.crazycorns/shared_prefs/0.xml'}", "type": "SYSCALL", "id": 5725}]}, {"tid": 318, "procname": "m.oe.crazycorns", "class": "FS ACCESS", "low": [{"sysname": "open", "blob": "{'flags': 131649, 'mode': 384, 'filename': u'/data/data/com.oe.crazycorns/files/anservera.db\\x00'}", "type": "SYSCALL", "id": 5775, "ts": 0}, {"sysname": "write", "xref": 5775, "ts": 0, "blob": "{'filename': u'/data/data/com.oe.crazycorns/files/anservera.db'}", "type": "SYSCALL", "id": 5785}, {"sysname": "write", "xref": 5775, "ts": 0, "blob": "{'filename': u'/data/data/com.oe.crazycorns/files/anservera.db'}", "type": "SYSCALL", "id": 5786}, {"sysname": "write", "xref": 5775, "ts": 0, "blob": "{'filename': u'/data/data/com.oe.crazycorns/files/anservera.db'}", "type": "SYSCALL", "id": 5791}, {"sysname": "write", "xref": 5775, "ts": 0, "blob": "{'filename': u'/data/data/com.oe.crazycorns/files/anservera.db'}", "type": "SYSCALL", "id": 5792}, {"sysname": "write", "xref": 5775, "ts": 0, "blob": "{'filename': u'/data/data/com.oe.crazycorns/files/anservera.db'}", "type": "SYSCALL", "id": 5803}, {"sysname": "write", "xref": 5775, "ts": 0, "blob": "{'filename': u'/data/data/com.oe.crazycorns/files/anservera.db'}", "type": "SYSCALL", "id": 5804}, {"sysname": "write", "xref": 5775, "ts": 0, "blob": "{'filename': u'/data/data/com.oe.crazycorns/files/anservera.db'}", "type": "SYSCALL", "id": 5805}, {"sysname": "write", "xref": 5775, "ts": 0, "blob": "{'filename': u'/data/data/com.oe.crazycorns/files/anservera.db'}", "type": "SYSCALL", "id": 5806}, {"sysname": "write", "xref": 5775, "ts": 0, "blob": "{'filename': u'/data/data/com.oe.crazycorns/files/anservera.db'}", "type": "SYSCALL", "id": 5807}, {"sysname": "write", "xref": 5775, "ts": 0, "blob": "{'filename': u'/data/data/com.oe.crazycorns/files/anservera.db'}", "type": "SYSCALL", "id": 5814}, {"sysname": "write", "xref": 5775, "ts": 0, "blob": "{'filename': u'/data/data/com.oe.crazycorns/files/anservera.db'}", "type": "SYSCALL", "id": 5815}, {"sysname": "write", "xref": 5775, "ts": 0, "blob": "{'filename': u'/data/data/com.oe.crazycorns/files/anservera.db'}", "type": "SYSCALL", "id": 5816}, {"sysname": "write", "xref": 5775, "ts": 0, "blob": "{'filename': u'/data/data/com.oe.crazycorns/files/anservera.db'}", "type": "SYSCALL", "id": 5827}, {"sysname": "write", "xref": 5775, "ts": 0, "blob": "{'filename': u'/data/data/com.oe.crazycorns/files/anservera.db'}", "type": "SYSCALL", "id": 5833}, {"sysname": "write", "xref": 5775, "ts": 0, "blob": "{'filename': u'/data/data/com.oe.crazycorns/files/anservera.db'}", "type": "SYSCALL", "id": 5834}, {"sysname": "write", "xref": 5775, "ts": 0, "blob": "{'filename': u'/data/data/com.oe.crazycorns/files/anservera.db'}", "type": "SYSCALL", "id": 5837}, {"sysname": "write", "xref": 5775, "ts": 0, "blob": "{'filename': u'/data/data/com.oe.crazycorns/files/anservera.db'}", "type": "SYSCALL", "id": 5838}, {"sysname": "write", "xref": 5775, "ts": 0, "blob": "{'filename': u'/data/data/com.oe.crazycorns/files/anservera.db'}", "type": "SYSCALL", "id": 5843}, {"sysname": "write", "xref": 5775, "ts": 0, "blob": "{'filename': u'/data/data/com.oe.crazycorns/files/anservera.db'}", "type": "SYSCALL", "id": 5844}, {"sysname": "write", "xref": 5775, "ts": 0, "blob": "{'filename': u'/data/data/com.oe.crazycorns/files/anservera.db'}", "type": "SYSCALL", "id": 5849}, {"sysname": "write", "xref": 5775, "ts": 0, "blob": "{'filename': u'/data/data/com.oe.crazycorns/files/anservera.db'}", "type": "SYSCALL", "id": 5850}, {"sysname": "write", "xref": 5775, "ts": 0, "blob": "{'filename': u'/data/data/com.oe.crazycorns/files/anservera.db'}", "type": "SYSCALL", "id": 5857}, {"sysname": "write", "xref": 5775, "ts": 0, "blob": "{'filename': u'/data/data/com.oe.crazycorns/files/anservera.db'}", "type": "SYSCALL", "id": 5858}, {"sysname": "write", "xref": 5775, "ts": 0, "blob": "{'filename': u'/data/data/com.oe.crazycorns/files/anservera.db'}", "type": "SYSCALL", "id": 5863}, {"sysname": "write", "xref": 5775, "ts": 0, "blob": "{'filename': u'/data/data/com.oe.crazycorns/files/anservera.db'}", "type": "SYSCALL", "id": 5864}, {"sysname": "write", "xref": 5775, "ts": 0, "blob": "{'filename': u'/data/data/com.oe.crazycorns/files/anservera.db'}", "type": "SYSCALL", "id": 5871}, {"sysname": "write", "xref": 5775, "ts": 0, "blob": "{'filename': u'/data/data/com.oe.crazycorns/files/anservera.db'}", "type": "SYSCALL", "id": 5872}, {"sysname": "write", "xref": 5775, "ts": 0, "blob": "{'filename': u'/data/data/com.oe.crazycorns/files/anservera.db'}", "type": "SYSCALL", "id": 5873}, {"sysname": "write", "xref": 5775, "ts": 0, "blob": "{'filename': u'/data/data/com.oe.crazycorns/files/anservera.db'}", "type": "SYSCALL", "id": 5878}, {"sysname": "write", "xref": 5775, "ts": 0, "blob": "{'filename': u'/data/data/com.oe.crazycorns/files/anservera.db'}", "type": "SYSCALL", "id": 5879}, {"sysname": "write", "xref": 5775, "ts": 0, "blob": "{'filename': u'/data/data/com.oe.crazycorns/files/anservera.db'}", "type": "SYSCALL", "id": 5884}]}, {"tid": 77, "procname": "ActivityManager", "class": "ACCESS PERSONAL INFO", "subclass": "SMS", "low": [{"recv by": "com.oe.crazycorns", "intent": "android.provider.Telephony.SMS_RECEIVED", "type": "INTENT", "id": 5826, "ts": 0}]}, {"tid": 318, "procname": "m.oe.crazycorns", "class": "FS ACCESS", "low": [{"sysname": "open", "blob": "{'flags': 131649, 'mode': 384, 'filename': u'/data/data/com.oe.crazycorns/files/anserverb.db\\x00'}", "type": "SYSCALL", "id": 5923, "ts": 0}, {"sysname": "write", "xref": 5923, "ts": 0, "blob": "{'filename': u'/data/data/com.oe.crazycorns/files/anserverb.db'}", "type": "SYSCALL", "id": 5934}, {"sysname": "write", "xref": 5923, "ts": 0, "blob": "{'filename': u'/data/data/com.oe.crazycorns/files/anserverb.db'}", "type": "SYSCALL", "id": 5935}, {"sysname": "write", "xref": 5923, "ts": 0, "blob": "{'filename': u'/data/data/com.oe.crazycorns/files/anserverb.db'}", "type": "SYSCALL", "id": 5943}, {"sysname": "write", "xref": 5923, "ts": 0, "blob": "{'filename': u'/data/data/com.oe.crazycorns/files/anserverb.db'}", "type": "SYSCALL", "id": 5950}, {"sysname": "write", "xref": 5923, "ts": 0, "blob": "{'filename': u'/data/data/com.oe.crazycorns/files/anserverb.db'}", "type": "SYSCALL", "id": 5951}, {"sysname": "write", "xref": 5923, "ts": 0, "blob": "{'filename': u'/data/data/com.oe.crazycorns/files/anserverb.db'}", "type": "SYSCALL", "id": 5952}, {"sysname": "write", "xref": 5923, "ts": 0, "blob": "{'filename': u'/data/data/com.oe.crazycorns/files/anserverb.db'}", "type": "SYSCALL", "id": 5959}, {"sysname": "write", "xref": 5923, "ts": 0, "blob": "{'filename': u'/data/data/com.oe.crazycorns/files/anserverb.db'}", "type": "SYSCALL", "id": 5960}, {"sysname": "write", "xref": 5923, "ts": 0, "blob": "{'filename': u'/data/data/com.oe.crazycorns/files/anserverb.db'}", "type": "SYSCALL", "id": 5965}, {"sysname": "write", "xref": 5923, "ts": 0, "blob": "{'filename': u'/data/data/com.oe.crazycorns/files/anserverb.db'}", "type": "SYSCALL", "id": 5966}, {"sysname": "write", "xref": 5923, "ts": 0, "blob": "{'filename': u'/data/data/com.oe.crazycorns/files/anserverb.db'}", "type": "SYSCALL", "id": 5967}, {"sysname": "write", "xref": 5923, "ts": 0, "blob": "{'filename': u'/data/data/com.oe.crazycorns/files/anserverb.db'}", "type": "SYSCALL", "id": 5972}, {"sysname": "write", "xref": 5923, "ts": 0, "blob": "{'filename': u'/data/data/com.oe.crazycorns/files/anserverb.db'}", "type": "SYSCALL", "id": 5973}, {"sysname": "write", "xref": 5923, "ts": 0, "blob": "{'filename': u'/data/data/com.oe.crazycorns/files/anserverb.db'}", "type": "SYSCALL", "id": 5974}, {"sysname": "write", "xref": 5923, "ts": 0, "blob": "{'filename': u'/data/data/com.oe.crazycorns/files/anserverb.db'}", "type": "SYSCALL", "id": 5983}, {"sysname": "write", "xref": 5923, "ts": 0, "blob": "{'filename': u'/data/data/com.oe.crazycorns/files/anserverb.db'}", "type": "SYSCALL", "id": 5984}, {"sysname": "write", "xref": 5923, "ts": 0, "blob": "{'filename': u'/data/data/com.oe.crazycorns/files/anserverb.db'}", "type": "SYSCALL", "id": 5985}, {"sysname": "write", "xref": 5923, "ts": 0, "blob": "{'filename': u'/data/data/com.oe.crazycorns/files/anserverb.db'}", "type": "SYSCALL", "id": 5990}, {"sysname": "write", "xref": 5923, "ts": 0, "blob": "{'filename': u'/data/data/com.oe.crazycorns/files/anserverb.db'}", "type": "SYSCALL", "id": 5991}, {"sysname": "write", "xref": 5923, "ts": 0, "blob": "{'filename': u'/data/data/com.oe.crazycorns/files/anserverb.db'}", "type": "SYSCALL", "id": 5996}, {"sysname": "write", "xref": 5923, "ts": 0, "blob": "{'filename': u'/data/data/com.oe.crazycorns/files/anserverb.db'}", "type": "SYSCALL", "id": 5997}, {"sysname": "write", "xref": 5923, "ts": 0, "blob": "{'filename': u'/data/data/com.oe.crazycorns/files/anserverb.db'}", "type": "SYSCALL", "id": 5998}, {"sysname": "write", "xref": 5923, "ts": 0, "blob": "{'filename': u'/data/data/com.oe.crazycorns/files/anserverb.db'}", "type": "SYSCALL", "id": 6005}, {"sysname": "write", "xref": 5923, "ts": 0, "blob": "{'filename': u'/data/data/com.oe.crazycorns/files/anserverb.db'}", "type": "SYSCALL", "id": 6010}, {"sysname": "write", "xref": 5923, "ts": 0, "blob": "{'filename': u'/data/data/com.oe.crazycorns/files/anserverb.db'}", "type": "SYSCALL", "id": 6011}, {"sysname": "write", "xref": 5923, "ts": 0, "blob": "{'filename': u'/data/data/com.oe.crazycorns/files/anserverb.db'}", "type": "SYSCALL", "id": 6015}, {"sysname": "write", "xref": 5923, "ts": 0, "blob": "{'filename': u'/data/data/com.oe.crazycorns/files/anserverb.db'}", "type": "SYSCALL", "id": 6016}]}, {"tid": 318, "procname": "m.oe.crazycorns", "class": "FS ACCESS", "low": [{"sysname": "open", "blob": "{'flags': 131649, 'mode': 384, 'filename': u'/data/data/com.oe.crazycorns/shared_prefs/0.xml\\x00'}", "type": "SYSCALL", "id": 6037, "ts": 0}, {"sysname": "write", "xref": 6037, "ts": 0, "blob": "{'filename': u'/data/data/com.oe.crazycorns/shared_prefs/0.xml'}", "type": "SYSCALL", "id": 6065}]}, {"tid": 318, "procname": "m.oe.crazycorns", "class": "FS ACCESS", "low": [{"sysname": "open", "blob": "{'flags': 131649, 'mode': 384, 'filename': u'/data/data/com.oe.crazycorns/shared_prefs/0.xml\\x00'}", "type": "SYSCALL", "id": 6090, "ts": 0}, {"sysname": "write", "xref": 6090, "ts": 0, "blob": "{'filename': u'/data/data/com.oe.crazycorns/shared_prefs/0.xml'}", "type": "SYSCALL", "id": 6114}]}, {"tid": 155, "procname": "Binder Thread #", "class": "ACCESS PERSONAL INFO", "subclass": "SMS", "low": [{"recv by": "com.oe.crazycorns", "intent": "android.provider.Telephony.SMS_RECEIVED", "type": "INTENT", "id": 7015, "ts": 0}]}, {"tid": 353, "procname": "dexopt", "class": "FS ACCESS", "low": [{"sysname": "open", "blob": "{'flags': 131138, 'mode': 420, 'filename': u'/data/data/com.oe.crazycorns/files/anserverb.dex\\x00'}", "type": "SYSCALL", "id": 7714, "ts": 0}, {"sysname": "write", "xref": 7714, "ts": 0, "blob": "{'filename': u'/data/data/com.oe.crazycorns/files/anserverb.dex'}", "type": "SYSCALL", "id": 7718}, {"sysname": "write", "xref": 7714, "ts": 0, "blob": "{'filename': u'/data/data/com.oe.crazycorns/files/anserverb.dex'}", "type": "SYSCALL", "id": 7732}, {"sysname": "write", "xref": 7714, "ts": 0, "blob": "{'filename': u'/data/data/com.oe.crazycorns/files/anserverb.dex'}", "type": "SYSCALL", "id": 7737}, {"sysname": "write", "xref": 7714, "ts": 0, "blob": "{'filename': u'/data/data/com.oe.crazycorns/files/anserverb.dex'}", "type": "SYSCALL", "id": 8553}, {"sysname": "write", "xref": 7714, "ts": 0, "blob": "{'filename': u'/data/data/com.oe.crazycorns/files/anserverb.dex'}", "type": "SYSCALL", "id": 8556}, {"sysname": "write", "xref": 7714, "ts": 0, "blob": "{'filename': u'/data/data/com.oe.crazycorns/files/anserverb.dex'}", "type": "SYSCALL", "id": 8557}, {"sysname": "write", "xref": 7714, "ts": 0, "blob": "{'filename': u'/data/data/com.oe.crazycorns/files/anserverb.dex'}", "type": "SYSCALL", "id": 8558}, {"sysname": "write", "xref": 7714, "ts": 0, "blob": "{'filename': u'/data/data/com.oe.crazycorns/files/anserverb.dex'}", "type": "SYSCALL", "id": 8563}]}, {"tid": 353, "procname": "m.oe.crazycorns", "class": "EXECUTE", "low": [{"sysname": "execve", "blob": {"executed_file": "/system/bin/dexopt", "args": "[]", "retval": 0}, "type": "SYSCALL", "id": 7769, "ts": 0}]}, {"tid": 318, "procname": "m.oe.crazycorns", "class": "FS ACCESS", "low": [{"sysname": "open", "blob": "{'flags': 131649, 'mode': 384, 'filename': u'/data/data/com.oe.crazycorns/shared_prefs/0.xml\\x00'}", "type": "SYSCALL", "id": 8599, "ts": 0}, {"sysname": "write", "xref": 8599, "ts": 0, "blob": "{'filename': u'/data/data/com.oe.crazycorns/shared_prefs/0.xml'}", "type": "SYSCALL", "id": 8600}]}, {"tid": 318, "procname": "m.oe.crazycorns", "class": "FS ACCESS", "low": [{"sysname": "open", "blob": "{'flags': 131649, 'mode': 384, 'filename': u'/data/data/com.oe.crazycorns/shared_prefs/0.xml\\x00'}", "type": "SYSCALL", "id": 8609, "ts": 0}, {"sysname": "write", "xref": 8609, "ts": 0, "blob": "{'filename': u'/data/data/com.oe.crazycorns/shared_prefs/0.xml'}", "type": "SYSCALL", "id": 8610}]}, {"tid": 318, "procname": "m.oe.crazycorns", "class": "FS ACCESS", "low": [{"sysname": "open", "blob": "{'flags': 131649, 'mode': 384, 'filename': u'/data/data/com.oe.crazycorns/shared_prefs/11.xml\\x00'}", "type": "SYSCALL", "id": 8617, "ts": 0}, {"sysname": "write", "xref": 8617, "ts": 0, "blob": "{'filename': u'/data/data/com.oe.crazycorns/shared_prefs/11.xml'}", "type": "SYSCALL", "id": 8618}]}, {"tid": 355, "procname": "Thread-20", "class": "ACCESS PERSONAL INFO", "subclass": "PHONE", "low": [{"method_name": "com.android.internal.telephony.IPhoneSubInfo.getSubscriberId()()", "type": "BINDER", "id": 8705, "ts": 0}]}, {"tid": 355, "procname": "Thread-20", "class": "ACCESS PERSONAL INFO", "subclass": "PHONE", "low": [{"method_name": "com.android.internal.telephony.IPhoneSubInfo.getDeviceId()()", "type": "BINDER", "id": 8771, "ts": 0}]}, {"tid": 355, "procname": "Thread-20", "class": "FS ACCESS", "low": [{"sysname": "open", "blob": "{'flags': 131649, 'mode': 384, 'filename': u'/data/data/com.oe.crazycorns/shared_prefs/0.xml\\x00'}", "type": "SYSCALL", "id": 8799, "ts": 0}, {"sysname": "write", "xref": 8799, "ts": 0, "blob": "{'filename': u'/data/data/com.oe.crazycorns/shared_prefs/0.xml'}", "type": "SYSCALL", "id": 8911}]}, {"tid": 355, "procname": "Thread-20", "class": "NETWORK ACCESS", "subclass": "DNS", "low": [{"sysname": "connect", "blob": "{'host': '10.0.2.3', 'retval': 0, 'port': 53}", "type": "SYSCALL", "id": 9641, "ts": 0}, {"sysname": "sendto", "xref": 9641, "ts": 0, "blob": "{'query_data': 'b4.cookier.co.cc. 1 1'}", "type": "SYSCALL", "id": 9642}]}, {"tid": 355, "procname": "Thread-20", "class": "NETWORK ACCESS", "low": [{"sysname": "connect", "blob": "{'host': '::ffff:10.10.10.10', 'retval': -115, 'port': 8080}", "type": "SYSCALL", "id": 9663, "ts": 0}]}, {"tid": 355, "procname": "Thread-20", "class": "FS ACCESS", "low": [{"sysname": "open", "blob": "{'flags': 131649, 'mode': 384, 'filename': u'/data/data/com.oe.crazycorns/shared_prefs/11.xml\\x00'}", "type": "SYSCALL", "id": 10839, "ts": 0}, {"sysname": "write", "xref": 10839, "ts": 0, "blob": "{'filename': u'/data/data/com.oe.crazycorns/shared_prefs/11.xml'}", "type": "SYSCALL", "id": 10904}]}, {"tid": 356, "procname": "Thread-21", "class": "ACCESS PERSONAL INFO", "subclass": "PHONE", "low": [{"method_name": "com.android.internal.telephony.IPhoneSubInfo.getDeviceId()()", "type": "BINDER", "id": 10844, "ts": 0}]}, {"tid": 355, "procname": "Thread-20", "class": "FS ACCESS", "low": [{"sysname": "open", "blob": "{'flags': 131649, 'mode': 384, 'filename': u'/data/data/com.oe.crazycorns/shared_prefs/11.xml\\x00'}", "type": "SYSCALL", "id": 10981, "ts": 0}, {"sysname": "write", "xref": 10981, "ts": 0, "blob": "{'filename': u'/data/data/com.oe.crazycorns/shared_prefs/11.xml'}", "type": "SYSCALL", "id": 11011}]}]}}, "userid": "joystick", "country": "UNAVAILABLE", "date_end": "N/A", "date_start": "N/A", "date_submitted": "2012-11-19 17:36:16", "static": "/copperdroid/reports//AnserverBot_genome_stimulated/afc13f6565caa7d1b482f73652c5df927b473bdc.apk.log", "submitter_ip": "127.0.0.1", "pcap": "/copperdroid/reports//AnserverBot_genome_stimulated/afc13f6565caa7d1b482f73652c5df927b473bdc.apk.pcap", "md5": "9dfce5376b66c47c9777ef11b97fa30b"}