{"behaviors": {"static": {}, "dynamic": {"host": [{"tid": 318, "procname": ".archos_Archos5", "class": "FS ACCESS", "low": [{"sysname": "open", "blob": "{'flags': 131649, 'mode': 384, 'filename': u'/data/data/com.tf.thinkdroid.archos_Archos5/shared_prefs/0.xml\\x00'}", "type": "SYSCALL", "id": 2763, "ts": 0}, {"sysname": "write", "xref": 2763, "ts": 0, "blob": "{'filename': u'/data/data/com.tf.thinkdroid.archos_Archos5/shared_prefs/0.xml'}", "type": "SYSCALL", "id": 2769}]}, {"tid": 318, "procname": ".archos_Archos5", "class": "FS ACCESS", "low": [{"sysname": "open", "blob": "{'flags': 131649, 'mode': 384, 'filename': u'/data/data/com.tf.thinkdroid.archos_Archos5/shared_prefs/0.xml\\x00'}", "type": "SYSCALL", "id": 2777, "ts": 0}, {"sysname": "write", "xref": 2777, "ts": 0, "blob": "{'filename': u'/data/data/com.tf.thinkdroid.archos_Archos5/shared_prefs/0.xml'}", "type": "SYSCALL", "id": 2778}]}, {"tid": 318, "procname": ".archos_Archos5", "class": "FS ACCESS", "low": [{"sysname": "open", "blob": "{'flags': 131649, 'mode': 384, 'filename': u'/data/data/com.tf.thinkdroid.archos_Archos5/shared_prefs/0.xml\\x00'}", "type": "SYSCALL", "id": 2787, "ts": 0}, {"sysname": "write", "xref": 2787, "ts": 0, "blob": "{'filename': u'/data/data/com.tf.thinkdroid.archos_Archos5/shared_prefs/0.xml'}", "type": "SYSCALL", "id": 2789}]}, {"tid": 318, "procname": ".archos_Archos5", "class": "FS ACCESS", "low": [{"sysname": "open", "blob": "{'flags': 131649, 'mode': 384, 'filename': u'/data/data/com.tf.thinkdroid.archos_Archos5/files/anservera.db\\x00'}", "type": "SYSCALL", "id": 2801, "ts": 0}, {"sysname": "write", "xref": 2801, "ts": 0, "blob": "{'filename': u'/data/data/com.tf.thinkdroid.archos_Archos5/files/anservera.db'}", "type": "SYSCALL", "id": 2805}, {"sysname": "write", "xref": 2801, "ts": 0, "blob": "{'filename': u'/data/data/com.tf.thinkdroid.archos_Archos5/files/anservera.db'}", "type": "SYSCALL", "id": 2806}, {"sysname": "write", "xref": 2801, "ts": 0, "blob": "{'filename': u'/data/data/com.tf.thinkdroid.archos_Archos5/files/anservera.db'}", "type": "SYSCALL", "id": 2807}, {"sysname": "write", "xref": 2801, "ts": 0, "blob": "{'filename': u'/data/data/com.tf.thinkdroid.archos_Archos5/files/anservera.db'}", "type": "SYSCALL", "id": 2808}, {"sysname": "write", "xref": 2801, "ts": 0, "blob": "{'filename': u'/data/data/com.tf.thinkdroid.archos_Archos5/files/anservera.db'}", "type": "SYSCALL", "id": 2809}, {"sysname": "write", "xref": 2801, "ts": 0, "blob": "{'filename': u'/data/data/com.tf.thinkdroid.archos_Archos5/files/anservera.db'}", "type": "SYSCALL", "id": 2810}, {"sysname": "write", "xref": 2801, "ts": 0, "blob": "{'filename': u'/data/data/com.tf.thinkdroid.archos_Archos5/files/anservera.db'}", "type": "SYSCALL", "id": 2811}, {"sysname": "write", "xref": 2801, "ts": 0, "blob": "{'filename': u'/data/data/com.tf.thinkdroid.archos_Archos5/files/anservera.db'}", "type": "SYSCALL", "id": 2812}, {"sysname": "write", "xref": 2801, "ts": 0, "blob": "{'filename': u'/data/data/com.tf.thinkdroid.archos_Archos5/files/anservera.db'}", "type": "SYSCALL", "id": 2813}, {"sysname": "write", "xref": 2801, "ts": 0, "blob": "{'filename': u'/data/data/com.tf.thinkdroid.archos_Archos5/files/anservera.db'}", "type": "SYSCALL", "id": 2814}, {"sysname": "write", "xref": 2801, "ts": 0, "blob": "{'filename': u'/data/data/com.tf.thinkdroid.archos_Archos5/files/anservera.db'}", "type": "SYSCALL", "id": 2815}, {"sysname": "write", "xref": 2801, "ts": 0, "blob": "{'filename': u'/data/data/com.tf.thinkdroid.archos_Archos5/files/anservera.db'}", "type": "SYSCALL", "id": 2816}, {"sysname": "write", "xref": 2801, "ts": 0, "blob": "{'filename': u'/data/data/com.tf.thinkdroid.archos_Archos5/files/anservera.db'}", "type": "SYSCALL", "id": 2817}, {"sysname": "write", "xref": 2801, "ts": 0, "blob": "{'filename': u'/data/data/com.tf.thinkdroid.archos_Archos5/files/anservera.db'}", "type": "SYSCALL", "id": 2818}, {"sysname": "write", "xref": 2801, "ts": 0, "blob": "{'filename': u'/data/data/com.tf.thinkdroid.archos_Archos5/files/anservera.db'}", "type": "SYSCALL", "id": 2819}, {"sysname": "write", "xref": 2801, "ts": 0, "blob": "{'filename': u'/data/data/com.tf.thinkdroid.archos_Archos5/files/anservera.db'}", "type": "SYSCALL", "id": 2820}, {"sysname": "write", "xref": 2801, "ts": 0, "blob": "{'filename': u'/data/data/com.tf.thinkdroid.archos_Archos5/files/anservera.db'}", "type": "SYSCALL", "id": 2821}, {"sysname": "write", "xref": 2801, "ts": 0, "blob": "{'filename': u'/data/data/com.tf.thinkdroid.archos_Archos5/files/anservera.db'}", "type": "SYSCALL", "id": 2822}, {"sysname": "write", "xref": 2801, "ts": 0, "blob": "{'filename': u'/data/data/com.tf.thinkdroid.archos_Archos5/files/anservera.db'}", "type": "SYSCALL", "id": 2823}, {"sysname": "write", "xref": 2801, "ts": 0, "blob": "{'filename': u'/data/data/com.tf.thinkdroid.archos_Archos5/files/anservera.db'}", "type": "SYSCALL", "id": 2824}, {"sysname": "write", "xref": 2801, "ts": 0, "blob": "{'filename': u'/data/data/com.tf.thinkdroid.archos_Archos5/files/anservera.db'}", "type": "SYSCALL", "id": 2825}, {"sysname": "write", "xref": 2801, "ts": 0, "blob": "{'filename': u'/data/data/com.tf.thinkdroid.archos_Archos5/files/anservera.db'}", "type": "SYSCALL", "id": 2826}, {"sysname": "write", "xref": 2801, "ts": 0, "blob": "{'filename': u'/data/data/com.tf.thinkdroid.archos_Archos5/files/anservera.db'}", "type": "SYSCALL", "id": 2827}, {"sysname": "write", "xref": 2801, "ts": 0, "blob": "{'filename': u'/data/data/com.tf.thinkdroid.archos_Archos5/files/anservera.db'}", "type": "SYSCALL", "id": 2828}, {"sysname": "write", "xref": 2801, "ts": 0, "blob": "{'filename': u'/data/data/com.tf.thinkdroid.archos_Archos5/files/anservera.db'}", "type": "SYSCALL", "id": 2829}, {"sysname": "write", "xref": 2801, "ts": 0, "blob": "{'filename': u'/data/data/com.tf.thinkdroid.archos_Archos5/files/anservera.db'}", "type": "SYSCALL", "id": 2830}, {"sysname": "write", "xref": 2801, "ts": 0, "blob": "{'filename': u'/data/data/com.tf.thinkdroid.archos_Archos5/files/anservera.db'}", "type": "SYSCALL", "id": 2831}, {"sysname": "write", "xref": 2801, "ts": 0, "blob": "{'filename': u'/data/data/com.tf.thinkdroid.archos_Archos5/files/anservera.db'}", "type": "SYSCALL", "id": 2832}, {"sysname": "write", "xref": 2801, "ts": 0, "blob": "{'filename': u'/data/data/com.tf.thinkdroid.archos_Archos5/files/anservera.db'}", "type": "SYSCALL", "id": 2833}, {"sysname": "write", "xref": 2801, "ts": 0, "blob": "{'filename': u'/data/data/com.tf.thinkdroid.archos_Archos5/files/anservera.db'}", "type": "SYSCALL", "id": 2834}, {"sysname": "write", "xref": 2801, "ts": 0, "blob": "{'filename': u'/data/data/com.tf.thinkdroid.archos_Archos5/files/anservera.db'}", "type": "SYSCALL", "id": 2835}]}, {"tid": 318, "procname": ".archos_Archos5", "class": "FS ACCESS", "low": [{"sysname": "open", "blob": "{'flags': 131649, 'mode': 384, 'filename': u'/data/data/com.tf.thinkdroid.archos_Archos5/files/anserverb.db\\x00'}", "type": "SYSCALL", "id": 2841, "ts": 0}, {"sysname": "write", "xref": 2841, "ts": 0, "blob": "{'filename': u'/data/data/com.tf.thinkdroid.archos_Archos5/files/anserverb.db'}", "type": "SYSCALL", "id": 2843}, {"sysname": "write", "xref": 2841, "ts": 0, "blob": "{'filename': u'/data/data/com.tf.thinkdroid.archos_Archos5/files/anserverb.db'}", "type": "SYSCALL", "id": 2844}, {"sysname": "write", "xref": 2841, "ts": 0, "blob": "{'filename': u'/data/data/com.tf.thinkdroid.archos_Archos5/files/anserverb.db'}", "type": "SYSCALL", "id": 2845}, {"sysname": "write", "xref": 2841, "ts": 0, "blob": "{'filename': u'/data/data/com.tf.thinkdroid.archos_Archos5/files/anserverb.db'}", "type": "SYSCALL", "id": 2846}, {"sysname": "write", "xref": 2841, "ts": 0, "blob": "{'filename': u'/data/data/com.tf.thinkdroid.archos_Archos5/files/anserverb.db'}", "type": "SYSCALL", "id": 2847}, {"sysname": "write", "xref": 2841, "ts": 0, "blob": "{'filename': u'/data/data/com.tf.thinkdroid.archos_Archos5/files/anserverb.db'}", "type": "SYSCALL", "id": 2848}, {"sysname": "write", "xref": 2841, "ts": 0, "blob": "{'filename': u'/data/data/com.tf.thinkdroid.archos_Archos5/files/anserverb.db'}", "type": "SYSCALL", "id": 2849}, {"sysname": "write", "xref": 2841, "ts": 0, "blob": "{'filename': u'/data/data/com.tf.thinkdroid.archos_Archos5/files/anserverb.db'}", "type": "SYSCALL", "id": 2850}, {"sysname": "write", "xref": 2841, "ts": 0, "blob": "{'filename': u'/data/data/com.tf.thinkdroid.archos_Archos5/files/anserverb.db'}", "type": "SYSCALL", "id": 2851}, {"sysname": "write", "xref": 2841, "ts": 0, "blob": "{'filename': u'/data/data/com.tf.thinkdroid.archos_Archos5/files/anserverb.db'}", "type": "SYSCALL", "id": 2852}, {"sysname": "write", "xref": 2841, "ts": 0, "blob": "{'filename': u'/data/data/com.tf.thinkdroid.archos_Archos5/files/anserverb.db'}", "type": "SYSCALL", "id": 2853}, {"sysname": "write", "xref": 2841, "ts": 0, "blob": "{'filename': u'/data/data/com.tf.thinkdroid.archos_Archos5/files/anserverb.db'}", "type": "SYSCALL", "id": 2854}, {"sysname": "write", "xref": 2841, "ts": 0, "blob": "{'filename': u'/data/data/com.tf.thinkdroid.archos_Archos5/files/anserverb.db'}", "type": "SYSCALL", "id": 2855}, {"sysname": "write", "xref": 2841, "ts": 0, "blob": "{'filename': u'/data/data/com.tf.thinkdroid.archos_Archos5/files/anserverb.db'}", "type": "SYSCALL", "id": 2856}, {"sysname": "write", "xref": 2841, "ts": 0, "blob": "{'filename': u'/data/data/com.tf.thinkdroid.archos_Archos5/files/anserverb.db'}", "type": "SYSCALL", "id": 2857}, {"sysname": "write", "xref": 2841, "ts": 0, "blob": "{'filename': u'/data/data/com.tf.thinkdroid.archos_Archos5/files/anserverb.db'}", "type": "SYSCALL", "id": 2858}, {"sysname": "write", "xref": 2841, "ts": 0, "blob": "{'filename': u'/data/data/com.tf.thinkdroid.archos_Archos5/files/anserverb.db'}", "type": "SYSCALL", "id": 2859}, {"sysname": "write", "xref": 2841, "ts": 0, "blob": "{'filename': u'/data/data/com.tf.thinkdroid.archos_Archos5/files/anserverb.db'}", "type": "SYSCALL", "id": 2860}, {"sysname": "write", "xref": 2841, "ts": 0, "blob": "{'filename': u'/data/data/com.tf.thinkdroid.archos_Archos5/files/anserverb.db'}", "type": "SYSCALL", "id": 2861}, {"sysname": "write", "xref": 2841, "ts": 0, "blob": "{'filename': u'/data/data/com.tf.thinkdroid.archos_Archos5/files/anserverb.db'}", "type": "SYSCALL", "id": 2862}, {"sysname": "write", "xref": 2841, "ts": 0, "blob": "{'filename': u'/data/data/com.tf.thinkdroid.archos_Archos5/files/anserverb.db'}", "type": "SYSCALL", "id": 2863}, {"sysname": "write", "xref": 2841, "ts": 0, "blob": "{'filename': u'/data/data/com.tf.thinkdroid.archos_Archos5/files/anserverb.db'}", "type": "SYSCALL", "id": 2864}, {"sysname": "write", "xref": 2841, "ts": 0, "blob": "{'filename': u'/data/data/com.tf.thinkdroid.archos_Archos5/files/anserverb.db'}", "type": "SYSCALL", "id": 2865}, {"sysname": "write", "xref": 2841, "ts": 0, "blob": "{'filename': u'/data/data/com.tf.thinkdroid.archos_Archos5/files/anserverb.db'}", "type": "SYSCALL", "id": 2866}, {"sysname": "write", "xref": 2841, "ts": 0, "blob": "{'filename': u'/data/data/com.tf.thinkdroid.archos_Archos5/files/anserverb.db'}", "type": "SYSCALL", "id": 2867}, {"sysname": "write", "xref": 2841, "ts": 0, "blob": "{'filename': u'/data/data/com.tf.thinkdroid.archos_Archos5/files/anserverb.db'}", "type": "SYSCALL", "id": 2868}, {"sysname": "write", "xref": 2841, "ts": 0, "blob": "{'filename': u'/data/data/com.tf.thinkdroid.archos_Archos5/files/anserverb.db'}", "type": "SYSCALL", "id": 2869}]}, {"tid": 318, "procname": ".archos_Archos5", "class": "FS ACCESS", "low": [{"sysname": "open", "blob": "{'flags': 131649, 'mode': 384, 'filename': u'/data/data/com.tf.thinkdroid.archos_Archos5/shared_prefs/0.xml\\x00'}", "type": "SYSCALL", "id": 2875, "ts": 0}, {"sysname": "write", "xref": 2875, "ts": 0, "blob": "{'filename': u'/data/data/com.tf.thinkdroid.archos_Archos5/shared_prefs/0.xml'}", "type": "SYSCALL", "id": 2876}]}, {"tid": 318, "procname": ".archos_Archos5", "class": "FS ACCESS", "low": [{"sysname": "open", "blob": "{'flags': 131649, 'mode': 384, 'filename': u'/data/data/com.tf.thinkdroid.archos_Archos5/shared_prefs/0.xml\\x00'}", "type": "SYSCALL", "id": 2885, "ts": 0}, {"sysname": "write", "xref": 2885, "ts": 0, "blob": "{'filename': u'/data/data/com.tf.thinkdroid.archos_Archos5/shared_prefs/0.xml'}", "type": "SYSCALL", "id": 2886}]}, {"tid": 324, "procname": "dexopt", "class": "FS ACCESS", "low": [{"sysname": "open", "blob": "{'flags': 131138, 'mode': 420, 'filename': u'/data/data/com.tf.thinkdroid.archos_Archos5/files/anserverb.dex\\x00'}", "type": "SYSCALL", "id": 3313, "ts": 0}, {"sysname": "write", "xref": 3313, "ts": 0, "blob": "{'filename': u'/data/data/com.tf.thinkdroid.archos_Archos5/files/anserverb.dex'}", "type": "SYSCALL", "id": 3317}, {"sysname": "write", "xref": 3313, "ts": 0, "blob": "{'filename': u'/data/data/com.tf.thinkdroid.archos_Archos5/files/anserverb.dex'}", "type": "SYSCALL", "id": 3322}, {"sysname": "write", "xref": 3313, "ts": 0, "blob": "{'filename': u'/data/data/com.tf.thinkdroid.archos_Archos5/files/anserverb.dex'}", "type": "SYSCALL", "id": 3323}, {"sysname": "write", "xref": 3313, "ts": 0, "blob": "{'filename': u'/data/data/com.tf.thinkdroid.archos_Archos5/files/anserverb.dex'}", "type": "SYSCALL", "id": 3904}, {"sysname": "write", "xref": 3313, "ts": 0, "blob": "{'filename': u'/data/data/com.tf.thinkdroid.archos_Archos5/files/anserverb.dex'}", "type": "SYSCALL", "id": 3907}, {"sysname": "write", "xref": 3313, "ts": 0, "blob": "{'filename': u'/data/data/com.tf.thinkdroid.archos_Archos5/files/anserverb.dex'}", "type": "SYSCALL", "id": 3908}, {"sysname": "write", "xref": 3313, "ts": 0, "blob": "{'filename': u'/data/data/com.tf.thinkdroid.archos_Archos5/files/anserverb.dex'}", "type": "SYSCALL", "id": 3909}, {"sysname": "write", "xref": 3313, "ts": 0, "blob": "{'filename': u'/data/data/com.tf.thinkdroid.archos_Archos5/files/anserverb.dex'}", "type": "SYSCALL", "id": 3914}]}, {"tid": 324, "procname": ".archos_Archos5", "class": "EXECUTE", "low": [{"sysname": "execve", "blob": {"executed_file": "/system/bin/dexopt", "args": "[]", "retval": 0}, "type": "SYSCALL", "id": 3335, "ts": 0}]}, {"tid": 318, "procname": ".archos_Archos5", "class": "FS ACCESS", "low": [{"sysname": "open", "blob": "{'flags': 131649, 'mode': 384, 'filename': u'/data/data/com.tf.thinkdroid.archos_Archos5/shared_prefs/0.xml\\x00'}", "type": "SYSCALL", "id": 3950, "ts": 0}, {"sysname": "write", "xref": 3950, "ts": 0, "blob": "{'filename': u'/data/data/com.tf.thinkdroid.archos_Archos5/shared_prefs/0.xml'}", "type": "SYSCALL", "id": 3953}]}, {"tid": 318, "procname": ".archos_Archos5", "class": "FS ACCESS", "low": [{"sysname": "open", "blob": "{'flags': 131649, 'mode': 384, 'filename': u'/data/data/com.tf.thinkdroid.archos_Archos5/shared_prefs/0.xml\\x00'}", "type": "SYSCALL", "id": 3962, "ts": 0}, {"sysname": "write", "xref": 3962, "ts": 0, "blob": "{'filename': u'/data/data/com.tf.thinkdroid.archos_Archos5/shared_prefs/0.xml'}", "type": "SYSCALL", "id": 3963}]}, {"tid": 318, "procname": ".archos_Archos5", "class": "FS ACCESS", "low": [{"sysname": "open", "blob": "{'flags': 131649, 'mode': 384, 'filename': u'/data/data/com.tf.thinkdroid.archos_Archos5/shared_prefs/11.xml\\x00'}", "type": "SYSCALL", "id": 3970, "ts": 0}, {"sysname": "write", "xref": 3970, "ts": 0, "blob": "{'filename': u'/data/data/com.tf.thinkdroid.archos_Archos5/shared_prefs/11.xml'}", "type": "SYSCALL", "id": 3973}]}, {"tid": 326, "procname": "Thread-9", "class": "ACCESS PERSONAL INFO", "subclass": "PHONE", "low": [{"method_name": "com.android.internal.telephony.IPhoneSubInfo.getSubscriberId()()", "type": "BINDER", "id": 4524, "ts": 0}]}, {"tid": 326, "procname": "Thread-9", "class": "ACCESS PERSONAL INFO", "subclass": "PHONE", "low": [{"method_name": "com.android.internal.telephony.IPhoneSubInfo.getDeviceId()()", "type": "BINDER", "id": 4571, "ts": 0}]}, {"tid": 326, "procname": "Thread-9", "class": "FS ACCESS", "low": [{"sysname": "open", "blob": "{'flags': 131649, 'mode': 384, 'filename': u'/data/data/com.tf.thinkdroid.archos_Archos5/shared_prefs/0.xml\\x00'}", "type": "SYSCALL", "id": 4645, "ts": 0}, {"sysname": "write", "xref": 4645, "ts": 0, "blob": "{'filename': u'/data/data/com.tf.thinkdroid.archos_Archos5/shared_prefs/0.xml'}", "type": "SYSCALL", "id": 4660}]}, {"tid": 326, "procname": "Thread-9", "class": "NETWORK ACCESS", "subclass": "DNS", "low": [{"sysname": "connect", "blob": "{'host': '10.0.2.3', 'retval': 0, 'port': 53}", "type": "SYSCALL", "id": 5160, "ts": 0}, {"sysname": "sendto", "xref": 5160, "ts": 0, "blob": "{'query_data': 'b4.cookier.co.cc. 1 1'}", "type": "SYSCALL", "id": 5161}]}, {"tid": 326, "procname": "Thread-9", "class": "NETWORK ACCESS", "low": [{"sysname": "connect", "blob": "{'host': '::ffff:10.10.10.10', 'retval': -115, 'port': 8080}", "type": "SYSCALL", "id": 5181, "ts": 0}]}, {"tid": 77, "procname": "ActivityManager", "class": "ACCESS PERSONAL INFO", "subclass": "SMS", "low": [{"recv by": "com.tf.thinkdroid.archos_Archos5", "intent": "android.provider.Telephony.SMS_RECEIVED", "type": "INTENT", "id": 5193, "ts": 0}]}, {"tid": 132, "procname": "Binder Thread #", "class": "ACCESS PERSONAL INFO", "subclass": "SMS", "low": [{"recv by": "com.tf.thinkdroid.archos_Archos5", "intent": "android.provider.Telephony.SMS_RECEIVED", "type": "INTENT", "id": 5813, "ts": 0}]}, {"tid": 326, "procname": "Thread-9", "class": "FS ACCESS", "low": [{"sysname": "open", "blob": "{'flags': 131649, 'mode': 384, 'filename': u'/data/data/com.tf.thinkdroid.archos_Archos5/shared_prefs/11.xml\\x00'}", "type": "SYSCALL", "id": 5859, "ts": 0}, {"sysname": "write", "xref": 5859, "ts": 0, "blob": "{'filename': u'/data/data/com.tf.thinkdroid.archos_Archos5/shared_prefs/11.xml'}", "type": "SYSCALL", "id": 5866}]}, {"tid": 326, "procname": "Thread-9", "class": "FS ACCESS", "low": [{"sysname": "open", "blob": "{'flags': 131649, 'mode': 384, 'filename': u'/data/data/com.tf.thinkdroid.archos_Archos5/shared_prefs/11.xml\\x00'}", "type": "SYSCALL", "id": 5883, "ts": 0}, {"sysname": "write", "xref": 5883, "ts": 0, "blob": "{'filename': u'/data/data/com.tf.thinkdroid.archos_Archos5/shared_prefs/11.xml'}", "type": "SYSCALL", "id": 5896}]}, {"tid": 326, "procname": "Thread-9", "class": "FS ACCESS", "low": [{"sysname": "open", "blob": "{'flags': 131649, 'mode': 384, 'filename': u'/data/data/com.tf.thinkdroid.archos_Archos5/shared_prefs/11.xml\\x00'}", "type": "SYSCALL", "id": 5916, "ts": 0}, {"sysname": "write", "xref": 5916, "ts": 0, "blob": "{'filename': u'/data/data/com.tf.thinkdroid.archos_Archos5/shared_prefs/11.xml'}", "type": "SYSCALL", "id": 5929}]}, {"tid": 331, "procname": "Thread-12", "class": "NETWORK ACCESS", "low": [{"sysname": "connect", "blob": "{'host': '::ffff:10.10.10.10', 'retval': -115, 'port': 8080}", "type": "SYSCALL", "id": 6567, "ts": 0}]}, {"tid": 332, "procname": "dexopt", "class": "FS ACCESS", "low": [{"sysname": "open", "blob": "{'flags': 131138, 'mode': 420, 'filename': u'/data/data/com.tf.thinkdroid.archos_Archos5/files/com.tf.thinkdroid.archos_Archos5-1.dex\\x00'}", "type": "SYSCALL", "id": 7243, "ts": 0}, {"sysname": "write", "xref": 7243, "ts": 0, "blob": "{'filename': u'/data/data/com.tf.thinkdroid.archos_Archos5/files/com.tf.thinkdroid.archos_Archos5-1.dex'}", "type": "SYSCALL", "id": 7247}, {"sysname": "write", "xref": 7243, "ts": 0, "blob": "{'filename': u'/data/data/com.tf.thinkdroid.archos_Archos5/files/com.tf.thinkdroid.archos_Archos5-1.dex'}", "type": "SYSCALL", "id": 7254}, {"sysname": "write", "xref": 7243, "ts": 0, "blob": "{'filename': u'/data/data/com.tf.thinkdroid.archos_Archos5/files/com.tf.thinkdroid.archos_Archos5-1.dex'}", "type": "SYSCALL", "id": 7255}, {"sysname": "write", "xref": 7243, "ts": 0, "blob": "{'filename': u'/data/data/com.tf.thinkdroid.archos_Archos5/files/com.tf.thinkdroid.archos_Archos5-1.dex'}", "type": "SYSCALL", "id": 7258}, {"sysname": "write", "xref": 7243, "ts": 0, "blob": "{'filename': u'/data/data/com.tf.thinkdroid.archos_Archos5/files/com.tf.thinkdroid.archos_Archos5-1.dex'}", "type": "SYSCALL", "id": 7259}, {"sysname": "write", "xref": 7243, "ts": 0, "blob": "{'filename': u'/data/data/com.tf.thinkdroid.archos_Archos5/files/com.tf.thinkdroid.archos_Archos5-1.dex'}", "type": "SYSCALL", "id": 7260}, {"sysname": "write", "xref": 7243, "ts": 0, "blob": "{'filename': u'/data/data/com.tf.thinkdroid.archos_Archos5/files/com.tf.thinkdroid.archos_Archos5-1.dex'}", "type": "SYSCALL", "id": 7261}, {"sysname": "write", "xref": 7243, "ts": 0, "blob": "{'filename': u'/data/data/com.tf.thinkdroid.archos_Archos5/files/com.tf.thinkdroid.archos_Archos5-1.dex'}", "type": "SYSCALL", "id": 7262}, {"sysname": "write", "xref": 7243, "ts": 0, "blob": "{'filename': u'/data/data/com.tf.thinkdroid.archos_Archos5/files/com.tf.thinkdroid.archos_Archos5-1.dex'}", "type": "SYSCALL", "id": 7263}, {"sysname": "write", "xref": 7243, "ts": 0, "blob": "{'filename': u'/data/data/com.tf.thinkdroid.archos_Archos5/files/com.tf.thinkdroid.archos_Archos5-1.dex'}", "type": "SYSCALL", "id": 7264}, {"sysname": "write", "xref": 7243, "ts": 0, "blob": "{'filename': u'/data/data/com.tf.thinkdroid.archos_Archos5/files/com.tf.thinkdroid.archos_Archos5-1.dex'}", "type": "SYSCALL", "id": 7267}, {"sysname": "write", "xref": 7243, "ts": 0, "blob": "{'filename': u'/data/data/com.tf.thinkdroid.archos_Archos5/files/com.tf.thinkdroid.archos_Archos5-1.dex'}", "type": "SYSCALL", "id": 7268}, {"sysname": "write", "xref": 7243, "ts": 0, "blob": "{'filename': u'/data/data/com.tf.thinkdroid.archos_Archos5/files/com.tf.thinkdroid.archos_Archos5-1.dex'}", "type": "SYSCALL", "id": 7269}, {"sysname": "write", "xref": 7243, "ts": 0, "blob": "{'filename': u'/data/data/com.tf.thinkdroid.archos_Archos5/files/com.tf.thinkdroid.archos_Archos5-1.dex'}", "type": "SYSCALL", "id": 7270}, {"sysname": "write", "xref": 7243, "ts": 0, "blob": "{'filename': u'/data/data/com.tf.thinkdroid.archos_Archos5/files/com.tf.thinkdroid.archos_Archos5-1.dex'}", "type": "SYSCALL", "id": 7271}, {"sysname": "write", "xref": 7243, "ts": 0, "blob": "{'filename': u'/data/data/com.tf.thinkdroid.archos_Archos5/files/com.tf.thinkdroid.archos_Archos5-1.dex'}", "type": "SYSCALL", "id": 7272}, {"sysname": "write", "xref": 7243, "ts": 0, "blob": "{'filename': u'/data/data/com.tf.thinkdroid.archos_Archos5/files/com.tf.thinkdroid.archos_Archos5-1.dex'}", "type": "SYSCALL", "id": 7275}, {"sysname": "write", "xref": 7243, "ts": 0, "blob": "{'filename': u'/data/data/com.tf.thinkdroid.archos_Archos5/files/com.tf.thinkdroid.archos_Archos5-1.dex'}", "type": "SYSCALL", "id": 7276}, {"sysname": "write", "xref": 7243, "ts": 0, "blob": "{'filename': u'/data/data/com.tf.thinkdroid.archos_Archos5/files/com.tf.thinkdroid.archos_Archos5-1.dex'}", "type": "SYSCALL", "id": 7277}, {"sysname": "write", "xref": 7243, "ts": 0, "blob": "{'filename': u'/data/data/com.tf.thinkdroid.archos_Archos5/files/com.tf.thinkdroid.archos_Archos5-1.dex'}", "type": "SYSCALL", "id": 7278}, {"sysname": "write", "xref": 7243, "ts": 0, "blob": "{'filename': u'/data/data/com.tf.thinkdroid.archos_Archos5/files/com.tf.thinkdroid.archos_Archos5-1.dex'}", "type": "SYSCALL", "id": 7279}, {"sysname": "write", "xref": 7243, "ts": 0, "blob": "{'filename': u'/data/data/com.tf.thinkdroid.archos_Archos5/files/com.tf.thinkdroid.archos_Archos5-1.dex'}", "type": "SYSCALL", "id": 7280}, {"sysname": "write", "xref": 7243, "ts": 0, "blob": "{'filename': u'/data/data/com.tf.thinkdroid.archos_Archos5/files/com.tf.thinkdroid.archos_Archos5-1.dex'}", "type": "SYSCALL", "id": 7281}, {"sysname": "write", "xref": 7243, "ts": 0, "blob": "{'filename': u'/data/data/com.tf.thinkdroid.archos_Archos5/files/com.tf.thinkdroid.archos_Archos5-1.dex'}", "type": "SYSCALL", "id": 7282}, {"sysname": "write", "xref": 7243, "ts": 0, "blob": "{'filename': u'/data/data/com.tf.thinkdroid.archos_Archos5/files/com.tf.thinkdroid.archos_Archos5-1.dex'}", "type": "SYSCALL", "id": 7283}, {"sysname": "write", "xref": 7243, "ts": 0, "blob": "{'filename': u'/data/data/com.tf.thinkdroid.archos_Archos5/files/com.tf.thinkdroid.archos_Archos5-1.dex'}", "type": "SYSCALL", "id": 7284}, {"sysname": "write", "xref": 7243, "ts": 0, "blob": "{'filename': u'/data/data/com.tf.thinkdroid.archos_Archos5/files/com.tf.thinkdroid.archos_Archos5-1.dex'}", "type": "SYSCALL", "id": 7285}, {"sysname": "write", "xref": 7243, "ts": 0, "blob": "{'filename': u'/data/data/com.tf.thinkdroid.archos_Archos5/files/com.tf.thinkdroid.archos_Archos5-1.dex'}", "type": "SYSCALL", "id": 7286}, {"sysname": "write", "xref": 7243, "ts": 0, "blob": "{'filename': u'/data/data/com.tf.thinkdroid.archos_Archos5/files/com.tf.thinkdroid.archos_Archos5-1.dex'}", "type": "SYSCALL", "id": 7289}, {"sysname": "write", "xref": 7243, "ts": 0, "blob": "{'filename': u'/data/data/com.tf.thinkdroid.archos_Archos5/files/com.tf.thinkdroid.archos_Archos5-1.dex'}", "type": "SYSCALL", "id": 7290}, {"sysname": "write", "xref": 7243, "ts": 0, "blob": "{'filename': u'/data/data/com.tf.thinkdroid.archos_Archos5/files/com.tf.thinkdroid.archos_Archos5-1.dex'}", "type": "SYSCALL", "id": 7291}, {"sysname": "write", "xref": 7243, "ts": 0, "blob": "{'filename': u'/data/data/com.tf.thinkdroid.archos_Archos5/files/com.tf.thinkdroid.archos_Archos5-1.dex'}", "type": "SYSCALL", "id": 7292}, {"sysname": "write", "xref": 7243, "ts": 0, "blob": "{'filename': u'/data/data/com.tf.thinkdroid.archos_Archos5/files/com.tf.thinkdroid.archos_Archos5-1.dex'}", "type": "SYSCALL", "id": 7293}, {"sysname": "write", "xref": 7243, "ts": 0, "blob": "{'filename': u'/data/data/com.tf.thinkdroid.archos_Archos5/files/com.tf.thinkdroid.archos_Archos5-1.dex'}", "type": "SYSCALL", "id": 7294}, {"sysname": "write", "xref": 7243, "ts": 0, "blob": "{'filename': u'/data/data/com.tf.thinkdroid.archos_Archos5/files/com.tf.thinkdroid.archos_Archos5-1.dex'}", "type": "SYSCALL", "id": 7297}, {"sysname": "write", "xref": 7243, "ts": 0, "blob": "{'filename': u'/data/data/com.tf.thinkdroid.archos_Archos5/files/com.tf.thinkdroid.archos_Archos5-1.dex'}", "type": "SYSCALL", "id": 7298}, {"sysname": "write", "xref": 7243, "ts": 0, "blob": "{'filename': u'/data/data/com.tf.thinkdroid.archos_Archos5/files/com.tf.thinkdroid.archos_Archos5-1.dex'}", "type": "SYSCALL", "id": 7299}, {"sysname": "write", "xref": 7243, "ts": 0, "blob": "{'filename': u'/data/data/com.tf.thinkdroid.archos_Archos5/files/com.tf.thinkdroid.archos_Archos5-1.dex'}", "type": "SYSCALL", "id": 7300}, {"sysname": "write", "xref": 7243, "ts": 0, "blob": "{'filename': u'/data/data/com.tf.thinkdroid.archos_Archos5/files/com.tf.thinkdroid.archos_Archos5-1.dex'}", "type": "SYSCALL", "id": 7301}, {"sysname": "write", "xref": 7243, "ts": 0, "blob": "{'filename': u'/data/data/com.tf.thinkdroid.archos_Archos5/files/com.tf.thinkdroid.archos_Archos5-1.dex'}", "type": "SYSCALL", "id": 7302}, {"sysname": "write", "xref": 7243, "ts": 0, "blob": "{'filename': u'/data/data/com.tf.thinkdroid.archos_Archos5/files/com.tf.thinkdroid.archos_Archos5-1.dex'}", "type": "SYSCALL", "id": 7303}, {"sysname": "write", "xref": 7243, "ts": 0, "blob": "{'filename': u'/data/data/com.tf.thinkdroid.archos_Archos5/files/com.tf.thinkdroid.archos_Archos5-1.dex'}", "type": "SYSCALL", "id": 7304}, {"sysname": "write", "xref": 7243, "ts": 0, "blob": "{'filename': u'/data/data/com.tf.thinkdroid.archos_Archos5/files/com.tf.thinkdroid.archos_Archos5-1.dex'}", "type": "SYSCALL", "id": 7305}, {"sysname": "write", "xref": 7243, "ts": 0, "blob": "{'filename': u'/data/data/com.tf.thinkdroid.archos_Archos5/files/com.tf.thinkdroid.archos_Archos5-1.dex'}", "type": "SYSCALL", "id": 7308}, {"sysname": "write", "xref": 7243, "ts": 0, "blob": "{'filename': u'/data/data/com.tf.thinkdroid.archos_Archos5/files/com.tf.thinkdroid.archos_Archos5-1.dex'}", "type": "SYSCALL", "id": 7309}, {"sysname": "write", "xref": 7243, "ts": 0, "blob": "{'filename': u'/data/data/com.tf.thinkdroid.archos_Archos5/files/com.tf.thinkdroid.archos_Archos5-1.dex'}", "type": "SYSCALL", "id": 7310}, {"sysname": "write", "xref": 7243, "ts": 0, "blob": "{'filename': u'/data/data/com.tf.thinkdroid.archos_Archos5/files/com.tf.thinkdroid.archos_Archos5-1.dex'}", "type": "SYSCALL", "id": 7313}, {"sysname": "write", "xref": 7243, "ts": 0, "blob": "{'filename': u'/data/data/com.tf.thinkdroid.archos_Archos5/files/com.tf.thinkdroid.archos_Archos5-1.dex'}", "type": "SYSCALL", "id": 7314}, {"sysname": "write", "xref": 7243, "ts": 0, "blob": "{'filename': u'/data/data/com.tf.thinkdroid.archos_Archos5/files/com.tf.thinkdroid.archos_Archos5-1.dex'}", "type": "SYSCALL", "id": 7317}, {"sysname": "write", "xref": 7243, "ts": 0, "blob": "{'filename': u'/data/data/com.tf.thinkdroid.archos_Archos5/files/com.tf.thinkdroid.archos_Archos5-1.dex'}", "type": "SYSCALL", "id": 7318}, {"sysname": "write", "xref": 7243, "ts": 0, "blob": "{'filename': u'/data/data/com.tf.thinkdroid.archos_Archos5/files/com.tf.thinkdroid.archos_Archos5-1.dex'}", "type": "SYSCALL", "id": 7319}, {"sysname": "write", "xref": 7243, "ts": 0, "blob": "{'filename': u'/data/data/com.tf.thinkdroid.archos_Archos5/files/com.tf.thinkdroid.archos_Archos5-1.dex'}", "type": "SYSCALL", "id": 7320}, {"sysname": "write", "xref": 7243, "ts": 0, "blob": "{'filename': u'/data/data/com.tf.thinkdroid.archos_Archos5/files/com.tf.thinkdroid.archos_Archos5-1.dex'}", "type": "SYSCALL", "id": 7321}, {"sysname": "write", "xref": 7243, "ts": 0, "blob": "{'filename': u'/data/data/com.tf.thinkdroid.archos_Archos5/files/com.tf.thinkdroid.archos_Archos5-1.dex'}", "type": "SYSCALL", "id": 7326}, {"sysname": "write", "xref": 7243, "ts": 0, "blob": "{'filename': u'/data/data/com.tf.thinkdroid.archos_Archos5/files/com.tf.thinkdroid.archos_Archos5-1.dex'}", "type": "SYSCALL", "id": 7327}, {"sysname": "write", "xref": 7243, "ts": 0, "blob": "{'filename': u'/data/data/com.tf.thinkdroid.archos_Archos5/files/com.tf.thinkdroid.archos_Archos5-1.dex'}", "type": "SYSCALL", "id": 7328}, {"sysname": "write", "xref": 7243, "ts": 0, "blob": "{'filename': u'/data/data/com.tf.thinkdroid.archos_Archos5/files/com.tf.thinkdroid.archos_Archos5-1.dex'}", "type": "SYSCALL", "id": 7329}, {"sysname": "write", "xref": 7243, "ts": 0, "blob": "{'filename': u'/data/data/com.tf.thinkdroid.archos_Archos5/files/com.tf.thinkdroid.archos_Archos5-1.dex'}", "type": "SYSCALL", "id": 7330}, {"sysname": "write", "xref": 7243, "ts": 0, "blob": "{'filename': u'/data/data/com.tf.thinkdroid.archos_Archos5/files/com.tf.thinkdroid.archos_Archos5-1.dex'}", "type": "SYSCALL", "id": 7331}, {"sysname": "write", "xref": 7243, "ts": 0, "blob": "{'filename': u'/data/data/com.tf.thinkdroid.archos_Archos5/files/com.tf.thinkdroid.archos_Archos5-1.dex'}", "type": "SYSCALL", "id": 7334}, {"sysname": "write", "xref": 7243, "ts": 0, "blob": "{'filename': u'/data/data/com.tf.thinkdroid.archos_Archos5/files/com.tf.thinkdroid.archos_Archos5-1.dex'}", "type": "SYSCALL", "id": 7335}, {"sysname": "write", "xref": 7243, "ts": 0, "blob": "{'filename': u'/data/data/com.tf.thinkdroid.archos_Archos5/files/com.tf.thinkdroid.archos_Archos5-1.dex'}", "type": "SYSCALL", "id": 7336}, {"sysname": "write", "xref": 7243, "ts": 0, "blob": "{'filename': u'/data/data/com.tf.thinkdroid.archos_Archos5/files/com.tf.thinkdroid.archos_Archos5-1.dex'}", "type": "SYSCALL", "id": 7339}, {"sysname": "write", "xref": 7243, "ts": 0, "blob": "{'filename': u'/data/data/com.tf.thinkdroid.archos_Archos5/files/com.tf.thinkdroid.archos_Archos5-1.dex'}", "type": "SYSCALL", "id": 7342}, {"sysname": "write", "xref": 7243, "ts": 0, "blob": "{'filename': u'/data/data/com.tf.thinkdroid.archos_Archos5/files/com.tf.thinkdroid.archos_Archos5-1.dex'}", "type": "SYSCALL", "id": 7343}, {"sysname": "write", "xref": 7243, "ts": 0, "blob": "{'filename': u'/data/data/com.tf.thinkdroid.archos_Archos5/files/com.tf.thinkdroid.archos_Archos5-1.dex'}", "type": "SYSCALL", "id": 7344}, {"sysname": "write", "xref": 7243, "ts": 0, "blob": "{'filename': u'/data/data/com.tf.thinkdroid.archos_Archos5/files/com.tf.thinkdroid.archos_Archos5-1.dex'}", "type": "SYSCALL", "id": 7349}, {"sysname": "write", "xref": 7243, "ts": 0, "blob": "{'filename': u'/data/data/com.tf.thinkdroid.archos_Archos5/files/com.tf.thinkdroid.archos_Archos5-1.dex'}", "type": "SYSCALL", "id": 7354}, {"sysname": "write", "xref": 7243, "ts": 0, "blob": "{'filename': u'/data/data/com.tf.thinkdroid.archos_Archos5/files/com.tf.thinkdroid.archos_Archos5-1.dex'}", "type": "SYSCALL", "id": 7356}, {"sysname": "write", "xref": 7243, "ts": 0, "blob": "{'filename': u'/data/data/com.tf.thinkdroid.archos_Archos5/files/com.tf.thinkdroid.archos_Archos5-1.dex'}", "type": "SYSCALL", "id": 7357}, {"sysname": "write", "xref": 7243, "ts": 0, "blob": "{'filename': u'/data/data/com.tf.thinkdroid.archos_Archos5/files/com.tf.thinkdroid.archos_Archos5-1.dex'}", "type": "SYSCALL", "id": 7359}, {"sysname": "write", "xref": 7243, "ts": 0, "blob": "{'filename': u'/data/data/com.tf.thinkdroid.archos_Archos5/files/com.tf.thinkdroid.archos_Archos5-1.dex'}", "type": "SYSCALL", "id": 7360}, {"sysname": "write", "xref": 7243, "ts": 0, "blob": "{'filename': u'/data/data/com.tf.thinkdroid.archos_Archos5/files/com.tf.thinkdroid.archos_Archos5-1.dex'}", "type": "SYSCALL", "id": 7361}, {"sysname": "write", "xref": 7243, "ts": 0, "blob": "{'filename': u'/data/data/com.tf.thinkdroid.archos_Archos5/files/com.tf.thinkdroid.archos_Archos5-1.dex'}", "type": "SYSCALL", "id": 7362}, {"sysname": "write", "xref": 7243, "ts": 0, "blob": "{'filename': u'/data/data/com.tf.thinkdroid.archos_Archos5/files/com.tf.thinkdroid.archos_Archos5-1.dex'}", "type": "SYSCALL", "id": 7365}, {"sysname": "write", "xref": 7243, "ts": 0, "blob": "{'filename': u'/data/data/com.tf.thinkdroid.archos_Archos5/files/com.tf.thinkdroid.archos_Archos5-1.dex'}", "type": "SYSCALL", "id": 7369}, {"sysname": "write", "xref": 7243, "ts": 0, "blob": "{'filename': u'/data/data/com.tf.thinkdroid.archos_Archos5/files/com.tf.thinkdroid.archos_Archos5-1.dex'}", "type": "SYSCALL", "id": 7371}, {"sysname": "write", "xref": 7243, "ts": 0, "blob": "{'filename': u'/data/data/com.tf.thinkdroid.archos_Archos5/files/com.tf.thinkdroid.archos_Archos5-1.dex'}", "type": "SYSCALL", "id": 7374}, {"sysname": "write", "xref": 7243, "ts": 0, "blob": "{'filename': u'/data/data/com.tf.thinkdroid.archos_Archos5/files/com.tf.thinkdroid.archos_Archos5-1.dex'}", "type": "SYSCALL", "id": 7376}, {"sysname": "write", "xref": 7243, "ts": 0, "blob": "{'filename': u'/data/data/com.tf.thinkdroid.archos_Archos5/files/com.tf.thinkdroid.archos_Archos5-1.dex'}", "type": "SYSCALL", "id": 7379}, {"sysname": "write", "xref": 7243, "ts": 0, "blob": "{'filename': u'/data/data/com.tf.thinkdroid.archos_Archos5/files/com.tf.thinkdroid.archos_Archos5-1.dex'}", "type": "SYSCALL", "id": 7380}, {"sysname": "write", "xref": 7243, "ts": 0, "blob": "{'filename': u'/data/data/com.tf.thinkdroid.archos_Archos5/files/com.tf.thinkdroid.archos_Archos5-1.dex'}", "type": "SYSCALL", "id": 7382}, {"sysname": "write", "xref": 7243, "ts": 0, "blob": "{'filename': u'/data/data/com.tf.thinkdroid.archos_Archos5/files/com.tf.thinkdroid.archos_Archos5-1.dex'}", "type": "SYSCALL", "id": 7386}, {"sysname": "write", "xref": 7243, "ts": 0, "blob": "{'filename': u'/data/data/com.tf.thinkdroid.archos_Archos5/files/com.tf.thinkdroid.archos_Archos5-1.dex'}", "type": "SYSCALL", "id": 7389}, {"sysname": "write", "xref": 7243, "ts": 0, "blob": "{'filename': u'/data/data/com.tf.thinkdroid.archos_Archos5/files/com.tf.thinkdroid.archos_Archos5-1.dex'}", "type": "SYSCALL", "id": 7390}, {"sysname": "write", "xref": 7243, "ts": 0, "blob": "{'filename': u'/data/data/com.tf.thinkdroid.archos_Archos5/files/com.tf.thinkdroid.archos_Archos5-1.dex'}", "type": "SYSCALL", "id": 7391}, {"sysname": "write", "xref": 7243, "ts": 0, "blob": "{'filename': u'/data/data/com.tf.thinkdroid.archos_Archos5/files/com.tf.thinkdroid.archos_Archos5-1.dex'}", "type": "SYSCALL", "id": 7392}, {"sysname": "write", "xref": 7243, "ts": 0, "blob": "{'filename': u'/data/data/com.tf.thinkdroid.archos_Archos5/files/com.tf.thinkdroid.archos_Archos5-1.dex'}", "type": "SYSCALL", "id": 7393}, {"sysname": "write", "xref": 7243, "ts": 0, "blob": "{'filename': u'/data/data/com.tf.thinkdroid.archos_Archos5/files/com.tf.thinkdroid.archos_Archos5-1.dex'}", "type": "SYSCALL", "id": 7394}, {"sysname": "write", "xref": 7243, "ts": 0, "blob": "{'filename': u'/data/data/com.tf.thinkdroid.archos_Archos5/files/com.tf.thinkdroid.archos_Archos5-1.dex'}", "type": "SYSCALL", "id": 7395}, {"sysname": "write", "xref": 7243, "ts": 0, "blob": "{'filename': u'/data/data/com.tf.thinkdroid.archos_Archos5/files/com.tf.thinkdroid.archos_Archos5-1.dex'}", "type": "SYSCALL", "id": 7396}, {"sysname": "write", "xref": 7243, "ts": 0, "blob": "{'filename': u'/data/data/com.tf.thinkdroid.archos_Archos5/files/com.tf.thinkdroid.archos_Archos5-1.dex'}", "type": "SYSCALL", "id": 7397}, {"sysname": "write", "xref": 7243, "ts": 0, "blob": "{'filename': u'/data/data/com.tf.thinkdroid.archos_Archos5/files/com.tf.thinkdroid.archos_Archos5-1.dex'}", "type": "SYSCALL", "id": 7398}, {"sysname": "write", "xref": 7243, "ts": 0, "blob": "{'filename': u'/data/data/com.tf.thinkdroid.archos_Archos5/files/com.tf.thinkdroid.archos_Archos5-1.dex'}", "type": "SYSCALL", "id": 7399}, {"sysname": "write", "xref": 7243, "ts": 0, "blob": "{'filename': u'/data/data/com.tf.thinkdroid.archos_Archos5/files/com.tf.thinkdroid.archos_Archos5-1.dex'}", "type": "SYSCALL", "id": 7400}, {"sysname": "write", "xref": 7243, "ts": 0, "blob": "{'filename': u'/data/data/com.tf.thinkdroid.archos_Archos5/files/com.tf.thinkdroid.archos_Archos5-1.dex'}", "type": "SYSCALL", "id": 7401}, {"sysname": "write", "xref": 7243, "ts": 0, "blob": "{'filename': u'/data/data/com.tf.thinkdroid.archos_Archos5/files/com.tf.thinkdroid.archos_Archos5-1.dex'}", "type": "SYSCALL", "id": 7402}, {"sysname": "write", "xref": 7243, "ts": 0, "blob": "{'filename': u'/data/data/com.tf.thinkdroid.archos_Archos5/files/com.tf.thinkdroid.archos_Archos5-1.dex'}", "type": "SYSCALL", "id": 7403}, {"sysname": "write", "xref": 7243, "ts": 0, "blob": "{'filename': u'/data/data/com.tf.thinkdroid.archos_Archos5/files/com.tf.thinkdroid.archos_Archos5-1.dex'}", "type": "SYSCALL", "id": 7404}, {"sysname": "write", "xref": 7243, "ts": 0, "blob": "{'filename': u'/data/data/com.tf.thinkdroid.archos_Archos5/files/com.tf.thinkdroid.archos_Archos5-1.dex'}", "type": "SYSCALL", "id": 7405}, {"sysname": "write", "xref": 7243, "ts": 0, "blob": "{'filename': u'/data/data/com.tf.thinkdroid.archos_Archos5/files/com.tf.thinkdroid.archos_Archos5-1.dex'}", "type": "SYSCALL", "id": 7406}, {"sysname": "write", "xref": 7243, "ts": 0, "blob": "{'filename': u'/data/data/com.tf.thinkdroid.archos_Archos5/files/com.tf.thinkdroid.archos_Archos5-1.dex'}", "type": "SYSCALL", "id": 7407}, {"sysname": "write", "xref": 7243, "ts": 0, "blob": "{'filename': u'/data/data/com.tf.thinkdroid.archos_Archos5/files/com.tf.thinkdroid.archos_Archos5-1.dex'}", "type": "SYSCALL", "id": 7408}, {"sysname": "write", "xref": 7243, "ts": 0, "blob": "{'filename': u'/data/data/com.tf.thinkdroid.archos_Archos5/files/com.tf.thinkdroid.archos_Archos5-1.dex'}", "type": "SYSCALL", "id": 7409}, {"sysname": "write", "xref": 7243, "ts": 0, "blob": "{'filename': u'/data/data/com.tf.thinkdroid.archos_Archos5/files/com.tf.thinkdroid.archos_Archos5-1.dex'}", "type": "SYSCALL", "id": 7410}, {"sysname": "write", "xref": 7243, "ts": 0, "blob": "{'filename': u'/data/data/com.tf.thinkdroid.archos_Archos5/files/com.tf.thinkdroid.archos_Archos5-1.dex'}", "type": "SYSCALL", "id": 7411}, {"sysname": "write", "xref": 7243, "ts": 0, "blob": "{'filename': u'/data/data/com.tf.thinkdroid.archos_Archos5/files/com.tf.thinkdroid.archos_Archos5-1.dex'}", "type": "SYSCALL", "id": 7412}, {"sysname": "write", "xref": 7243, "ts": 0, "blob": "{'filename': u'/data/data/com.tf.thinkdroid.archos_Archos5/files/com.tf.thinkdroid.archos_Archos5-1.dex'}", "type": "SYSCALL", "id": 7413}, {"sysname": "write", "xref": 7243, "ts": 0, "blob": "{'filename': u'/data/data/com.tf.thinkdroid.archos_Archos5/files/com.tf.thinkdroid.archos_Archos5-1.dex'}", "type": "SYSCALL", "id": 7414}, {"sysname": "write", "xref": 7243, "ts": 0, "blob": "{'filename': u'/data/data/com.tf.thinkdroid.archos_Archos5/files/com.tf.thinkdroid.archos_Archos5-1.dex'}", "type": "SYSCALL", "id": 7415}, {"sysname": "write", "xref": 7243, "ts": 0, "blob": "{'filename': u'/data/data/com.tf.thinkdroid.archos_Archos5/files/com.tf.thinkdroid.archos_Archos5-1.dex'}", "type": "SYSCALL", "id": 7416}, {"sysname": "write", "xref": 7243, "ts": 0, "blob": "{'filename': u'/data/data/com.tf.thinkdroid.archos_Archos5/files/com.tf.thinkdroid.archos_Archos5-1.dex'}", "type": "SYSCALL", "id": 7417}, {"sysname": "write", "xref": 7243, "ts": 0, "blob": "{'filename': u'/data/data/com.tf.thinkdroid.archos_Archos5/files/com.tf.thinkdroid.archos_Archos5-1.dex'}", "type": "SYSCALL", "id": 7418}, {"sysname": "write", "xref": 7243, "ts": 0, "blob": "{'filename': u'/data/data/com.tf.thinkdroid.archos_Archos5/files/com.tf.thinkdroid.archos_Archos5-1.dex'}", "type": "SYSCALL", "id": 7419}, {"sysname": "write", "xref": 7243, "ts": 0, "blob": "{'filename': u'/data/data/com.tf.thinkdroid.archos_Archos5/files/com.tf.thinkdroid.archos_Archos5-1.dex'}", "type": "SYSCALL", "id": 7420}, {"sysname": "write", "xref": 7243, "ts": 0, "blob": "{'filename': u'/data/data/com.tf.thinkdroid.archos_Archos5/files/com.tf.thinkdroid.archos_Archos5-1.dex'}", "type": "SYSCALL", "id": 7421}, {"sysname": "write", "xref": 7243, "ts": 0, "blob": "{'filename': u'/data/data/com.tf.thinkdroid.archos_Archos5/files/com.tf.thinkdroid.archos_Archos5-1.dex'}", "type": "SYSCALL", "id": 7422}, {"sysname": "write", "xref": 7243, "ts": 0, "blob": "{'filename': u'/data/data/com.tf.thinkdroid.archos_Archos5/files/com.tf.thinkdroid.archos_Archos5-1.dex'}", "type": "SYSCALL", "id": 7423}, {"sysname": "write", "xref": 7243, "ts": 0, "blob": "{'filename': u'/data/data/com.tf.thinkdroid.archos_Archos5/files/com.tf.thinkdroid.archos_Archos5-1.dex'}", "type": "SYSCALL", "id": 7424}, {"sysname": "write", "xref": 7243, "ts": 0, "blob": "{'filename': u'/data/data/com.tf.thinkdroid.archos_Archos5/files/com.tf.thinkdroid.archos_Archos5-1.dex'}", "type": "SYSCALL", "id": 7425}, {"sysname": "write", "xref": 7243, "ts": 0, "blob": "{'filename': u'/data/data/com.tf.thinkdroid.archos_Archos5/files/com.tf.thinkdroid.archos_Archos5-1.dex'}", "type": "SYSCALL", "id": 7426}, {"sysname": "write", "xref": 7243, "ts": 0, "blob": "{'filename': u'/data/data/com.tf.thinkdroid.archos_Archos5/files/com.tf.thinkdroid.archos_Archos5-1.dex'}", "type": "SYSCALL", "id": 7427}, {"sysname": "write", "xref": 7243, "ts": 0, "blob": "{'filename': u'/data/data/com.tf.thinkdroid.archos_Archos5/files/com.tf.thinkdroid.archos_Archos5-1.dex'}", "type": "SYSCALL", "id": 7428}, {"sysname": "write", "xref": 7243, "ts": 0, "blob": "{'filename': u'/data/data/com.tf.thinkdroid.archos_Archos5/files/com.tf.thinkdroid.archos_Archos5-1.dex'}", "type": "SYSCALL", "id": 7429}, {"sysname": "write", "xref": 7243, "ts": 0, "blob": "{'filename': u'/data/data/com.tf.thinkdroid.archos_Archos5/files/com.tf.thinkdroid.archos_Archos5-1.dex'}", "type": "SYSCALL", "id": 7430}, {"sysname": "write", "xref": 7243, "ts": 0, "blob": "{'filename': u'/data/data/com.tf.thinkdroid.archos_Archos5/files/com.tf.thinkdroid.archos_Archos5-1.dex'}", "type": "SYSCALL", "id": 7431}, {"sysname": "write", "xref": 7243, "ts": 0, "blob": "{'filename': u'/data/data/com.tf.thinkdroid.archos_Archos5/files/com.tf.thinkdroid.archos_Archos5-1.dex'}", "type": "SYSCALL", "id": 7432}, {"sysname": "write", "xref": 7243, "ts": 0, "blob": "{'filename': u'/data/data/com.tf.thinkdroid.archos_Archos5/files/com.tf.thinkdroid.archos_Archos5-1.dex'}", "type": "SYSCALL", "id": 7433}, {"sysname": "write", "xref": 7243, "ts": 0, "blob": "{'filename': u'/data/data/com.tf.thinkdroid.archos_Archos5/files/com.tf.thinkdroid.archos_Archos5-1.dex'}", "type": "SYSCALL", "id": 7434}, {"sysname": "write", "xref": 7243, "ts": 0, "blob": "{'filename': u'/data/data/com.tf.thinkdroid.archos_Archos5/files/com.tf.thinkdroid.archos_Archos5-1.dex'}", "type": "SYSCALL", "id": 7435}, {"sysname": "write", "xref": 7243, "ts": 0, "blob": "{'filename': u'/data/data/com.tf.thinkdroid.archos_Archos5/files/com.tf.thinkdroid.archos_Archos5-1.dex'}", "type": "SYSCALL", "id": 7436}, {"sysname": "write", "xref": 7243, "ts": 0, "blob": "{'filename': u'/data/data/com.tf.thinkdroid.archos_Archos5/files/com.tf.thinkdroid.archos_Archos5-1.dex'}", "type": "SYSCALL", "id": 7437}, {"sysname": "write", "xref": 7243, "ts": 0, "blob": "{'filename': u'/data/data/com.tf.thinkdroid.archos_Archos5/files/com.tf.thinkdroid.archos_Archos5-1.dex'}", "type": "SYSCALL", "id": 7438}, {"sysname": "write", "xref": 7243, "ts": 0, "blob": "{'filename': u'/data/data/com.tf.thinkdroid.archos_Archos5/files/com.tf.thinkdroid.archos_Archos5-1.dex'}", "type": "SYSCALL", "id": 7439}, {"sysname": "write", "xref": 7243, "ts": 0, "blob": "{'filename': u'/data/data/com.tf.thinkdroid.archos_Archos5/files/com.tf.thinkdroid.archos_Archos5-1.dex'}", "type": "SYSCALL", "id": 7440}, {"sysname": "write", "xref": 7243, "ts": 0, "blob": "{'filename': u'/data/data/com.tf.thinkdroid.archos_Archos5/files/com.tf.thinkdroid.archos_Archos5-1.dex'}", "type": "SYSCALL", "id": 7441}, {"sysname": "write", "xref": 7243, "ts": 0, "blob": "{'filename': u'/data/data/com.tf.thinkdroid.archos_Archos5/files/com.tf.thinkdroid.archos_Archos5-1.dex'}", "type": "SYSCALL", "id": 7442}, {"sysname": "write", "xref": 7243, "ts": 0, "blob": "{'filename': u'/data/data/com.tf.thinkdroid.archos_Archos5/files/com.tf.thinkdroid.archos_Archos5-1.dex'}", "type": "SYSCALL", "id": 7443}, {"sysname": "write", "xref": 7243, "ts": 0, "blob": "{'filename': u'/data/data/com.tf.thinkdroid.archos_Archos5/files/com.tf.thinkdroid.archos_Archos5-1.dex'}", "type": "SYSCALL", "id": 7444}, {"sysname": "write", "xref": 7243, "ts": 0, "blob": "{'filename': u'/data/data/com.tf.thinkdroid.archos_Archos5/files/com.tf.thinkdroid.archos_Archos5-1.dex'}", "type": "SYSCALL", "id": 7445}, {"sysname": "write", "xref": 7243, "ts": 0, "blob": "{'filename': u'/data/data/com.tf.thinkdroid.archos_Archos5/files/com.tf.thinkdroid.archos_Archos5-1.dex'}", "type": "SYSCALL", "id": 7446}, {"sysname": "write", "xref": 7243, "ts": 0, "blob": "{'filename': u'/data/data/com.tf.thinkdroid.archos_Archos5/files/com.tf.thinkdroid.archos_Archos5-1.dex'}", "type": "SYSCALL", "id": 7447}, {"sysname": "write", "xref": 7243, "ts": 0, "blob": "{'filename': u'/data/data/com.tf.thinkdroid.archos_Archos5/files/com.tf.thinkdroid.archos_Archos5-1.dex'}", "type": "SYSCALL", "id": 7448}, {"sysname": "write", "xref": 7243, "ts": 0, "blob": "{'filename': u'/data/data/com.tf.thinkdroid.archos_Archos5/files/com.tf.thinkdroid.archos_Archos5-1.dex'}", "type": "SYSCALL", "id": 7449}, {"sysname": "write", "xref": 7243, "ts": 0, "blob": "{'filename': u'/data/data/com.tf.thinkdroid.archos_Archos5/files/com.tf.thinkdroid.archos_Archos5-1.dex'}", "type": "SYSCALL", "id": 7450}, {"sysname": "write", "xref": 7243, "ts": 0, "blob": "{'filename': u'/data/data/com.tf.thinkdroid.archos_Archos5/files/com.tf.thinkdroid.archos_Archos5-1.dex'}", "type": "SYSCALL", "id": 7451}, {"sysname": "write", "xref": 7243, "ts": 0, "blob": "{'filename': u'/data/data/com.tf.thinkdroid.archos_Archos5/files/com.tf.thinkdroid.archos_Archos5-1.dex'}", "type": "SYSCALL", "id": 7452}, {"sysname": "write", "xref": 7243, "ts": 0, "blob": "{'filename': u'/data/data/com.tf.thinkdroid.archos_Archos5/files/com.tf.thinkdroid.archos_Archos5-1.dex'}", "type": "SYSCALL", "id": 7453}, {"sysname": "write", "xref": 7243, "ts": 0, "blob": "{'filename': u'/data/data/com.tf.thinkdroid.archos_Archos5/files/com.tf.thinkdroid.archos_Archos5-1.dex'}", "type": "SYSCALL", "id": 7454}, {"sysname": "write", "xref": 7243, "ts": 0, "blob": "{'filename': u'/data/data/com.tf.thinkdroid.archos_Archos5/files/com.tf.thinkdroid.archos_Archos5-1.dex'}", "type": "SYSCALL", "id": 7455}, {"sysname": "write", "xref": 7243, "ts": 0, "blob": "{'filename': u'/data/data/com.tf.thinkdroid.archos_Archos5/files/com.tf.thinkdroid.archos_Archos5-1.dex'}", "type": "SYSCALL", "id": 7456}, {"sysname": "write", "xref": 7243, "ts": 0, "blob": "{'filename': u'/data/data/com.tf.thinkdroid.archos_Archos5/files/com.tf.thinkdroid.archos_Archos5-1.dex'}", "type": "SYSCALL", "id": 7457}, {"sysname": "write", "xref": 7243, "ts": 0, "blob": "{'filename': u'/data/data/com.tf.thinkdroid.archos_Archos5/files/com.tf.thinkdroid.archos_Archos5-1.dex'}", "type": "SYSCALL", "id": 7458}, {"sysname": "write", "xref": 7243, "ts": 0, "blob": "{'filename': u'/data/data/com.tf.thinkdroid.archos_Archos5/files/com.tf.thinkdroid.archos_Archos5-1.dex'}", "type": "SYSCALL", "id": 7459}, {"sysname": "write", "xref": 7243, "ts": 0, "blob": "{'filename': u'/data/data/com.tf.thinkdroid.archos_Archos5/files/com.tf.thinkdroid.archos_Archos5-1.dex'}", "type": "SYSCALL", "id": 7460}, {"sysname": "write", "xref": 7243, "ts": 0, "blob": "{'filename': u'/data/data/com.tf.thinkdroid.archos_Archos5/files/com.tf.thinkdroid.archos_Archos5-1.dex'}", "type": "SYSCALL", "id": 7461}, {"sysname": "write", "xref": 7243, "ts": 0, "blob": "{'filename': u'/data/data/com.tf.thinkdroid.archos_Archos5/files/com.tf.thinkdroid.archos_Archos5-1.dex'}", "type": "SYSCALL", "id": 7462}, {"sysname": "write", "xref": 7243, "ts": 0, "blob": "{'filename': u'/data/data/com.tf.thinkdroid.archos_Archos5/files/com.tf.thinkdroid.archos_Archos5-1.dex'}", "type": "SYSCALL", "id": 7463}, {"sysname": "write", "xref": 7243, "ts": 0, "blob": "{'filename': u'/data/data/com.tf.thinkdroid.archos_Archos5/files/com.tf.thinkdroid.archos_Archos5-1.dex'}", "type": "SYSCALL", "id": 7464}, {"sysname": "write", "xref": 7243, "ts": 0, "blob": "{'filename': u'/data/data/com.tf.thinkdroid.archos_Archos5/files/com.tf.thinkdroid.archos_Archos5-1.dex'}", "type": "SYSCALL", "id": 7465}, {"sysname": "write", "xref": 7243, "ts": 0, "blob": "{'filename': u'/data/data/com.tf.thinkdroid.archos_Archos5/files/com.tf.thinkdroid.archos_Archos5-1.dex'}", "type": "SYSCALL", "id": 7466}, {"sysname": "write", "xref": 7243, "ts": 0, "blob": "{'filename': u'/data/data/com.tf.thinkdroid.archos_Archos5/files/com.tf.thinkdroid.archos_Archos5-1.dex'}", "type": "SYSCALL", "id": 7467}, {"sysname": "write", "xref": 7243, "ts": 0, "blob": "{'filename': u'/data/data/com.tf.thinkdroid.archos_Archos5/files/com.tf.thinkdroid.archos_Archos5-1.dex'}", "type": "SYSCALL", "id": 7468}, {"sysname": "write", "xref": 7243, "ts": 0, "blob": "{'filename': u'/data/data/com.tf.thinkdroid.archos_Archos5/files/com.tf.thinkdroid.archos_Archos5-1.dex'}", "type": "SYSCALL", "id": 7469}, {"sysname": "write", "xref": 7243, "ts": 0, "blob": "{'filename': u'/data/data/com.tf.thinkdroid.archos_Archos5/files/com.tf.thinkdroid.archos_Archos5-1.dex'}", "type": "SYSCALL", "id": 7470}, {"sysname": "write", "xref": 7243, "ts": 0, "blob": "{'filename': u'/data/data/com.tf.thinkdroid.archos_Archos5/files/com.tf.thinkdroid.archos_Archos5-1.dex'}", "type": "SYSCALL", "id": 7471}, {"sysname": "write", "xref": 7243, "ts": 0, "blob": "{'filename': u'/data/data/com.tf.thinkdroid.archos_Archos5/files/com.tf.thinkdroid.archos_Archos5-1.dex'}", "type": "SYSCALL", "id": 7472}, {"sysname": "write", "xref": 7243, "ts": 0, "blob": "{'filename': u'/data/data/com.tf.thinkdroid.archos_Archos5/files/com.tf.thinkdroid.archos_Archos5-1.dex'}", "type": "SYSCALL", "id": 7473}, {"sysname": "write", "xref": 7243, "ts": 0, "blob": "{'filename': u'/data/data/com.tf.thinkdroid.archos_Archos5/files/com.tf.thinkdroid.archos_Archos5-1.dex'}", "type": "SYSCALL", "id": 7474}, {"sysname": "write", "xref": 7243, "ts": 0, "blob": "{'filename': u'/data/data/com.tf.thinkdroid.archos_Archos5/files/com.tf.thinkdroid.archos_Archos5-1.dex'}", "type": "SYSCALL", "id": 7475}, {"sysname": "write", "xref": 7243, "ts": 0, "blob": "{'filename': u'/data/data/com.tf.thinkdroid.archos_Archos5/files/com.tf.thinkdroid.archos_Archos5-1.dex'}", "type": "SYSCALL", "id": 7476}, {"sysname": "write", "xref": 7243, "ts": 0, "blob": "{'filename': u'/data/data/com.tf.thinkdroid.archos_Archos5/files/com.tf.thinkdroid.archos_Archos5-1.dex'}", "type": "SYSCALL", "id": 7477}, {"sysname": "write", "xref": 7243, "ts": 0, "blob": "{'filename': u'/data/data/com.tf.thinkdroid.archos_Archos5/files/com.tf.thinkdroid.archos_Archos5-1.dex'}", "type": "SYSCALL", "id": 7478}, {"sysname": "write", "xref": 7243, "ts": 0, "blob": "{'filename': u'/data/data/com.tf.thinkdroid.archos_Archos5/files/com.tf.thinkdroid.archos_Archos5-1.dex'}", "type": "SYSCALL", "id": 7479}, {"sysname": "write", "xref": 7243, "ts": 0, "blob": "{'filename': u'/data/data/com.tf.thinkdroid.archos_Archos5/files/com.tf.thinkdroid.archos_Archos5-1.dex'}", "type": "SYSCALL", "id": 7480}, {"sysname": "write", "xref": 7243, "ts": 0, "blob": "{'filename': u'/data/data/com.tf.thinkdroid.archos_Archos5/files/com.tf.thinkdroid.archos_Archos5-1.dex'}", "type": "SYSCALL", "id": 7481}, {"sysname": "write", "xref": 7243, "ts": 0, "blob": "{'filename': u'/data/data/com.tf.thinkdroid.archos_Archos5/files/com.tf.thinkdroid.archos_Archos5-1.dex'}", "type": "SYSCALL", "id": 7482}, {"sysname": "write", "xref": 7243, "ts": 0, "blob": "{'filename': u'/data/data/com.tf.thinkdroid.archos_Archos5/files/com.tf.thinkdroid.archos_Archos5-1.dex'}", "type": "SYSCALL", "id": 7483}, {"sysname": "write", "xref": 7243, "ts": 0, "blob": "{'filename': u'/data/data/com.tf.thinkdroid.archos_Archos5/files/com.tf.thinkdroid.archos_Archos5-1.dex'}", "type": "SYSCALL", "id": 7484}, {"sysname": "write", "xref": 7243, "ts": 0, "blob": "{'filename': u'/data/data/com.tf.thinkdroid.archos_Archos5/files/com.tf.thinkdroid.archos_Archos5-1.dex'}", "type": "SYSCALL", "id": 7485}, {"sysname": "write", "xref": 7243, "ts": 0, "blob": "{'filename': u'/data/data/com.tf.thinkdroid.archos_Archos5/files/com.tf.thinkdroid.archos_Archos5-1.dex'}", "type": "SYSCALL", "id": 7486}, {"sysname": "write", "xref": 7243, "ts": 0, "blob": "{'filename': u'/data/data/com.tf.thinkdroid.archos_Archos5/files/com.tf.thinkdroid.archos_Archos5-1.dex'}", "type": "SYSCALL", "id": 7487}, {"sysname": "write", "xref": 7243, "ts": 0, "blob": "{'filename': u'/data/data/com.tf.thinkdroid.archos_Archos5/files/com.tf.thinkdroid.archos_Archos5-1.dex'}", "type": "SYSCALL", "id": 7488}, {"sysname": "write", "xref": 7243, "ts": 0, "blob": "{'filename': u'/data/data/com.tf.thinkdroid.archos_Archos5/files/com.tf.thinkdroid.archos_Archos5-1.dex'}", "type": "SYSCALL", "id": 7489}, {"sysname": "write", "xref": 7243, "ts": 0, "blob": "{'filename': u'/data/data/com.tf.thinkdroid.archos_Archos5/files/com.tf.thinkdroid.archos_Archos5-1.dex'}", "type": "SYSCALL", "id": 9062}, {"sysname": "write", "xref": 7243, "ts": 0, "blob": "{'filename': u'/data/data/com.tf.thinkdroid.archos_Archos5/files/com.tf.thinkdroid.archos_Archos5-1.dex'}", "type": "SYSCALL", "id": 9065}, {"sysname": "write", "xref": 7243, "ts": 0, "blob": "{'filename': u'/data/data/com.tf.thinkdroid.archos_Archos5/files/com.tf.thinkdroid.archos_Archos5-1.dex'}", "type": "SYSCALL", "id": 9066}, {"sysname": "write", "xref": 7243, "ts": 0, "blob": "{'filename': u'/data/data/com.tf.thinkdroid.archos_Archos5/files/com.tf.thinkdroid.archos_Archos5-1.dex'}", "type": "SYSCALL", "id": 9067}, {"sysname": "write", "xref": 7243, "ts": 0, "blob": "{'filename': u'/data/data/com.tf.thinkdroid.archos_Archos5/files/com.tf.thinkdroid.archos_Archos5-1.dex'}", "type": "SYSCALL", "id": 9096}]}, {"tid": 331, "procname": "Thread-12", "class": "FS ACCESS", "low": [{"sysname": "open", "blob": "{'flags': 131649, 'mode': 384, 'filename': u'/data/data/com.tf.thinkdroid.archos_Archos5/shared_prefs/11.xml\\x00'}", "type": "SYSCALL", "id": 7355, "ts": 0}, {"sysname": "write", "xref": 7355, "ts": 0, "blob": "{'filename': u'/data/data/com.tf.thinkdroid.archos_Archos5/shared_prefs/11.xml'}", "type": "SYSCALL", "id": 7363}]}, {"tid": 332, "procname": ".archos_Archos5", "class": "EXECUTE", "low": [{"sysname": "execve", "blob": {"executed_file": "/system/bin/dexopt", "args": "[]", "retval": 0}, "type": "SYSCALL", "id": 7501, "ts": 0}]}]}}, "userid": "joystick", "country": "UNAVAILABLE", "date_end": "N/A", "date_start": "N/A", "date_submitted": "2012-11-19 17:48:58", "static": "/copperdroid/reports//AnserverBot_genome_stimulated/d7549a267243049921b7835d5d3d32aeeaa2ed95.apk.log", "submitter_ip": "127.0.0.1", "pcap": "/copperdroid/reports//AnserverBot_genome_stimulated/d7549a267243049921b7835d5d3d32aeeaa2ed95.apk.pcap", "md5": "2ce8c664bc8316232053a3f53ef80dc4"}