{"behaviors": {"static": {}, "dynamic": {"host": [{"tid": 77, "procname": "ActivityManager", "class": "ACCESS PERSONAL INFO", "subclass": "SMS", "low": [{"recv by": "com.keji.danti570", "intent": "android.provider.Telephony.SMS_RECEIVED", "type": "INTENT", "id": 2566, "ts": 0}]}, {"tid": 132, "procname": "Binder Thread #", "class": "ACCESS PERSONAL INFO", "subclass": "SMS", "low": [{"recv by": "com.keji.danti570", "intent": "android.provider.Telephony.SMS_RECEIVED", "type": "INTENT", "id": 2573, "ts": 0}]}]}}, "userid": "joystick", "country": "UNAVAILABLE", "date_end": "N/A", "date_start": "N/A", "date_submitted": "2012-11-19 17:56:13", "static": "/copperdroid/reports//AnserverBot_genome_stimulated/dbdb1aff55741236f2f26f0424c570f2b4fa159a.apk.log", "submitter_ip": "127.0.0.1", "pcap": "/copperdroid/reports//AnserverBot_genome_stimulated/dbdb1aff55741236f2f26f0424c570f2b4fa159a.apk.pcap", "md5": "335baf83f9efe0e3a8f3b5e4287ead5e"}