{"behaviors": {"static": {}, "dynamic": {"host": [{"tid": 77, "procname": "ActivityManager", "class": "ACCESS PERSONAL INFO", "subclass": "SMS", "low": [{"recv by": "com.keji.danti572", "intent": "android.provider.Telephony.SMS_RECEIVED", "type": "INTENT", "id": 3176, "ts": 0}]}, {"tid": 132, "procname": "Binder Thread #", "class": "ACCESS PERSONAL INFO", "subclass": "SMS", "low": [{"recv by": "com.keji.danti572", "intent": "android.provider.Telephony.SMS_RECEIVED", "type": "INTENT", "id": 3182, "ts": 0}]}]}}, "userid": "joystick", "country": "UNAVAILABLE", "date_end": "N/A", "date_start": "N/A", "date_submitted": "2012-11-19 17:53:50", "static": "/copperdroid/reports//AnserverBot_genome_stimulated/eb9c443bf67919de2a9869814e0a8f9add630a3c.apk.log", "submitter_ip": "127.0.0.1", "pcap": "/copperdroid/reports//AnserverBot_genome_stimulated/eb9c443bf67919de2a9869814e0a8f9add630a3c.apk.pcap", "md5": "760047a3569ce0e13f6965508691e1a5"}