{"behaviors": {"static": {}, "dynamic": {"host": [{"tid": 77, "procname": "ActivityManager", "class": "ACCESS PERSONAL INFO", "subclass": "SMS", "low": [{"recv by": "com.camelgames.mxmotor", "intent": "android.provider.Telephony.SMS_RECEIVED", "type": "INTENT", "id": 3031, "ts": 0}]}, {"tid": 117, "procname": "Binder Thread #", "class": "ACCESS PERSONAL INFO", "subclass": "SMS", "low": [{"recv by": "com.camelgames.mxmotor", "intent": "android.provider.Telephony.SMS_RECEIVED", "type": "INTENT", "id": 3065, "ts": 0}]}, {"tid": 318, "procname": "elgames.mxmotor", "class": "FS ACCESS", "low": [{"sysname": "open", "blob": "{'flags': 131649, 'mode': 384, 'filename': u'/data/data/com.camelgames.mxmotor/shared_prefs/0.xml\\x00'}", "type": "SYSCALL", "id": 3420, "ts": 0}, {"sysname": "write", "xref": 3420, "ts": 0, "blob": "{'filename': u'/data/data/com.camelgames.mxmotor/shared_prefs/0.xml'}", "type": "SYSCALL", "id": 3441}]}, {"tid": 318, "procname": "elgames.mxmotor", "class": "FS ACCESS", "low": [{"sysname": "open", "blob": "{'flags': 131649, 'mode': 384, 'filename': u'/data/data/com.camelgames.mxmotor/shared_prefs/0.xml\\x00'}", "type": "SYSCALL", "id": 3458, "ts": 0}, {"sysname": "write", "xref": 3458, "ts": 0, "blob": "{'filename': u'/data/data/com.camelgames.mxmotor/shared_prefs/0.xml'}", "type": "SYSCALL", "id": 3464}]}, {"tid": 318, "procname": "elgames.mxmotor", "class": "FS ACCESS", "low": [{"sysname": "open", "blob": "{'flags': 131649, 'mode': 384, 'filename': u'/data/data/com.camelgames.mxmotor/shared_prefs/0.xml\\x00'}", "type": "SYSCALL", "id": 3503, "ts": 0}, {"sysname": "write", "xref": 3503, "ts": 0, "blob": "{'filename': u'/data/data/com.camelgames.mxmotor/shared_prefs/0.xml'}", "type": "SYSCALL", "id": 3517}]}, {"tid": 318, "procname": "elgames.mxmotor", "class": "FS ACCESS", "low": [{"sysname": "open", "blob": "{'flags': 131649, 'mode': 384, 'filename': u'/data/data/com.camelgames.mxmotor/files/anservera.db\\x00'}", "type": "SYSCALL", "id": 3565, "ts": 0}, {"sysname": "write", "xref": 3565, "ts": 0, "blob": "{'filename': u'/data/data/com.camelgames.mxmotor/files/anservera.db'}", "type": "SYSCALL", "id": 3573}, {"sysname": "write", "xref": 3565, "ts": 0, "blob": "{'filename': u'/data/data/com.camelgames.mxmotor/files/anservera.db'}", "type": "SYSCALL", "id": 3579}, {"sysname": "write", "xref": 3565, "ts": 0, "blob": "{'filename': u'/data/data/com.camelgames.mxmotor/files/anservera.db'}", "type": "SYSCALL", "id": 3580}, {"sysname": "write", "xref": 3565, "ts": 0, "blob": "{'filename': u'/data/data/com.camelgames.mxmotor/files/anservera.db'}", "type": "SYSCALL", "id": 3581}, {"sysname": "write", "xref": 3565, "ts": 0, "blob": "{'filename': u'/data/data/com.camelgames.mxmotor/files/anservera.db'}", "type": "SYSCALL", "id": 3587}, {"sysname": "write", "xref": 3565, "ts": 0, "blob": "{'filename': u'/data/data/com.camelgames.mxmotor/files/anservera.db'}", "type": "SYSCALL", "id": 3588}, {"sysname": "write", "xref": 3565, "ts": 0, "blob": "{'filename': u'/data/data/com.camelgames.mxmotor/files/anservera.db'}", "type": "SYSCALL", "id": 3589}, {"sysname": "write", "xref": 3565, "ts": 0, "blob": "{'filename': u'/data/data/com.camelgames.mxmotor/files/anservera.db'}", "type": "SYSCALL", "id": 3597}, {"sysname": "write", "xref": 3565, "ts": 0, "blob": "{'filename': u'/data/data/com.camelgames.mxmotor/files/anservera.db'}", "type": "SYSCALL", "id": 3598}, {"sysname": "write", "xref": 3565, "ts": 0, "blob": "{'filename': u'/data/data/com.camelgames.mxmotor/files/anservera.db'}", "type": "SYSCALL", "id": 3607}, {"sysname": "write", "xref": 3565, "ts": 0, "blob": "{'filename': u'/data/data/com.camelgames.mxmotor/files/anservera.db'}", "type": "SYSCALL", "id": 3613}, {"sysname": "write", "xref": 3565, "ts": 0, "blob": "{'filename': u'/data/data/com.camelgames.mxmotor/files/anservera.db'}", "type": "SYSCALL", "id": 3614}, {"sysname": "write", "xref": 3565, "ts": 0, "blob": "{'filename': u'/data/data/com.camelgames.mxmotor/files/anservera.db'}", "type": "SYSCALL", "id": 3615}, {"sysname": "write", "xref": 3565, "ts": 0, "blob": "{'filename': u'/data/data/com.camelgames.mxmotor/files/anservera.db'}", "type": "SYSCALL", "id": 3618}, {"sysname": "write", "xref": 3565, "ts": 0, "blob": "{'filename': u'/data/data/com.camelgames.mxmotor/files/anservera.db'}", "type": "SYSCALL", "id": 3619}, {"sysname": "write", "xref": 3565, "ts": 0, "blob": "{'filename': u'/data/data/com.camelgames.mxmotor/files/anservera.db'}", "type": "SYSCALL", "id": 3620}, {"sysname": "write", "xref": 3565, "ts": 0, "blob": "{'filename': u'/data/data/com.camelgames.mxmotor/files/anservera.db'}", "type": "SYSCALL", "id": 3621}, {"sysname": "write", "xref": 3565, "ts": 0, "blob": "{'filename': u'/data/data/com.camelgames.mxmotor/files/anservera.db'}", "type": "SYSCALL", "id": 3627}, {"sysname": "write", "xref": 3565, "ts": 0, "blob": "{'filename': u'/data/data/com.camelgames.mxmotor/files/anservera.db'}", "type": "SYSCALL", "id": 3628}, {"sysname": "write", "xref": 3565, "ts": 0, "blob": "{'filename': u'/data/data/com.camelgames.mxmotor/files/anservera.db'}", "type": "SYSCALL", "id": 3634}, {"sysname": "write", "xref": 3565, "ts": 0, "blob": "{'filename': u'/data/data/com.camelgames.mxmotor/files/anservera.db'}", "type": "SYSCALL", "id": 3645}, {"sysname": "write", "xref": 3565, "ts": 0, "blob": "{'filename': u'/data/data/com.camelgames.mxmotor/files/anservera.db'}", "type": "SYSCALL", "id": 3646}, {"sysname": "write", "xref": 3565, "ts": 0, "blob": "{'filename': u'/data/data/com.camelgames.mxmotor/files/anservera.db'}", "type": "SYSCALL", "id": 3657}, {"sysname": "write", "xref": 3565, "ts": 0, "blob": "{'filename': u'/data/data/com.camelgames.mxmotor/files/anservera.db'}", "type": "SYSCALL", "id": 3658}, {"sysname": "write", "xref": 3565, "ts": 0, "blob": "{'filename': u'/data/data/com.camelgames.mxmotor/files/anservera.db'}", "type": "SYSCALL", "id": 3659}, {"sysname": "write", "xref": 3565, "ts": 0, "blob": "{'filename': u'/data/data/com.camelgames.mxmotor/files/anservera.db'}", "type": "SYSCALL", "id": 3660}, {"sysname": "write", "xref": 3565, "ts": 0, "blob": "{'filename': u'/data/data/com.camelgames.mxmotor/files/anservera.db'}", "type": "SYSCALL", "id": 3661}, {"sysname": "write", "xref": 3565, "ts": 0, "blob": "{'filename': u'/data/data/com.camelgames.mxmotor/files/anservera.db'}", "type": "SYSCALL", "id": 3664}, {"sysname": "write", "xref": 3565, "ts": 0, "blob": "{'filename': u'/data/data/com.camelgames.mxmotor/files/anservera.db'}", "type": "SYSCALL", "id": 3665}, {"sysname": "write", "xref": 3565, "ts": 0, "blob": "{'filename': u'/data/data/com.camelgames.mxmotor/files/anservera.db'}", "type": "SYSCALL", "id": 3666}, {"sysname": "write", "xref": 3565, "ts": 0, "blob": "{'filename': u'/data/data/com.camelgames.mxmotor/files/anservera.db'}", "type": "SYSCALL", "id": 3667}]}, {"tid": 318, "procname": "elgames.mxmotor", "class": "FS ACCESS", "low": [{"sysname": "open", "blob": "{'flags': 131649, 'mode': 384, 'filename': u'/data/data/com.camelgames.mxmotor/files/anserverb.db\\x00'}", "type": "SYSCALL", "id": 3689, "ts": 0}, {"sysname": "write", "xref": 3689, "ts": 0, "blob": "{'filename': u'/data/data/com.camelgames.mxmotor/files/anserverb.db'}", "type": "SYSCALL", "id": 3704}, {"sysname": "write", "xref": 3689, "ts": 0, "blob": "{'filename': u'/data/data/com.camelgames.mxmotor/files/anserverb.db'}", "type": "SYSCALL", "id": 3705}, {"sysname": "write", "xref": 3689, "ts": 0, "blob": "{'filename': u'/data/data/com.camelgames.mxmotor/files/anserverb.db'}", "type": "SYSCALL", "id": 3706}, {"sysname": "write", "xref": 3689, "ts": 0, "blob": "{'filename': u'/data/data/com.camelgames.mxmotor/files/anserverb.db'}", "type": "SYSCALL", "id": 3707}, {"sysname": "write", "xref": 3689, "ts": 0, "blob": "{'filename': u'/data/data/com.camelgames.mxmotor/files/anserverb.db'}", "type": "SYSCALL", "id": 3708}, {"sysname": "write", "xref": 3689, "ts": 0, "blob": "{'filename': u'/data/data/com.camelgames.mxmotor/files/anserverb.db'}", "type": "SYSCALL", "id": 3709}, {"sysname": "write", "xref": 3689, "ts": 0, "blob": "{'filename': u'/data/data/com.camelgames.mxmotor/files/anserverb.db'}", "type": "SYSCALL", "id": 3710}, {"sysname": "write", "xref": 3689, "ts": 0, "blob": "{'filename': u'/data/data/com.camelgames.mxmotor/files/anserverb.db'}", "type": "SYSCALL", "id": 3711}, {"sysname": "write", "xref": 3689, "ts": 0, "blob": "{'filename': u'/data/data/com.camelgames.mxmotor/files/anserverb.db'}", "type": "SYSCALL", "id": 3712}, {"sysname": "write", "xref": 3689, "ts": 0, "blob": "{'filename': u'/data/data/com.camelgames.mxmotor/files/anserverb.db'}", "type": "SYSCALL", "id": 3713}, {"sysname": "write", "xref": 3689, "ts": 0, "blob": "{'filename': u'/data/data/com.camelgames.mxmotor/files/anserverb.db'}", "type": "SYSCALL", "id": 3716}, {"sysname": "write", "xref": 3689, "ts": 0, "blob": "{'filename': u'/data/data/com.camelgames.mxmotor/files/anserverb.db'}", "type": "SYSCALL", "id": 3717}, {"sysname": "write", "xref": 3689, "ts": 0, "blob": "{'filename': u'/data/data/com.camelgames.mxmotor/files/anserverb.db'}", "type": "SYSCALL", "id": 3721}, {"sysname": "write", "xref": 3689, "ts": 0, "blob": "{'filename': u'/data/data/com.camelgames.mxmotor/files/anserverb.db'}", "type": "SYSCALL", "id": 3722}, {"sysname": "write", "xref": 3689, "ts": 0, "blob": "{'filename': u'/data/data/com.camelgames.mxmotor/files/anserverb.db'}", "type": "SYSCALL", "id": 3723}, {"sysname": "write", "xref": 3689, "ts": 0, "blob": "{'filename': u'/data/data/com.camelgames.mxmotor/files/anserverb.db'}", "type": "SYSCALL", "id": 3727}, {"sysname": "write", "xref": 3689, "ts": 0, "blob": "{'filename': u'/data/data/com.camelgames.mxmotor/files/anserverb.db'}", "type": "SYSCALL", "id": 3728}, {"sysname": "write", "xref": 3689, "ts": 0, "blob": "{'filename': u'/data/data/com.camelgames.mxmotor/files/anserverb.db'}", "type": "SYSCALL", "id": 3729}, {"sysname": "write", "xref": 3689, "ts": 0, "blob": "{'filename': u'/data/data/com.camelgames.mxmotor/files/anserverb.db'}", "type": "SYSCALL", "id": 3730}, {"sysname": "write", "xref": 3689, "ts": 0, "blob": "{'filename': u'/data/data/com.camelgames.mxmotor/files/anserverb.db'}", "type": "SYSCALL", "id": 3731}, {"sysname": "write", "xref": 3689, "ts": 0, "blob": "{'filename': u'/data/data/com.camelgames.mxmotor/files/anserverb.db'}", "type": "SYSCALL", "id": 3734}, {"sysname": "write", "xref": 3689, "ts": 0, "blob": "{'filename': u'/data/data/com.camelgames.mxmotor/files/anserverb.db'}", "type": "SYSCALL", "id": 3735}, {"sysname": "write", "xref": 3689, "ts": 0, "blob": "{'filename': u'/data/data/com.camelgames.mxmotor/files/anserverb.db'}", "type": "SYSCALL", "id": 3736}, {"sysname": "write", "xref": 3689, "ts": 0, "blob": "{'filename': u'/data/data/com.camelgames.mxmotor/files/anserverb.db'}", "type": "SYSCALL", "id": 3737}, {"sysname": "write", "xref": 3689, "ts": 0, "blob": "{'filename': u'/data/data/com.camelgames.mxmotor/files/anserverb.db'}", "type": "SYSCALL", "id": 3738}, {"sysname": "write", "xref": 3689, "ts": 0, "blob": "{'filename': u'/data/data/com.camelgames.mxmotor/files/anserverb.db'}", "type": "SYSCALL", "id": 3739}, {"sysname": "write", "xref": 3689, "ts": 0, "blob": "{'filename': u'/data/data/com.camelgames.mxmotor/files/anserverb.db'}", "type": "SYSCALL", "id": 3740}]}, {"tid": 318, "procname": "elgames.mxmotor", "class": "FS ACCESS", "low": [{"sysname": "open", "blob": "{'flags': 131649, 'mode': 384, 'filename': u'/data/data/com.camelgames.mxmotor/shared_prefs/0.xml\\x00'}", "type": "SYSCALL", "id": 3748, "ts": 0}, {"sysname": "write", "xref": 3748, "ts": 0, "blob": "{'filename': u'/data/data/com.camelgames.mxmotor/shared_prefs/0.xml'}", "type": "SYSCALL", "id": 3752}]}, {"tid": 318, "procname": "elgames.mxmotor", "class": "FS ACCESS", "low": [{"sysname": "open", "blob": "{'flags': 131649, 'mode': 384, 'filename': u'/data/data/com.camelgames.mxmotor/shared_prefs/0.xml\\x00'}", "type": "SYSCALL", "id": 3761, "ts": 0}, {"sysname": "write", "xref": 3761, "ts": 0, "blob": "{'filename': u'/data/data/com.camelgames.mxmotor/shared_prefs/0.xml'}", "type": "SYSCALL", "id": 3867}]}, {"tid": 330, "procname": "dexopt", "class": "FS ACCESS", "low": [{"sysname": "open", "blob": "{'flags': 131138, 'mode': 420, 'filename': u'/data/data/com.camelgames.mxmotor/files/anserverb.dex\\x00'}", "type": "SYSCALL", "id": 4903, "ts": 0}, {"sysname": "write", "xref": 4903, "ts": 0, "blob": "{'filename': u'/data/data/com.camelgames.mxmotor/files/anserverb.dex'}", "type": "SYSCALL", "id": 4907}, {"sysname": "write", "xref": 4903, "ts": 0, "blob": "{'filename': u'/data/data/com.camelgames.mxmotor/files/anserverb.dex'}", "type": "SYSCALL", "id": 4913}, {"sysname": "write", "xref": 4903, "ts": 0, "blob": "{'filename': u'/data/data/com.camelgames.mxmotor/files/anserverb.dex'}", "type": "SYSCALL", "id": 4924}, {"sysname": "write", "xref": 4903, "ts": 0, "blob": "{'filename': u'/data/data/com.camelgames.mxmotor/files/anserverb.dex'}", "type": "SYSCALL", "id": 5680}, {"sysname": "write", "xref": 4903, "ts": 0, "blob": "{'filename': u'/data/data/com.camelgames.mxmotor/files/anserverb.dex'}", "type": "SYSCALL", "id": 5683}, {"sysname": "write", "xref": 4903, "ts": 0, "blob": "{'filename': u'/data/data/com.camelgames.mxmotor/files/anserverb.dex'}", "type": "SYSCALL", "id": 5684}, {"sysname": "write", "xref": 4903, "ts": 0, "blob": "{'filename': u'/data/data/com.camelgames.mxmotor/files/anserverb.dex'}", "type": "SYSCALL", "id": 5685}, {"sysname": "write", "xref": 4903, "ts": 0, "blob": "{'filename': u'/data/data/com.camelgames.mxmotor/files/anserverb.dex'}", "type": "SYSCALL", "id": 5691}]}, {"tid": 330, "procname": "elgames.mxmotor", "class": "EXECUTE", "low": [{"sysname": "execve", "blob": {"executed_file": "/system/bin/dexopt", "args": "[]", "retval": 0}, "type": "SYSCALL", "id": 4945, "ts": 0}]}, {"tid": 318, "procname": "elgames.mxmotor", "class": "FS ACCESS", "low": [{"sysname": "open", "blob": "{'flags': 131649, 'mode': 384, 'filename': u'/data/data/com.camelgames.mxmotor/shared_prefs/0.xml\\x00'}", "type": "SYSCALL", "id": 5756, "ts": 0}, {"sysname": "write", "xref": 5756, "ts": 0, "blob": "{'filename': u'/data/data/com.camelgames.mxmotor/shared_prefs/0.xml'}", "type": "SYSCALL", "id": 5787}]}, {"tid": 318, "procname": "elgames.mxmotor", "class": "FS ACCESS", "low": [{"sysname": "open", "blob": "{'flags': 131649, 'mode': 384, 'filename': u'/data/data/com.camelgames.mxmotor/shared_prefs/0.xml\\x00'}", "type": "SYSCALL", "id": 5801, "ts": 0}, {"sysname": "write", "xref": 5801, "ts": 0, "blob": "{'filename': u'/data/data/com.camelgames.mxmotor/shared_prefs/0.xml'}", "type": "SYSCALL", "id": 5825}]}, {"tid": 318, "procname": "elgames.mxmotor", "class": "FS ACCESS", "low": [{"sysname": "open", "blob": "{'flags': 131649, 'mode': 384, 'filename': u'/data/data/com.camelgames.mxmotor/shared_prefs/11.xml\\x00'}", "type": "SYSCALL", "id": 5847, "ts": 0}, {"sysname": "write", "xref": 5847, "ts": 0, "blob": "{'filename': u'/data/data/com.camelgames.mxmotor/shared_prefs/11.xml'}", "type": "SYSCALL", "id": 5858}]}, {"tid": 332, "procname": "Thread-13", "class": "ACCESS PERSONAL INFO", "subclass": "PHONE", "low": [{"method_name": "com.android.internal.telephony.IPhoneSubInfo.getSubscriberId()()", "type": "BINDER", "id": 6343, "ts": 0}]}, {"tid": 332, "procname": "Thread-13", "class": "ACCESS PERSONAL INFO", "subclass": "PHONE", "low": [{"method_name": "com.android.internal.telephony.IPhoneSubInfo.getDeviceId()()", "type": "BINDER", "id": 6427, "ts": 0}]}, {"tid": 332, "procname": "Thread-13", "class": "FS ACCESS", "low": [{"sysname": "open", "blob": "{'flags': 131649, 'mode': 384, 'filename': u'/data/data/com.camelgames.mxmotor/shared_prefs/0.xml\\x00'}", "type": "SYSCALL", "id": 6464, "ts": 0}, {"sysname": "write", "xref": 6464, "ts": 0, "blob": "{'filename': u'/data/data/com.camelgames.mxmotor/shared_prefs/0.xml'}", "type": "SYSCALL", "id": 6490}]}, {"tid": 332, "procname": "Thread-13", "class": "NETWORK ACCESS", "subclass": "DNS", "low": [{"sysname": "connect", "blob": "{'host': '10.0.2.3', 'retval': 0, 'port': 53}", "type": "SYSCALL", "id": 7465, "ts": 0}, {"sysname": "sendto", "xref": 7465, "ts": 0, "blob": "{'query_data': 'b4.cookier.co.cc. 1 1'}", "type": "SYSCALL", "id": 7466}]}, {"tid": 332, "procname": "Thread-13", "class": "NETWORK ACCESS", "low": [{"sysname": "connect", "blob": "{'host': '::ffff:10.10.10.10', 'retval': -115, 'port': 8080}", "type": "SYSCALL", "id": 7500, "ts": 0}]}]}}, "userid": "joystick", "country": "UNAVAILABLE", "date_end": "N/A", "date_start": "N/A", "date_submitted": "2012-11-19 17:52:30", "static": "/copperdroid/reports//AnserverBot_genome_stimulated/ef140ab1ad04bd9e52c8c5f2fb6440f3a9ebe8ea.apk.log", "submitter_ip": "127.0.0.1", "pcap": "/copperdroid/reports//AnserverBot_genome_stimulated/ef140ab1ad04bd9e52c8c5f2fb6440f3a9ebe8ea.apk.pcap", "md5": "e5b7b76bd7154dea167f108daa0488fc"}