{"behaviors": {"static": {}, "dynamic": {"host": [{"tid": 77, "procname": "ActivityManager", "class": "ACCESS PERSONAL INFO", "subclass": "SMS", "low": [{"recv by": "com.keji.danti561", "intent": "android.provider.Telephony.SMS_RECEIVED", "type": "INTENT", "id": 2059, "ts": 0}]}, {"tid": 154, "procname": "Binder Thread #", "class": "ACCESS PERSONAL INFO", "subclass": "SMS", "low": [{"recv by": "com.keji.danti561", "intent": "android.provider.Telephony.SMS_RECEIVED", "type": "INTENT", "id": 2065, "ts": 0}]}]}}, "userid": "joystick", "country": "UNAVAILABLE", "date_end": "N/A", "date_start": "N/A", "date_submitted": "2012-11-19 17:38:22", "static": "/copperdroid/reports//AnserverBot_genome_stimulated/f1dc8e25efaca878f8c7d3b13db5031b3eb9f049.apk.log", "submitter_ip": "127.0.0.1", "pcap": "/copperdroid/reports//AnserverBot_genome_stimulated/f1dc8e25efaca878f8c7d3b13db5031b3eb9f049.apk.pcap", "md5": "15554b42b7405bf26514add6fe735025"}