{"behaviors": {"static": {}, "dynamic": {"host": [{"tid": 318, "procname": "cham.zhiyou.app", "class": "ACCESS PERSONAL INFO", "subclass": "PHONE", "low": [{"method_name": "com.android.internal.telephony.IPhoneSubInfo.getDeviceId()()", "type": "BINDER", "id": 1602, "ts": 0}]}, {"tid": 318, "procname": "cham.zhiyou.app", "class": "FS ACCESS", "low": [{"sysname": "open", "blob": "{'flags': 131649, 'mode': 384, 'filename': u'/data/data/hcham.zhiyou.app/shared_prefs/appPrefrences.xml\\x00'}", "type": "SYSCALL", "id": 1621, "ts": 0}, {"sysname": "write", "xref": 1621, "ts": 0, "blob": "{'filename': u'/data/data/hcham.zhiyou.app/shared_prefs/appPrefrences.xml'}", "type": "SYSCALL", "id": 1622}]}, {"tid": 318, "procname": "cham.zhiyou.app", "class": "FS ACCESS", "low": [{"sysname": "open", "blob": "{'flags': 131649, 'mode': 384, 'filename': u'/data/data/hcham.zhiyou.app/databases/dbp\\x00'}", "type": "SYSCALL", "id": 1797, "ts": 0}, {"sysname": "write", "xref": 1797, "ts": 0, "blob": "{'filename': u'/data/data/hcham.zhiyou.app/databases/dbp'}", "type": "SYSCALL", "id": 1811}, {"sysname": "write", "xref": 1797, "ts": 0, "blob": "{'filename': u'/data/data/hcham.zhiyou.app/databases/dbp'}", "type": "SYSCALL", "id": 1812}, {"sysname": "write", "xref": 1797, "ts": 0, "blob": "{'filename': u'/data/data/hcham.zhiyou.app/databases/dbp'}", "type": "SYSCALL", "id": 1818}, {"sysname": "write", "xref": 1797, "ts": 0, "blob": "{'filename': u'/data/data/hcham.zhiyou.app/databases/dbp'}", "type": "SYSCALL", "id": 1819}, {"sysname": "write", "xref": 1797, "ts": 0, "blob": "{'filename': u'/data/data/hcham.zhiyou.app/databases/dbp'}", "type": "SYSCALL", "id": 1820}, {"sysname": "write", "xref": 1797, "ts": 0, "blob": "{'filename': u'/data/data/hcham.zhiyou.app/databases/dbp'}", "type": "SYSCALL", "id": 1827}, {"sysname": "write", "xref": 1797, "ts": 0, "blob": "{'filename': u'/data/data/hcham.zhiyou.app/databases/dbp'}", "type": "SYSCALL", "id": 1828}, {"sysname": "write", "xref": 1797, "ts": 0, "blob": "{'filename': u'/data/data/hcham.zhiyou.app/databases/dbp'}", "type": "SYSCALL", "id": 1833}, {"sysname": "write", "xref": 1797, "ts": 0, "blob": "{'filename': u'/data/data/hcham.zhiyou.app/databases/dbp'}", "type": "SYSCALL", "id": 1839}, {"sysname": "write", "xref": 1797, "ts": 0, "blob": "{'filename': u'/data/data/hcham.zhiyou.app/databases/dbp'}", "type": "SYSCALL", "id": 1840}, {"sysname": "write", "xref": 1797, "ts": 0, "blob": "{'filename': u'/data/data/hcham.zhiyou.app/databases/dbp'}", "type": "SYSCALL", "id": 1841}, {"sysname": "write", "xref": 1797, "ts": 0, "blob": "{'filename': u'/data/data/hcham.zhiyou.app/databases/dbp'}", "type": "SYSCALL", "id": 1845}, {"sysname": "write", "xref": 1797, "ts": 0, "blob": "{'filename': u'/data/data/hcham.zhiyou.app/databases/dbp'}", "type": "SYSCALL", "id": 1846}, {"sysname": "write", "xref": 1797, "ts": 0, "blob": "{'filename': u'/data/data/hcham.zhiyou.app/databases/dbp'}", "type": "SYSCALL", "id": 1847}, {"sysname": "write", "xref": 1797, "ts": 0, "blob": "{'filename': u'/data/data/hcham.zhiyou.app/databases/dbp'}", "type": "SYSCALL", "id": 1856}, {"sysname": "write", "xref": 1797, "ts": 0, "blob": "{'filename': u'/data/data/hcham.zhiyou.app/databases/dbp'}", "type": "SYSCALL", "id": 1857}, {"sysname": "write", "xref": 1797, "ts": 0, "blob": "{'filename': u'/data/data/hcham.zhiyou.app/databases/dbp'}", "type": "SYSCALL", "id": 1864}, {"sysname": "write", "xref": 1797, "ts": 0, "blob": "{'filename': u'/data/data/hcham.zhiyou.app/databases/dbp'}", "type": "SYSCALL", "id": 1865}, {"sysname": "write", "xref": 1797, "ts": 0, "blob": "{'filename': u'/data/data/hcham.zhiyou.app/databases/dbp'}", "type": "SYSCALL", "id": 1871}, {"sysname": "write", "xref": 1797, "ts": 0, "blob": "{'filename': u'/data/data/hcham.zhiyou.app/databases/dbp'}", "type": "SYSCALL", "id": 1872}, {"sysname": "write", "xref": 1797, "ts": 0, "blob": "{'filename': u'/data/data/hcham.zhiyou.app/databases/dbp'}", "type": "SYSCALL", "id": 1879}, {"sysname": "write", "xref": 1797, "ts": 0, "blob": "{'filename': u'/data/data/hcham.zhiyou.app/databases/dbp'}", "type": "SYSCALL", "id": 1880}, {"sysname": "write", "xref": 1797, "ts": 0, "blob": "{'filename': u'/data/data/hcham.zhiyou.app/databases/dbp'}", "type": "SYSCALL", "id": 1881}, {"sysname": "write", "xref": 1797, "ts": 0, "blob": "{'filename': u'/data/data/hcham.zhiyou.app/databases/dbp'}", "type": "SYSCALL", "id": 1882}, {"sysname": "write", "xref": 1797, "ts": 0, "blob": "{'filename': u'/data/data/hcham.zhiyou.app/databases/dbp'}", "type": "SYSCALL", "id": 1883}, {"sysname": "write", "xref": 1797, "ts": 0, "blob": "{'filename': u'/data/data/hcham.zhiyou.app/databases/dbp'}", "type": "SYSCALL", "id": 1884}, {"sysname": "write", "xref": 1797, "ts": 0, "blob": "{'filename': u'/data/data/hcham.zhiyou.app/databases/dbp'}", "type": "SYSCALL", "id": 1885}, {"sysname": "write", "xref": 1797, "ts": 0, "blob": "{'filename': u'/data/data/hcham.zhiyou.app/databases/dbp'}", "type": "SYSCALL", "id": 1886}, {"sysname": "write", "xref": 1797, "ts": 0, "blob": "{'filename': u'/data/data/hcham.zhiyou.app/databases/dbp'}", "type": "SYSCALL", "id": 1887}, {"sysname": "write", "xref": 1797, "ts": 0, "blob": "{'filename': u'/data/data/hcham.zhiyou.app/databases/dbp'}", "type": "SYSCALL", "id": 1888}, {"sysname": "write", "xref": 1797, "ts": 0, "blob": "{'filename': u'/data/data/hcham.zhiyou.app/databases/dbp'}", "type": "SYSCALL", "id": 1889}, {"sysname": "write", "xref": 1797, "ts": 0, "blob": "{'filename': u'/data/data/hcham.zhiyou.app/databases/dbp'}", "type": "SYSCALL", "id": 1890}, {"sysname": "write", "xref": 1797, "ts": 0, "blob": "{'filename': u'/data/data/hcham.zhiyou.app/databases/dbp'}", "type": "SYSCALL", "id": 1891}, {"sysname": "write", "xref": 1797, "ts": 0, "blob": "{'filename': u'/data/data/hcham.zhiyou.app/databases/dbp'}", "type": "SYSCALL", "id": 1892}, {"sysname": "write", "xref": 1797, "ts": 0, "blob": "{'filename': u'/data/data/hcham.zhiyou.app/databases/dbp'}", "type": "SYSCALL", "id": 1893}, {"sysname": "write", "xref": 1797, "ts": 0, "blob": "{'filename': u'/data/data/hcham.zhiyou.app/databases/dbp'}", "type": "SYSCALL", "id": 1894}, {"sysname": "write", "xref": 1797, "ts": 0, "blob": "{'filename': u'/data/data/hcham.zhiyou.app/databases/dbp'}", "type": "SYSCALL", "id": 1895}, {"sysname": "write", "xref": 1797, "ts": 0, "blob": "{'filename': u'/data/data/hcham.zhiyou.app/databases/dbp'}", "type": "SYSCALL", "id": 1896}, {"sysname": "write", "xref": 1797, "ts": 0, "blob": "{'filename': u'/data/data/hcham.zhiyou.app/databases/dbp'}", "type": "SYSCALL", "id": 1897}, {"sysname": "write", "xref": 1797, "ts": 0, "blob": "{'filename': u'/data/data/hcham.zhiyou.app/databases/dbp'}", "type": "SYSCALL", "id": 1898}, {"sysname": "write", "xref": 1797, "ts": 0, "blob": "{'filename': u'/data/data/hcham.zhiyou.app/databases/dbp'}", "type": "SYSCALL", "id": 1899}, {"sysname": "write", "xref": 1797, "ts": 0, "blob": "{'filename': u'/data/data/hcham.zhiyou.app/databases/dbp'}", "type": "SYSCALL", "id": 1900}, {"sysname": "write", "xref": 1797, "ts": 0, "blob": "{'filename': u'/data/data/hcham.zhiyou.app/databases/dbp'}", "type": "SYSCALL", "id": 1901}, {"sysname": "write", "xref": 1797, "ts": 0, "blob": "{'filename': u'/data/data/hcham.zhiyou.app/databases/dbp'}", "type": "SYSCALL", "id": 1902}, {"sysname": "write", "xref": 1797, "ts": 0, "blob": "{'filename': u'/data/data/hcham.zhiyou.app/databases/dbp'}", "type": "SYSCALL", "id": 1903}, {"sysname": "write", "xref": 1797, "ts": 0, "blob": "{'filename': u'/data/data/hcham.zhiyou.app/databases/dbp'}", "type": "SYSCALL", "id": 1904}, {"sysname": "write", "xref": 1797, "ts": 0, "blob": "{'filename': u'/data/data/hcham.zhiyou.app/databases/dbp'}", "type": "SYSCALL", "id": 1905}, {"sysname": "write", "xref": 1797, "ts": 0, "blob": "{'filename': u'/data/data/hcham.zhiyou.app/databases/dbp'}", "type": "SYSCALL", "id": 1906}, {"sysname": "write", "xref": 1797, "ts": 0, "blob": "{'filename': u'/data/data/hcham.zhiyou.app/databases/dbp'}", "type": "SYSCALL", "id": 1907}, {"sysname": "write", "xref": 1797, "ts": 0, "blob": "{'filename': u'/data/data/hcham.zhiyou.app/databases/dbp'}", "type": "SYSCALL", "id": 1908}, {"sysname": "write", "xref": 1797, "ts": 0, "blob": "{'filename': u'/data/data/hcham.zhiyou.app/databases/dbp'}", "type": "SYSCALL", "id": 1909}, {"sysname": "write", "xref": 1797, "ts": 0, "blob": "{'filename': u'/data/data/hcham.zhiyou.app/databases/dbp'}", "type": "SYSCALL", "id": 1910}, {"sysname": "write", "xref": 1797, "ts": 0, "blob": "{'filename': u'/data/data/hcham.zhiyou.app/databases/dbp'}", "type": "SYSCALL", "id": 1911}, {"sysname": "write", "xref": 1797, "ts": 0, "blob": "{'filename': u'/data/data/hcham.zhiyou.app/databases/dbp'}", "type": "SYSCALL", "id": 1912}, {"sysname": "write", "xref": 1797, "ts": 0, "blob": "{'filename': u'/data/data/hcham.zhiyou.app/databases/dbp'}", "type": "SYSCALL", "id": 1913}, {"sysname": "write", "xref": 1797, "ts": 0, "blob": "{'filename': u'/data/data/hcham.zhiyou.app/databases/dbp'}", "type": "SYSCALL", "id": 1914}, {"sysname": "write", "xref": 1797, "ts": 0, "blob": "{'filename': u'/data/data/hcham.zhiyou.app/databases/dbp'}", "type": "SYSCALL", "id": 1915}, {"sysname": "write", "xref": 1797, "ts": 0, "blob": "{'filename': u'/data/data/hcham.zhiyou.app/databases/dbp'}", "type": "SYSCALL", "id": 1916}, {"sysname": "write", "xref": 1797, "ts": 0, "blob": "{'filename': u'/data/data/hcham.zhiyou.app/databases/dbp'}", "type": "SYSCALL", "id": 1917}, {"sysname": "write", "xref": 1797, "ts": 0, "blob": "{'filename': u'/data/data/hcham.zhiyou.app/databases/dbp'}", "type": "SYSCALL", "id": 1918}, {"sysname": "write", "xref": 1797, "ts": 0, "blob": "{'filename': u'/data/data/hcham.zhiyou.app/databases/dbp'}", "type": "SYSCALL", "id": 1919}, {"sysname": "write", "xref": 1797, "ts": 0, "blob": "{'filename': u'/data/data/hcham.zhiyou.app/databases/dbp'}", "type": "SYSCALL", "id": 1920}, {"sysname": "write", "xref": 1797, "ts": 0, "blob": "{'filename': u'/data/data/hcham.zhiyou.app/databases/dbp'}", "type": "SYSCALL", "id": 1921}, {"sysname": "write", "xref": 1797, "ts": 0, "blob": "{'filename': u'/data/data/hcham.zhiyou.app/databases/dbp'}", "type": "SYSCALL", "id": 1922}, {"sysname": "write", "xref": 1797, "ts": 0, "blob": "{'filename': u'/data/data/hcham.zhiyou.app/databases/dbp'}", "type": "SYSCALL", "id": 1923}, {"sysname": "write", "xref": 1797, "ts": 0, "blob": "{'filename': u'/data/data/hcham.zhiyou.app/databases/dbp'}", "type": "SYSCALL", "id": 1924}, {"sysname": "write", "xref": 1797, "ts": 0, "blob": "{'filename': u'/data/data/hcham.zhiyou.app/databases/dbp'}", "type": "SYSCALL", "id": 1925}, {"sysname": "write", "xref": 1797, "ts": 0, "blob": "{'filename': u'/data/data/hcham.zhiyou.app/databases/dbp'}", "type": "SYSCALL", "id": 1926}, {"sysname": "write", "xref": 1797, "ts": 0, "blob": "{'filename': u'/data/data/hcham.zhiyou.app/databases/dbp'}", "type": "SYSCALL", "id": 1927}, {"sysname": "write", "xref": 1797, "ts": 0, "blob": "{'filename': u'/data/data/hcham.zhiyou.app/databases/dbp'}", "type": "SYSCALL", "id": 1928}, {"sysname": "write", "xref": 1797, "ts": 0, "blob": "{'filename': u'/data/data/hcham.zhiyou.app/databases/dbp'}", "type": "SYSCALL", "id": 1929}, {"sysname": "write", "xref": 1797, "ts": 0, "blob": "{'filename': u'/data/data/hcham.zhiyou.app/databases/dbp'}", "type": "SYSCALL", "id": 1930}, {"sysname": "write", "xref": 1797, "ts": 0, "blob": "{'filename': u'/data/data/hcham.zhiyou.app/databases/dbp'}", "type": "SYSCALL", "id": 1931}, {"sysname": "write", "xref": 1797, "ts": 0, "blob": "{'filename': u'/data/data/hcham.zhiyou.app/databases/dbp'}", "type": "SYSCALL", "id": 1932}, {"sysname": "write", "xref": 1797, "ts": 0, "blob": "{'filename': u'/data/data/hcham.zhiyou.app/databases/dbp'}", "type": "SYSCALL", "id": 1933}, {"sysname": "write", "xref": 1797, "ts": 0, "blob": "{'filename': u'/data/data/hcham.zhiyou.app/databases/dbp'}", "type": "SYSCALL", "id": 1934}, {"sysname": "write", "xref": 1797, "ts": 0, "blob": "{'filename': u'/data/data/hcham.zhiyou.app/databases/dbp'}", "type": "SYSCALL", "id": 1935}, {"sysname": "write", "xref": 1797, "ts": 0, "blob": "{'filename': u'/data/data/hcham.zhiyou.app/databases/dbp'}", "type": "SYSCALL", "id": 1936}, {"sysname": "write", "xref": 1797, "ts": 0, "blob": "{'filename': u'/data/data/hcham.zhiyou.app/databases/dbp'}", "type": "SYSCALL", "id": 1937}, {"sysname": "write", "xref": 1797, "ts": 0, "blob": "{'filename': u'/data/data/hcham.zhiyou.app/databases/dbp'}", "type": "SYSCALL", "id": 1938}, {"sysname": "write", "xref": 1797, "ts": 0, "blob": "{'filename': u'/data/data/hcham.zhiyou.app/databases/dbp'}", "type": "SYSCALL", "id": 1939}, {"sysname": "write", "xref": 1797, "ts": 0, "blob": "{'filename': u'/data/data/hcham.zhiyou.app/databases/dbp'}", "type": "SYSCALL", "id": 1940}, {"sysname": "write", "xref": 1797, "ts": 0, "blob": "{'filename': u'/data/data/hcham.zhiyou.app/databases/dbp'}", "type": "SYSCALL", "id": 1941}, {"sysname": "write", "xref": 1797, "ts": 0, "blob": "{'filename': u'/data/data/hcham.zhiyou.app/databases/dbp'}", "type": "SYSCALL", "id": 1942}, {"sysname": "write", "xref": 1797, "ts": 0, "blob": "{'filename': u'/data/data/hcham.zhiyou.app/databases/dbp'}", "type": "SYSCALL", "id": 1943}, {"sysname": "write", "xref": 1797, "ts": 0, "blob": "{'filename': u'/data/data/hcham.zhiyou.app/databases/dbp'}", "type": "SYSCALL", "id": 1944}, {"sysname": "write", "xref": 1797, "ts": 0, "blob": "{'filename': u'/data/data/hcham.zhiyou.app/databases/dbp'}", "type": "SYSCALL", "id": 1945}, {"sysname": "write", "xref": 1797, "ts": 0, "blob": "{'filename': u'/data/data/hcham.zhiyou.app/databases/dbp'}", "type": "SYSCALL", "id": 1946}, {"sysname": "write", "xref": 1797, "ts": 0, "blob": "{'filename': u'/data/data/hcham.zhiyou.app/databases/dbp'}", "type": "SYSCALL", "id": 1947}, {"sysname": "write", "xref": 1797, "ts": 0, "blob": "{'filename': u'/data/data/hcham.zhiyou.app/databases/dbp'}", "type": "SYSCALL", "id": 1948}, {"sysname": "write", "xref": 1797, "ts": 0, "blob": "{'filename': u'/data/data/hcham.zhiyou.app/databases/dbp'}", "type": "SYSCALL", "id": 1949}, {"sysname": "write", "xref": 1797, "ts": 0, "blob": "{'filename': u'/data/data/hcham.zhiyou.app/databases/dbp'}", "type": "SYSCALL", "id": 1950}, {"sysname": "write", "xref": 1797, "ts": 0, "blob": "{'filename': u'/data/data/hcham.zhiyou.app/databases/dbp'}", "type": "SYSCALL", "id": 1951}, {"sysname": "write", "xref": 1797, "ts": 0, "blob": "{'filename': u'/data/data/hcham.zhiyou.app/databases/dbp'}", "type": "SYSCALL", "id": 1952}, {"sysname": "write", "xref": 1797, "ts": 0, "blob": "{'filename': u'/data/data/hcham.zhiyou.app/databases/dbp'}", "type": "SYSCALL", "id": 1953}, {"sysname": "write", "xref": 1797, "ts": 0, "blob": "{'filename': u'/data/data/hcham.zhiyou.app/databases/dbp'}", "type": "SYSCALL", "id": 1954}, {"sysname": "write", "xref": 1797, "ts": 0, "blob": "{'filename': u'/data/data/hcham.zhiyou.app/databases/dbp'}", "type": "SYSCALL", "id": 1955}, {"sysname": "write", "xref": 1797, "ts": 0, "blob": "{'filename': u'/data/data/hcham.zhiyou.app/databases/dbp'}", "type": "SYSCALL", "id": 1956}, {"sysname": "write", "xref": 1797, "ts": 0, "blob": "{'filename': u'/data/data/hcham.zhiyou.app/databases/dbp'}", "type": "SYSCALL", "id": 1957}, {"sysname": "write", "xref": 1797, "ts": 0, "blob": "{'filename': u'/data/data/hcham.zhiyou.app/databases/dbp'}", "type": "SYSCALL", "id": 1958}, {"sysname": "write", "xref": 1797, "ts": 0, "blob": "{'filename': u'/data/data/hcham.zhiyou.app/databases/dbp'}", "type": "SYSCALL", "id": 1959}, {"sysname": "write", "xref": 1797, "ts": 0, "blob": "{'filename': u'/data/data/hcham.zhiyou.app/databases/dbp'}", "type": "SYSCALL", "id": 1960}, {"sysname": "write", "xref": 1797, "ts": 0, "blob": "{'filename': u'/data/data/hcham.zhiyou.app/databases/dbp'}", "type": "SYSCALL", "id": 1961}, {"sysname": "write", "xref": 1797, "ts": 0, "blob": "{'filename': u'/data/data/hcham.zhiyou.app/databases/dbp'}", "type": "SYSCALL", "id": 1962}, {"sysname": "write", "xref": 1797, "ts": 0, "blob": "{'filename': u'/data/data/hcham.zhiyou.app/databases/dbp'}", "type": "SYSCALL", "id": 1963}, {"sysname": "write", "xref": 1797, "ts": 0, "blob": "{'filename': u'/data/data/hcham.zhiyou.app/databases/dbp'}", "type": "SYSCALL", "id": 1964}, {"sysname": "write", "xref": 1797, "ts": 0, "blob": "{'filename': u'/data/data/hcham.zhiyou.app/databases/dbp'}", "type": "SYSCALL", "id": 1965}, {"sysname": "write", "xref": 1797, "ts": 0, "blob": "{'filename': u'/data/data/hcham.zhiyou.app/databases/dbp'}", "type": "SYSCALL", "id": 1966}, {"sysname": "write", "xref": 1797, "ts": 0, "blob": "{'filename': u'/data/data/hcham.zhiyou.app/databases/dbp'}", "type": "SYSCALL", "id": 1967}, {"sysname": "write", "xref": 1797, "ts": 0, "blob": "{'filename': u'/data/data/hcham.zhiyou.app/databases/dbp'}", "type": "SYSCALL", "id": 1968}, {"sysname": "write", "xref": 1797, "ts": 0, "blob": "{'filename': u'/data/data/hcham.zhiyou.app/databases/dbp'}", "type": "SYSCALL", "id": 1969}, {"sysname": "write", "xref": 1797, "ts": 0, "blob": "{'filename': u'/data/data/hcham.zhiyou.app/databases/dbp'}", "type": "SYSCALL", "id": 1970}, {"sysname": "write", "xref": 1797, "ts": 0, "blob": "{'filename': u'/data/data/hcham.zhiyou.app/databases/dbp'}", "type": "SYSCALL", "id": 1971}, {"sysname": "write", "xref": 1797, "ts": 0, "blob": "{'filename': u'/data/data/hcham.zhiyou.app/databases/dbp'}", "type": "SYSCALL", "id": 1972}, {"sysname": "write", "xref": 1797, "ts": 0, "blob": "{'filename': u'/data/data/hcham.zhiyou.app/databases/dbp'}", "type": "SYSCALL", "id": 1973}, {"sysname": "write", "xref": 1797, "ts": 0, "blob": "{'filename': u'/data/data/hcham.zhiyou.app/databases/dbp'}", "type": "SYSCALL", "id": 1974}, {"sysname": "write", "xref": 1797, "ts": 0, "blob": "{'filename': u'/data/data/hcham.zhiyou.app/databases/dbp'}", "type": "SYSCALL", "id": 1975}, {"sysname": "write", "xref": 1797, "ts": 0, "blob": "{'filename': u'/data/data/hcham.zhiyou.app/databases/dbp'}", "type": "SYSCALL", "id": 1976}, {"sysname": "write", "xref": 1797, "ts": 0, "blob": "{'filename': u'/data/data/hcham.zhiyou.app/databases/dbp'}", "type": "SYSCALL", "id": 1977}, {"sysname": "write", "xref": 1797, "ts": 0, "blob": "{'filename': u'/data/data/hcham.zhiyou.app/databases/dbp'}", "type": "SYSCALL", "id": 1978}, {"sysname": "write", "xref": 1797, "ts": 0, "blob": "{'filename': u'/data/data/hcham.zhiyou.app/databases/dbp'}", "type": "SYSCALL", "id": 1979}, {"sysname": "write", "xref": 1797, "ts": 0, "blob": "{'filename': u'/data/data/hcham.zhiyou.app/databases/dbp'}", "type": "SYSCALL", "id": 1980}, {"sysname": "write", "xref": 1797, "ts": 0, "blob": "{'filename': u'/data/data/hcham.zhiyou.app/databases/dbp'}", "type": "SYSCALL", "id": 1981}, {"sysname": "write", "xref": 1797, "ts": 0, "blob": "{'filename': u'/data/data/hcham.zhiyou.app/databases/dbp'}", "type": "SYSCALL", "id": 1982}, {"sysname": "write", "xref": 1797, "ts": 0, "blob": "{'filename': u'/data/data/hcham.zhiyou.app/databases/dbp'}", "type": "SYSCALL", "id": 1983}, {"sysname": "write", "xref": 1797, "ts": 0, "blob": "{'filename': u'/data/data/hcham.zhiyou.app/databases/dbp'}", "type": "SYSCALL", "id": 1984}, {"sysname": "write", "xref": 1797, "ts": 0, "blob": "{'filename': u'/data/data/hcham.zhiyou.app/databases/dbp'}", "type": "SYSCALL", "id": 1985}, {"sysname": "write", "xref": 1797, "ts": 0, "blob": "{'filename': u'/data/data/hcham.zhiyou.app/databases/dbp'}", "type": "SYSCALL", "id": 1986}, {"sysname": "write", "xref": 1797, "ts": 0, "blob": "{'filename': u'/data/data/hcham.zhiyou.app/databases/dbp'}", "type": "SYSCALL", "id": 1987}, {"sysname": "write", "xref": 1797, "ts": 0, "blob": "{'filename': u'/data/data/hcham.zhiyou.app/databases/dbp'}", "type": "SYSCALL", "id": 1988}, {"sysname": "write", "xref": 1797, "ts": 0, "blob": "{'filename': u'/data/data/hcham.zhiyou.app/databases/dbp'}", "type": "SYSCALL", "id": 1989}, {"sysname": "write", "xref": 1797, "ts": 0, "blob": "{'filename': u'/data/data/hcham.zhiyou.app/databases/dbp'}", "type": "SYSCALL", "id": 1990}, {"sysname": "write", "xref": 1797, "ts": 0, "blob": "{'filename': u'/data/data/hcham.zhiyou.app/databases/dbp'}", "type": "SYSCALL", "id": 1991}, {"sysname": "write", "xref": 1797, "ts": 0, "blob": "{'filename': u'/data/data/hcham.zhiyou.app/databases/dbp'}", "type": "SYSCALL", "id": 1992}, {"sysname": "write", "xref": 1797, "ts": 0, "blob": "{'filename': u'/data/data/hcham.zhiyou.app/databases/dbp'}", "type": "SYSCALL", "id": 1993}, {"sysname": "write", "xref": 1797, "ts": 0, "blob": "{'filename': u'/data/data/hcham.zhiyou.app/databases/dbp'}", "type": "SYSCALL", "id": 1994}, {"sysname": "write", "xref": 1797, "ts": 0, "blob": "{'filename': u'/data/data/hcham.zhiyou.app/databases/dbp'}", "type": "SYSCALL", "id": 1995}, {"sysname": "write", "xref": 1797, "ts": 0, "blob": "{'filename': u'/data/data/hcham.zhiyou.app/databases/dbp'}", "type": "SYSCALL", "id": 1996}, {"sysname": "write", "xref": 1797, "ts": 0, "blob": "{'filename': u'/data/data/hcham.zhiyou.app/databases/dbp'}", "type": "SYSCALL", "id": 1997}, {"sysname": "write", "xref": 1797, "ts": 0, "blob": "{'filename': u'/data/data/hcham.zhiyou.app/databases/dbp'}", "type": "SYSCALL", "id": 1998}, {"sysname": "write", "xref": 1797, "ts": 0, "blob": "{'filename': u'/data/data/hcham.zhiyou.app/databases/dbp'}", "type": "SYSCALL", "id": 1999}, {"sysname": "write", "xref": 1797, "ts": 0, "blob": "{'filename': u'/data/data/hcham.zhiyou.app/databases/dbp'}", "type": "SYSCALL", "id": 2000}, {"sysname": "write", "xref": 1797, "ts": 0, "blob": "{'filename': u'/data/data/hcham.zhiyou.app/databases/dbp'}", "type": "SYSCALL", "id": 2001}, {"sysname": "write", "xref": 1797, "ts": 0, "blob": "{'filename': u'/data/data/hcham.zhiyou.app/databases/dbp'}", "type": "SYSCALL", "id": 2002}, {"sysname": "write", "xref": 1797, "ts": 0, "blob": "{'filename': u'/data/data/hcham.zhiyou.app/databases/dbp'}", "type": "SYSCALL", "id": 2003}, {"sysname": "write", "xref": 1797, "ts": 0, "blob": "{'filename': u'/data/data/hcham.zhiyou.app/databases/dbp'}", "type": "SYSCALL", "id": 2004}, {"sysname": "write", "xref": 1797, "ts": 0, "blob": "{'filename': u'/data/data/hcham.zhiyou.app/databases/dbp'}", "type": "SYSCALL", "id": 2005}, {"sysname": "write", "xref": 1797, "ts": 0, "blob": "{'filename': u'/data/data/hcham.zhiyou.app/databases/dbp'}", "type": "SYSCALL", "id": 2006}, {"sysname": "write", "xref": 1797, "ts": 0, "blob": "{'filename': u'/data/data/hcham.zhiyou.app/databases/dbp'}", "type": "SYSCALL", "id": 2007}, {"sysname": "write", "xref": 1797, "ts": 0, "blob": "{'filename': u'/data/data/hcham.zhiyou.app/databases/dbp'}", "type": "SYSCALL", "id": 2008}, {"sysname": "write", "xref": 1797, "ts": 0, "blob": "{'filename': u'/data/data/hcham.zhiyou.app/databases/dbp'}", "type": "SYSCALL", "id": 2009}, {"sysname": "write", "xref": 1797, "ts": 0, "blob": "{'filename': u'/data/data/hcham.zhiyou.app/databases/dbp'}", "type": "SYSCALL", "id": 2010}, {"sysname": "write", "xref": 1797, "ts": 0, "blob": "{'filename': u'/data/data/hcham.zhiyou.app/databases/dbp'}", "type": "SYSCALL", "id": 2011}, {"sysname": "write", "xref": 1797, "ts": 0, "blob": "{'filename': u'/data/data/hcham.zhiyou.app/databases/dbp'}", "type": "SYSCALL", "id": 2012}, {"sysname": "write", "xref": 1797, "ts": 0, "blob": "{'filename': u'/data/data/hcham.zhiyou.app/databases/dbp'}", "type": "SYSCALL", "id": 2013}, {"sysname": "write", "xref": 1797, "ts": 0, "blob": "{'filename': u'/data/data/hcham.zhiyou.app/databases/dbp'}", "type": "SYSCALL", "id": 2014}, {"sysname": "write", "xref": 1797, "ts": 0, "blob": "{'filename': u'/data/data/hcham.zhiyou.app/databases/dbp'}", "type": "SYSCALL", "id": 2015}, {"sysname": "write", "xref": 1797, "ts": 0, "blob": "{'filename': u'/data/data/hcham.zhiyou.app/databases/dbp'}", "type": "SYSCALL", "id": 2016}, {"sysname": "write", "xref": 1797, "ts": 0, "blob": "{'filename': u'/data/data/hcham.zhiyou.app/databases/dbp'}", "type": "SYSCALL", "id": 2017}]}, {"tid": 318, "procname": "cham.zhiyou.app", "class": "FS ACCESS", "low": [{"sysname": "open", "blob": "{'flags': 131649, 'mode': 384, 'filename': u'/data/data/hcham.zhiyou.app/shared_prefs/0.xml\\x00'}", "type": "SYSCALL", "id": 2843, "ts": 0}, {"sysname": "write", "xref": 2843, "ts": 0, "blob": "{'filename': u'/data/data/hcham.zhiyou.app/shared_prefs/0.xml'}", "type": "SYSCALL", "id": 2844}]}, {"tid": 318, "procname": "cham.zhiyou.app", "class": "FS ACCESS", "low": [{"sysname": "open", "blob": "{'flags': 131649, 'mode': 384, 'filename': u'/data/data/hcham.zhiyou.app/shared_prefs/0.xml\\x00'}", "type": "SYSCALL", "id": 2852, "ts": 0}, {"sysname": "write", "xref": 2852, "ts": 0, "blob": "{'filename': u'/data/data/hcham.zhiyou.app/shared_prefs/0.xml'}", "type": "SYSCALL", "id": 2853}]}, {"tid": 318, "procname": "cham.zhiyou.app", "class": "FS ACCESS", "low": [{"sysname": "open", "blob": "{'flags': 131649, 'mode': 384, 'filename': u'/data/data/hcham.zhiyou.app/shared_prefs/0.xml\\x00'}", "type": "SYSCALL", "id": 2862, "ts": 0}, {"sysname": "write", "xref": 2862, "ts": 0, "blob": "{'filename': u'/data/data/hcham.zhiyou.app/shared_prefs/0.xml'}", "type": "SYSCALL", "id": 2863}]}, {"tid": 318, "procname": "cham.zhiyou.app", "class": "FS ACCESS", "low": [{"sysname": "open", "blob": "{'flags': 131649, 'mode': 384, 'filename': u'/data/data/hcham.zhiyou.app/files/anservera.db\\x00'}", "type": "SYSCALL", "id": 2883, "ts": 0}, {"sysname": "write", "xref": 2883, "ts": 0, "blob": "{'filename': u'/data/data/hcham.zhiyou.app/files/anservera.db'}", "type": "SYSCALL", "id": 2885}, {"sysname": "write", "xref": 2883, "ts": 0, "blob": "{'filename': u'/data/data/hcham.zhiyou.app/files/anservera.db'}", "type": "SYSCALL", "id": 2886}, {"sysname": "write", "xref": 2883, "ts": 0, "blob": "{'filename': u'/data/data/hcham.zhiyou.app/files/anservera.db'}", "type": "SYSCALL", "id": 2887}, {"sysname": "write", "xref": 2883, "ts": 0, "blob": "{'filename': u'/data/data/hcham.zhiyou.app/files/anservera.db'}", "type": "SYSCALL", "id": 2888}, {"sysname": "write", "xref": 2883, "ts": 0, "blob": "{'filename': u'/data/data/hcham.zhiyou.app/files/anservera.db'}", "type": "SYSCALL", "id": 2889}, {"sysname": "write", "xref": 2883, "ts": 0, "blob": "{'filename': u'/data/data/hcham.zhiyou.app/files/anservera.db'}", "type": "SYSCALL", "id": 2890}, {"sysname": "write", "xref": 2883, "ts": 0, "blob": "{'filename': u'/data/data/hcham.zhiyou.app/files/anservera.db'}", "type": "SYSCALL", "id": 2891}, {"sysname": "write", "xref": 2883, "ts": 0, "blob": "{'filename': u'/data/data/hcham.zhiyou.app/files/anservera.db'}", "type": "SYSCALL", "id": 2892}, {"sysname": "write", "xref": 2883, "ts": 0, "blob": "{'filename': u'/data/data/hcham.zhiyou.app/files/anservera.db'}", "type": "SYSCALL", "id": 2893}, {"sysname": "write", "xref": 2883, "ts": 0, "blob": "{'filename': u'/data/data/hcham.zhiyou.app/files/anservera.db'}", "type": "SYSCALL", "id": 2894}, {"sysname": "write", "xref": 2883, "ts": 0, "blob": "{'filename': u'/data/data/hcham.zhiyou.app/files/anservera.db'}", "type": "SYSCALL", "id": 2895}, {"sysname": "write", "xref": 2883, "ts": 0, "blob": "{'filename': u'/data/data/hcham.zhiyou.app/files/anservera.db'}", "type": "SYSCALL", "id": 2896}, {"sysname": "write", "xref": 2883, "ts": 0, "blob": "{'filename': u'/data/data/hcham.zhiyou.app/files/anservera.db'}", "type": "SYSCALL", "id": 2897}, {"sysname": "write", "xref": 2883, "ts": 0, "blob": "{'filename': u'/data/data/hcham.zhiyou.app/files/anservera.db'}", "type": "SYSCALL", "id": 2898}, {"sysname": "write", "xref": 2883, "ts": 0, "blob": "{'filename': u'/data/data/hcham.zhiyou.app/files/anservera.db'}", "type": "SYSCALL", "id": 2899}, {"sysname": "write", "xref": 2883, "ts": 0, "blob": "{'filename': u'/data/data/hcham.zhiyou.app/files/anservera.db'}", "type": "SYSCALL", "id": 2900}, {"sysname": "write", "xref": 2883, "ts": 0, "blob": "{'filename': u'/data/data/hcham.zhiyou.app/files/anservera.db'}", "type": "SYSCALL", "id": 2901}, {"sysname": "write", "xref": 2883, "ts": 0, "blob": "{'filename': u'/data/data/hcham.zhiyou.app/files/anservera.db'}", "type": "SYSCALL", "id": 2902}, {"sysname": "write", "xref": 2883, "ts": 0, "blob": "{'filename': u'/data/data/hcham.zhiyou.app/files/anservera.db'}", "type": "SYSCALL", "id": 2903}, {"sysname": "write", "xref": 2883, "ts": 0, "blob": "{'filename': u'/data/data/hcham.zhiyou.app/files/anservera.db'}", "type": "SYSCALL", "id": 2904}, {"sysname": "write", "xref": 2883, "ts": 0, "blob": "{'filename': u'/data/data/hcham.zhiyou.app/files/anservera.db'}", "type": "SYSCALL", "id": 2905}, {"sysname": "write", "xref": 2883, "ts": 0, "blob": "{'filename': u'/data/data/hcham.zhiyou.app/files/anservera.db'}", "type": "SYSCALL", "id": 2906}, {"sysname": "write", "xref": 2883, "ts": 0, "blob": "{'filename': u'/data/data/hcham.zhiyou.app/files/anservera.db'}", "type": "SYSCALL", "id": 2907}, {"sysname": "write", "xref": 2883, "ts": 0, "blob": "{'filename': u'/data/data/hcham.zhiyou.app/files/anservera.db'}", "type": "SYSCALL", "id": 2908}, {"sysname": "write", "xref": 2883, "ts": 0, "blob": "{'filename': u'/data/data/hcham.zhiyou.app/files/anservera.db'}", "type": "SYSCALL", "id": 2909}, {"sysname": "write", "xref": 2883, "ts": 0, "blob": "{'filename': u'/data/data/hcham.zhiyou.app/files/anservera.db'}", "type": "SYSCALL", "id": 2910}, {"sysname": "write", "xref": 2883, "ts": 0, "blob": "{'filename': u'/data/data/hcham.zhiyou.app/files/anservera.db'}", "type": "SYSCALL", "id": 2911}, {"sysname": "write", "xref": 2883, "ts": 0, "blob": "{'filename': u'/data/data/hcham.zhiyou.app/files/anservera.db'}", "type": "SYSCALL", "id": 2912}, {"sysname": "write", "xref": 2883, "ts": 0, "blob": "{'filename': u'/data/data/hcham.zhiyou.app/files/anservera.db'}", "type": "SYSCALL", "id": 2913}, {"sysname": "write", "xref": 2883, "ts": 0, "blob": "{'filename': u'/data/data/hcham.zhiyou.app/files/anservera.db'}", "type": "SYSCALL", "id": 2914}, {"sysname": "write", "xref": 2883, "ts": 0, "blob": "{'filename': u'/data/data/hcham.zhiyou.app/files/anservera.db'}", "type": "SYSCALL", "id": 2915}]}, {"tid": 318, "procname": "cham.zhiyou.app", "class": "FS ACCESS", "low": [{"sysname": "open", "blob": "{'flags': 131649, 'mode': 384, 'filename': u'/data/data/hcham.zhiyou.app/files/anserverb.db\\x00'}", "type": "SYSCALL", "id": 2921, "ts": 0}, {"sysname": "write", "xref": 2921, "ts": 0, "blob": "{'filename': u'/data/data/hcham.zhiyou.app/files/anserverb.db'}", "type": "SYSCALL", "id": 2925}, {"sysname": "write", "xref": 2921, "ts": 0, "blob": "{'filename': u'/data/data/hcham.zhiyou.app/files/anserverb.db'}", "type": "SYSCALL", "id": 2926}, {"sysname": "write", "xref": 2921, "ts": 0, "blob": "{'filename': u'/data/data/hcham.zhiyou.app/files/anserverb.db'}", "type": "SYSCALL", "id": 2927}, {"sysname": "write", "xref": 2921, "ts": 0, "blob": "{'filename': u'/data/data/hcham.zhiyou.app/files/anserverb.db'}", "type": "SYSCALL", "id": 2928}, {"sysname": "write", "xref": 2921, "ts": 0, "blob": "{'filename': u'/data/data/hcham.zhiyou.app/files/anserverb.db'}", "type": "SYSCALL", "id": 2929}, {"sysname": "write", "xref": 2921, "ts": 0, "blob": "{'filename': u'/data/data/hcham.zhiyou.app/files/anserverb.db'}", "type": "SYSCALL", "id": 2930}, {"sysname": "write", "xref": 2921, "ts": 0, "blob": "{'filename': u'/data/data/hcham.zhiyou.app/files/anserverb.db'}", "type": "SYSCALL", "id": 2931}, {"sysname": "write", "xref": 2921, "ts": 0, "blob": "{'filename': u'/data/data/hcham.zhiyou.app/files/anserverb.db'}", "type": "SYSCALL", "id": 2932}, {"sysname": "write", "xref": 2921, "ts": 0, "blob": "{'filename': u'/data/data/hcham.zhiyou.app/files/anserverb.db'}", "type": "SYSCALL", "id": 2933}, {"sysname": "write", "xref": 2921, "ts": 0, "blob": "{'filename': u'/data/data/hcham.zhiyou.app/files/anserverb.db'}", "type": "SYSCALL", "id": 2934}, {"sysname": "write", "xref": 2921, "ts": 0, "blob": "{'filename': u'/data/data/hcham.zhiyou.app/files/anserverb.db'}", "type": "SYSCALL", "id": 2935}, {"sysname": "write", "xref": 2921, "ts": 0, "blob": "{'filename': u'/data/data/hcham.zhiyou.app/files/anserverb.db'}", "type": "SYSCALL", "id": 2936}, {"sysname": "write", "xref": 2921, "ts": 0, "blob": "{'filename': u'/data/data/hcham.zhiyou.app/files/anserverb.db'}", "type": "SYSCALL", "id": 2937}, {"sysname": "write", "xref": 2921, "ts": 0, "blob": "{'filename': u'/data/data/hcham.zhiyou.app/files/anserverb.db'}", "type": "SYSCALL", "id": 2938}, {"sysname": "write", "xref": 2921, "ts": 0, "blob": "{'filename': u'/data/data/hcham.zhiyou.app/files/anserverb.db'}", "type": "SYSCALL", "id": 2939}, {"sysname": "write", "xref": 2921, "ts": 0, "blob": "{'filename': u'/data/data/hcham.zhiyou.app/files/anserverb.db'}", "type": "SYSCALL", "id": 2940}, {"sysname": "write", "xref": 2921, "ts": 0, "blob": "{'filename': u'/data/data/hcham.zhiyou.app/files/anserverb.db'}", "type": "SYSCALL", "id": 2941}, {"sysname": "write", "xref": 2921, "ts": 0, "blob": "{'filename': u'/data/data/hcham.zhiyou.app/files/anserverb.db'}", "type": "SYSCALL", "id": 2942}, {"sysname": "write", "xref": 2921, "ts": 0, "blob": "{'filename': u'/data/data/hcham.zhiyou.app/files/anserverb.db'}", "type": "SYSCALL", "id": 2943}, {"sysname": "write", "xref": 2921, "ts": 0, "blob": "{'filename': u'/data/data/hcham.zhiyou.app/files/anserverb.db'}", "type": "SYSCALL", "id": 2944}, {"sysname": "write", "xref": 2921, "ts": 0, "blob": "{'filename': u'/data/data/hcham.zhiyou.app/files/anserverb.db'}", "type": "SYSCALL", "id": 2945}, {"sysname": "write", "xref": 2921, "ts": 0, "blob": "{'filename': u'/data/data/hcham.zhiyou.app/files/anserverb.db'}", "type": "SYSCALL", "id": 2946}, {"sysname": "write", "xref": 2921, "ts": 0, "blob": "{'filename': u'/data/data/hcham.zhiyou.app/files/anserverb.db'}", "type": "SYSCALL", "id": 2947}, {"sysname": "write", "xref": 2921, "ts": 0, "blob": "{'filename': u'/data/data/hcham.zhiyou.app/files/anserverb.db'}", "type": "SYSCALL", "id": 2948}, {"sysname": "write", "xref": 2921, "ts": 0, "blob": "{'filename': u'/data/data/hcham.zhiyou.app/files/anserverb.db'}", "type": "SYSCALL", "id": 2949}, {"sysname": "write", "xref": 2921, "ts": 0, "blob": "{'filename': u'/data/data/hcham.zhiyou.app/files/anserverb.db'}", "type": "SYSCALL", "id": 2955}, {"sysname": "write", "xref": 2921, "ts": 0, "blob": "{'filename': u'/data/data/hcham.zhiyou.app/files/anserverb.db'}", "type": "SYSCALL", "id": 2956}]}, {"tid": 318, "procname": "cham.zhiyou.app", "class": "FS ACCESS", "low": [{"sysname": "open", "blob": "{'flags': 131649, 'mode': 384, 'filename': u'/data/data/hcham.zhiyou.app/shared_prefs/0.xml\\x00'}", "type": "SYSCALL", "id": 2967, "ts": 0}, {"sysname": "write", "xref": 2967, "ts": 0, "blob": "{'filename': u'/data/data/hcham.zhiyou.app/shared_prefs/0.xml'}", "type": "SYSCALL", "id": 2968}]}, {"tid": 318, "procname": "cham.zhiyou.app", "class": "FS ACCESS", "low": [{"sysname": "open", "blob": "{'flags': 131649, 'mode': 384, 'filename': u'/data/data/hcham.zhiyou.app/shared_prefs/0.xml\\x00'}", "type": "SYSCALL", "id": 2977, "ts": 0}, {"sysname": "write", "xref": 2977, "ts": 0, "blob": "{'filename': u'/data/data/hcham.zhiyou.app/shared_prefs/0.xml'}", "type": "SYSCALL", "id": 2978}]}, {"tid": 77, "procname": "ActivityManager", "class": "ACCESS PERSONAL INFO", "subclass": "SMS", "low": [{"recv by": "hcham.zhiyou.app", "intent": "android.provider.Telephony.SMS_RECEIVED", "type": "INTENT", "id": 3268, "ts": 0}]}, {"tid": 330, "procname": "dexopt", "class": "FS ACCESS", "low": [{"sysname": "open", "blob": "{'flags': 131138, 'mode': 420, 'filename': u'/data/data/hcham.zhiyou.app/files/anserverb.dex\\x00'}", "type": "SYSCALL", "id": 3429, "ts": 0}, {"sysname": "write", "xref": 3429, "ts": 0, "blob": "{'filename': u'/data/data/hcham.zhiyou.app/files/anserverb.dex'}", "type": "SYSCALL", "id": 3433}, {"sysname": "write", "xref": 3429, "ts": 0, "blob": "{'filename': u'/data/data/hcham.zhiyou.app/files/anserverb.dex'}", "type": "SYSCALL", "id": 3438}, {"sysname": "write", "xref": 3429, "ts": 0, "blob": "{'filename': u'/data/data/hcham.zhiyou.app/files/anserverb.dex'}", "type": "SYSCALL", "id": 3439}, {"sysname": "write", "xref": 3429, "ts": 0, "blob": "{'filename': u'/data/data/hcham.zhiyou.app/files/anserverb.dex'}", "type": "SYSCALL", "id": 4021}, {"sysname": "write", "xref": 3429, "ts": 0, "blob": "{'filename': u'/data/data/hcham.zhiyou.app/files/anserverb.dex'}", "type": "SYSCALL", "id": 4024}, {"sysname": "write", "xref": 3429, "ts": 0, "blob": "{'filename': u'/data/data/hcham.zhiyou.app/files/anserverb.dex'}", "type": "SYSCALL", "id": 4025}, {"sysname": "write", "xref": 3429, "ts": 0, "blob": "{'filename': u'/data/data/hcham.zhiyou.app/files/anserverb.dex'}", "type": "SYSCALL", "id": 4026}, {"sysname": "write", "xref": 3429, "ts": 0, "blob": "{'filename': u'/data/data/hcham.zhiyou.app/files/anserverb.dex'}", "type": "SYSCALL", "id": 4031}]}, {"tid": 330, "procname": "cham.zhiyou.app", "class": "EXECUTE", "low": [{"sysname": "execve", "blob": {"executed_file": "/system/bin/dexopt", "args": "[]", "retval": 0}, "type": "SYSCALL", "id": 3451, "ts": 0}]}, {"tid": 318, "procname": "cham.zhiyou.app", "class": "FS ACCESS", "low": [{"sysname": "open", "blob": "{'flags': 131649, 'mode': 384, 'filename': u'/data/data/hcham.zhiyou.app/shared_prefs/0.xml\\x00'}", "type": "SYSCALL", "id": 4067, "ts": 0}, {"sysname": "write", "xref": 4067, "ts": 0, "blob": "{'filename': u'/data/data/hcham.zhiyou.app/shared_prefs/0.xml'}", "type": "SYSCALL", "id": 4070}]}, {"tid": 318, "procname": "cham.zhiyou.app", "class": "FS ACCESS", "low": [{"sysname": "open", "blob": "{'flags': 131649, 'mode': 384, 'filename': u'/data/data/hcham.zhiyou.app/shared_prefs/0.xml\\x00'}", "type": "SYSCALL", "id": 4079, "ts": 0}, {"sysname": "write", "xref": 4079, "ts": 0, "blob": "{'filename': u'/data/data/hcham.zhiyou.app/shared_prefs/0.xml'}", "type": "SYSCALL", "id": 4080}]}, {"tid": 318, "procname": "cham.zhiyou.app", "class": "FS ACCESS", "low": [{"sysname": "open", "blob": "{'flags': 131649, 'mode': 384, 'filename': u'/data/data/hcham.zhiyou.app/shared_prefs/11.xml\\x00'}", "type": "SYSCALL", "id": 4087, "ts": 0}, {"sysname": "write", "xref": 4087, "ts": 0, "blob": "{'filename': u'/data/data/hcham.zhiyou.app/shared_prefs/11.xml'}", "type": "SYSCALL", "id": 4093}]}, {"tid": 117, "procname": "Binder Thread #", "class": "ACCESS PERSONAL INFO", "subclass": "SMS", "low": [{"recv by": "hcham.zhiyou.app", "intent": "android.provider.Telephony.SMS_RECEIVED", "type": "INTENT", "id": 4106, "ts": 0}]}, {"tid": 333, "procname": "Thread-13", "class": "ACCESS PERSONAL INFO", "subclass": "PHONE", "low": [{"method_name": "com.android.internal.telephony.IPhoneSubInfo.getSubscriberId()()", "type": "BINDER", "id": 4729, "ts": 0}]}, {"tid": 333, "procname": "Thread-13", "class": "ACCESS PERSONAL INFO", "subclass": "PHONE", "low": [{"method_name": "com.android.internal.telephony.IPhoneSubInfo.getDeviceId()()", "type": "BINDER", "id": 4796, "ts": 0}]}, {"tid": 333, "procname": "Thread-13", "class": "FS ACCESS", "low": [{"sysname": "open", "blob": "{'flags': 131649, 'mode': 384, 'filename': u'/data/data/hcham.zhiyou.app/shared_prefs/0.xml\\x00'}", "type": "SYSCALL", "id": 4824, "ts": 0}, {"sysname": "write", "xref": 4824, "ts": 0, "blob": "{'filename': u'/data/data/hcham.zhiyou.app/shared_prefs/0.xml'}", "type": "SYSCALL", "id": 4846}]}, {"tid": 333, "procname": "Thread-13", "class": "NETWORK ACCESS", "subclass": "DNS", "low": [{"sysname": "connect", "blob": "{'host': '10.0.2.3', 'retval': 0, 'port': 53}", "type": "SYSCALL", "id": 5901, "ts": 0}, {"sysname": "sendto", "xref": 5901, "ts": 0, "blob": "{'query_data': 'b4.cookier.co.cc. 1 1'}", "type": "SYSCALL", "id": 5902}]}, {"tid": 333, "procname": "Thread-13", "class": "NETWORK ACCESS", "low": [{"sysname": "connect", "blob": "{'host': '::ffff:10.10.10.10', 'retval': -115, 'port': 8080}", "type": "SYSCALL", "id": 5930, "ts": 0}]}, {"tid": 335, "procname": "dexopt", "class": "FS ACCESS", "low": [{"sysname": "open", "blob": "{'flags': 131138, 'mode': 420, 'filename': u'/data/data/hcham.zhiyou.app/files/hcham.zhiyou.app-1.dex\\x00'}", "type": "SYSCALL", "id": 6971, "ts": 0}, {"sysname": "write", "xref": 6971, "ts": 0, "blob": "{'filename': u'/data/data/hcham.zhiyou.app/files/hcham.zhiyou.app-1.dex'}", "type": "SYSCALL", "id": 6975}, {"sysname": "write", "xref": 6971, "ts": 0, "blob": "{'filename': u'/data/data/hcham.zhiyou.app/files/hcham.zhiyou.app-1.dex'}", "type": "SYSCALL", "id": 6980}, {"sysname": "write", "xref": 6971, "ts": 0, "blob": "{'filename': u'/data/data/hcham.zhiyou.app/files/hcham.zhiyou.app-1.dex'}", "type": "SYSCALL", "id": 6981}, {"sysname": "write", "xref": 6971, "ts": 0, "blob": "{'filename': u'/data/data/hcham.zhiyou.app/files/hcham.zhiyou.app-1.dex'}", "type": "SYSCALL", "id": 6982}, {"sysname": "write", "xref": 6971, "ts": 0, "blob": "{'filename': u'/data/data/hcham.zhiyou.app/files/hcham.zhiyou.app-1.dex'}", "type": "SYSCALL", "id": 6983}, {"sysname": "write", "xref": 6971, "ts": 0, "blob": "{'filename': u'/data/data/hcham.zhiyou.app/files/hcham.zhiyou.app-1.dex'}", "type": "SYSCALL", "id": 7687}, {"sysname": "write", "xref": 6971, "ts": 0, "blob": "{'filename': u'/data/data/hcham.zhiyou.app/files/hcham.zhiyou.app-1.dex'}", "type": "SYSCALL", "id": 7690}, {"sysname": "write", "xref": 6971, "ts": 0, "blob": "{'filename': u'/data/data/hcham.zhiyou.app/files/hcham.zhiyou.app-1.dex'}", "type": "SYSCALL", "id": 7691}, {"sysname": "write", "xref": 6971, "ts": 0, "blob": "{'filename': u'/data/data/hcham.zhiyou.app/files/hcham.zhiyou.app-1.dex'}", "type": "SYSCALL", "id": 7692}, {"sysname": "write", "xref": 6971, "ts": 0, "blob": "{'filename': u'/data/data/hcham.zhiyou.app/files/hcham.zhiyou.app-1.dex'}", "type": "SYSCALL", "id": 7697}]}, {"tid": 335, "procname": "cham.zhiyou.app", "class": "EXECUTE", "low": [{"sysname": "execve", "blob": {"executed_file": "/system/bin/dexopt", "args": "[]", "retval": 0}, "type": "SYSCALL", "id": 6997, "ts": 0}]}, {"tid": 333, "procname": "Thread-13", "class": "FS ACCESS", "low": [{"sysname": "open", "blob": "{'flags': 131649, 'mode': 384, 'filename': u'/data/data/hcham.zhiyou.app/shared_prefs/11.xml\\x00'}", "type": "SYSCALL", "id": 7233, "ts": 0}, {"sysname": "write", "xref": 7233, "ts": 0, "blob": "{'filename': u'/data/data/hcham.zhiyou.app/shared_prefs/11.xml'}", "type": "SYSCALL", "id": 7284}]}, {"tid": 333, "procname": "Thread-13", "class": "FS ACCESS", "low": [{"sysname": "open", "blob": "{'flags': 131649, 'mode': 384, 'filename': u'/data/data/hcham.zhiyou.app/shared_prefs/11.xml\\x00'}", "type": "SYSCALL", "id": 7354, "ts": 0}, {"sysname": "write", "xref": 7354, "ts": 0, "blob": "{'filename': u'/data/data/hcham.zhiyou.app/shared_prefs/11.xml'}", "type": "SYSCALL", "id": 7391}]}, {"tid": 333, "procname": "Thread-13", "class": "FS ACCESS", "low": [{"sysname": "open", "blob": "{'flags': 131649, 'mode': 384, 'filename': u'/data/data/hcham.zhiyou.app/shared_prefs/11.xml\\x00'}", "type": "SYSCALL", "id": 7440, "ts": 0}, {"sysname": "write", "xref": 7440, "ts": 0, "blob": "{'filename': u'/data/data/hcham.zhiyou.app/shared_prefs/11.xml'}", "type": "SYSCALL", "id": 7494}]}, {"tid": 337, "procname": "Thread-16", "class": "NETWORK ACCESS", "low": [{"sysname": "connect", "blob": "{'host': '::ffff:10.10.10.10', 'retval': -115, 'port': 8080}", "type": "SYSCALL", "id": 8687, "ts": 0}]}, {"tid": 327, "procname": "AsyncTask #3", "class": "NETWORK ACCESS", "subclass": "DNS", "low": [{"sysname": "connect", "blob": "{'host': '10.0.2.3', 'retval': 0, 'port': 53}", "type": "SYSCALL", "id": 9244, "ts": 0}, {"sysname": "sendto", "xref": 9244, "ts": 0, "blob": "{'query_data': 'www.83k.com. 1 1'}", "type": "SYSCALL", "id": 9245}]}, {"tid": 337, "procname": "Thread-16", "class": "FS ACCESS", "low": [{"sysname": "open", "blob": "{'flags': 131649, 'mode': 384, 'filename': u'/data/data/hcham.zhiyou.app/shared_prefs/11.xml\\x00'}", "type": "SYSCALL", "id": 9973, "ts": 0}, {"sysname": "write", "xref": 9973, "ts": 0, "blob": "{'filename': u'/data/data/hcham.zhiyou.app/shared_prefs/11.xml'}", "type": "SYSCALL", "id": 9987}]}, {"tid": 338, "procname": "cham.zhiyou.app", "class": "EXECUTE", "low": [{"sysname": "execve", "blob": {"executed_file": "/system/bin/sh", "args": "[]", "retval": 0}, "type": "SYSCALL", "id": 10147, "ts": 0}]}, {"tid": 327, "procname": "AsyncTask #3", "class": "NETWORK ACCESS", "subclass": "HTTP", "low": [{"sysname": "connect", "blob": "{'host': '::ffff:174.139.1.91', 'retval': -115, 'port': 80}", "type": "SYSCALL", "id": 10591, "ts": 0}, {"sysname": "sendto", "xref": 10591, "ts": 0, "blob": "=GET+%2FBook%2F3651%2FXml.aspx+HTTP%2F1.1%0D%0AHost%3A+www.83k.com%0D%0AUser-Agent%3A+Mozilla%2F4.0%28compatible%3BMSIE+6.0%3BWindows+2000%29%0D%0AConnection%3A+Keep-Alive%0D%0A", "type": "SYSCALL", "id": 13037}]}, {"tid": 318, "procname": "cham.zhiyou.app", "class": "FS ACCESS", "low": [{"sysname": "open", "blob": "{'flags': 131649, 'mode': 384, 'filename': u'/data/data/hcham.zhiyou.app/shared_prefs/0.xml\\x00'}", "type": "SYSCALL", "id": 10731, "ts": 0}, {"sysname": "write", "xref": 10731, "ts": 0, "blob": "{'filename': u'/data/data/hcham.zhiyou.app/shared_prefs/0.xml'}", "type": "SYSCALL", "id": 10755}]}, {"tid": 339, "procname": "Thread-17", "class": "FS ACCESS", "low": [{"sysname": "open", "blob": "{'flags': 131649, 'mode': 384, 'filename': u'/data/data/hcham.zhiyou.app/shared_prefs/210.xml\\x00'}", "type": "SYSCALL", "id": 10735, "ts": 0}, {"sysname": "write", "xref": 10735, "ts": 0, "blob": "{'filename': u'/data/data/hcham.zhiyou.app/shared_prefs/210.xml'}", "type": "SYSCALL", "id": 10748}]}, {"tid": 339, "procname": "Thread-17", "class": "FS ACCESS", "low": [{"sysname": "open", "blob": "{'flags': 131649, 'mode': 384, 'filename': u'/data/data/hcham.zhiyou.app/shared_prefs/210.xml\\x00'}", "type": "SYSCALL", "id": 10763, "ts": 0}, {"sysname": "write", "xref": 10763, "ts": 0, "blob": "{'filename': u'/data/data/hcham.zhiyou.app/shared_prefs/210.xml'}", "type": "SYSCALL", "id": 10780}]}, {"tid": 339, "procname": "Thread-17", "class": "FS ACCESS", "low": [{"sysname": "open", "blob": "{'flags': 131649, 'mode': 384, 'filename': u'/data/data/hcham.zhiyou.app/shared_prefs/210.xml\\x00'}", "type": "SYSCALL", "id": 10790, "ts": 0}, {"sysname": "write", "xref": 10790, "ts": 0, "blob": "{'filename': u'/data/data/hcham.zhiyou.app/shared_prefs/210.xml'}", "type": "SYSCALL", "id": 10791}]}, {"tid": 340, "procname": "Thread-18", "class": "ACCESS PERSONAL INFO", "subclass": "PHONE", "low": [{"method_name": "com.android.internal.telephony.IPhoneSubInfo.getSubscriberId()()", "type": "BINDER", "id": 10918, "ts": 0}]}, {"tid": 341, "procname": "cham.zhiyou.app", "class": "EXECUTE", "low": [{"sysname": "execve", "blob": {"executed_file": "/system/bin/sh", "args": "[]", "retval": 0}, "type": "SYSCALL", "id": 11352, "ts": 0}]}, {"tid": 340, "procname": "Thread-18", "class": "NETWORK ACCESS", "low": [{"sysname": "connect", "blob": "{'host': '::ffff:10.10.10.10', 'retval': -115, 'port': 8080}", "type": "SYSCALL", "id": 11677, "ts": 0}]}, {"tid": 318, "procname": "cham.zhiyou.app", "class": "FS ACCESS", "low": [{"sysname": "open", "blob": "{'flags': 131649, 'mode': 384, 'filename': u'/data/data/hcham.zhiyou.app/shared_prefs/210.xml\\x00'}", "type": "SYSCALL", "id": 12020, "ts": 0}, {"sysname": "write", "xref": 12020, "ts": 0, "blob": "{'filename': u'/data/data/hcham.zhiyou.app/shared_prefs/210.xml'}", "type": "SYSCALL", "id": 12044}]}, {"tid": 318, "procname": "cham.zhiyou.app", "class": "FS ACCESS", "low": [{"sysname": "open", "blob": "{'flags': 131649, 'mode': 384, 'filename': u'/data/data/hcham.zhiyou.app/shared_prefs/0.xml\\x00'}", "type": "SYSCALL", "id": 12054, "ts": 0}, {"sysname": "write", "xref": 12054, "ts": 0, "blob": "{'filename': u'/data/data/hcham.zhiyou.app/shared_prefs/0.xml'}", "type": "SYSCALL", "id": 12056}]}, {"tid": 342, "procname": "cham.zhiyou.app", "class": "EXECUTE", "low": [{"sysname": "execve", "blob": {"executed_file": "/system/bin/sh", "args": "[]", "retval": 0}, "type": "SYSCALL", "id": 12097, "ts": 0}]}, {"tid": 318, "procname": "cham.zhiyou.app", "class": "FS ACCESS", "low": [{"sysname": "open", "blob": "{'flags': 131649, 'mode': 384, 'filename': u'/data/data/hcham.zhiyou.app/shared_prefs/0.xml\\x00'}", "type": "SYSCALL", "id": 12746, "ts": 0}, {"sysname": "write", "xref": 12746, "ts": 0, "blob": "{'filename': u'/data/data/hcham.zhiyou.app/shared_prefs/0.xml'}", "type": "SYSCALL", "id": 12750}]}, {"tid": 343, "procname": "cham.zhiyou.app", "class": "EXECUTE", "low": [{"sysname": "execve", "blob": {"executed_file": "/system/bin/sh", "args": "[]", "retval": 0}, "type": "SYSCALL", "id": 12856, "ts": 0}]}, {"tid": 340, "procname": "Thread-18", "class": "FS ACCESS", "low": [{"sysname": "open", "blob": "{'flags': 131649, 'mode': 384, 'filename': u'/data/data/hcham.zhiyou.app/shared_prefs/21.xml\\x00'}", "type": "SYSCALL", "id": 12988, "ts": 0}, {"sysname": "write", "xref": 12988, "ts": 0, "blob": "{'filename': u'/data/data/hcham.zhiyou.app/shared_prefs/21.xml'}", "type": "SYSCALL", "id": 13002}]}, {"tid": 340, "procname": "Thread-18", "class": "FS ACCESS", "low": [{"sysname": "open", "blob": "{'flags': 131649, 'mode': 384, 'filename': u'/data/data/hcham.zhiyou.app/shared_prefs/21.xml\\x00'}", "type": "SYSCALL", "id": 13024, "ts": 0}, {"sysname": "write", "xref": 13024, "ts": 0, "blob": "{'filename': u'/data/data/hcham.zhiyou.app/shared_prefs/21.xml'}", "type": "SYSCALL", "id": 13098}]}, {"tid": 340, "procname": "Thread-18", "class": "FS ACCESS", "low": [{"sysname": "open", "blob": "{'flags': 131649, 'mode': 384, 'filename': u'/data/data/hcham.zhiyou.app/shared_prefs/210.xml\\x00'}", "type": "SYSCALL", "id": 13148, "ts": 0}, {"sysname": "write", "xref": 13148, "ts": 0, "blob": "{'filename': u'/data/data/hcham.zhiyou.app/shared_prefs/210.xml'}", "type": "SYSCALL", "id": 13175}]}, {"tid": 318, "procname": "cham.zhiyou.app", "class": "FS ACCESS", "low": [{"sysname": "open", "blob": "{'flags': 131649, 'mode': 384, 'filename': u'/data/data/hcham.zhiyou.app/shared_prefs/0.xml\\x00'}", "type": "SYSCALL", "id": 13904, "ts": 0}, {"sysname": "write", "xref": 13904, "ts": 0, "blob": "{'filename': u'/data/data/hcham.zhiyou.app/shared_prefs/0.xml'}", "type": "SYSCALL", "id": 13905}]}, {"tid": 325, "procname": "AsyncTask #2", "class": "NETWORK ACCESS", "subclass": "DNS", "low": [{"sysname": "connect", "blob": "{'host': '10.0.2.3', 'retval': 0, 'port': 53}", "type": "SYSCALL", "id": 14386, "ts": 0}, {"sysname": "sendto", "xref": 14386, "ts": 0, "blob": "{'query_data': 'app.dwap.com. 1 1'}", "type": "SYSCALL", "id": 14387}]}, {"tid": 328, "procname": "AsyncTask #4", "class": "NETWORK ACCESS", "subclass": "DNS", "low": [{"sysname": "connect", "blob": "{'host': '10.0.2.3', 'retval': 0, 'port': 53}", "type": "SYSCALL", "id": 14511, "ts": 0}, {"sysname": "sendto", "xref": 14511, "ts": 0, "blob": "{'query_data': 'app.dwap.com. 1 1'}", "type": "SYSCALL", "id": 14512}]}, {"tid": 324, "procname": "AsyncTask #1", "class": "NETWORK ACCESS", "subclass": "DNS", "low": [{"sysname": "connect", "blob": "{'host': '10.0.2.3', 'retval': 0, 'port': 53}", "type": "SYSCALL", "id": 14536, "ts": 0}, {"sysname": "sendto", "xref": 14536, "ts": 0, "blob": "{'query_data': 'app.dwap.com. 1 1'}", "type": "SYSCALL", "id": 14537}]}, {"tid": 325, "procname": "AsyncTask #2", "class": "NETWORK ACCESS", "low": [{"sysname": "connect", "blob": "{'host': '::ffff:219.234.85.211', 'retval': -115, 'port': 8000}", "type": "SYSCALL", "id": 14859, "ts": 0}]}, {"tid": 328, "procname": "AsyncTask #4", "class": "NETWORK ACCESS", "low": [{"sysname": "connect", "blob": "{'host': '::ffff:219.234.85.211', 'retval': -115, 'port': 8000}", "type": "SYSCALL", "id": 14880, "ts": 0}]}, {"tid": 324, "procname": "AsyncTask #1", "class": "NETWORK ACCESS", "low": [{"sysname": "connect", "blob": "{'host': '::ffff:219.234.85.211', 'retval': -115, 'port': 8000}", "type": "SYSCALL", "id": 15025, "ts": 0}]}, {"tid": 345, "procname": "d.process.acore", "class": "ACCESS PERSONAL INFO", "subclass": "ACCOUNT", "low": [{"method_name": "android.accounts.IAccountManager.TRANSACTION_getAccounts()", "type": "BINDER", "id": 16504, "ts": 0}]}]}}, "userid": "joystick", "country": "UNAVAILABLE", "date_end": "N/A", "date_start": "N/A", "date_submitted": "2012-11-19 17:42:04", "static": "/copperdroid/reports//AnserverBot_genome_stimulated/f9bb3fc540b5e45ea9346d267455e1487644e1dc.apk.log", "submitter_ip": "127.0.0.1", "pcap": "/copperdroid/reports//AnserverBot_genome_stimulated/f9bb3fc540b5e45ea9346d267455e1487644e1dc.apk.pcap", "md5": "d7976ac1c02ffc85442cb6fc93bfbb66"}